鬠ｿtrade_date,ts_code,name,level,open,low,high,close,change,pct_change,vol,amount,pe,pb,float_mv,total_mv
2023-01-03,801194.SI,菫晞勦竇｡,L2,1006.24,991.38,1018.28,1013.4,-0.19,-0.02,21783.0,491258.0,10.27,1.13,59398000.0,175813000.0
2023-01-04,801194.SI,菫晞勦竇｡,L2,1017.43,1014.94,1045.2,1042.89,29.48,2.91,23772.0,645787.0,10.57,1.16,61126200.0,180542000.0
2023-01-05,801194.SI,菫晞勦竇｡,L2,1055.14,1042.34,1064.41,1051.78,8.89,0.85,21729.0,607113.0,10.66,1.17,61647500.0,181729000.0
2023-01-06,801194.SI,菫晞勦竇｡,L2,1061.07,1049.39,1067.85,1062.05,10.27,0.98,18386.0,558466.0,10.76,1.18,62249200.0,180536000.0
2023-01-09,801194.SI,菫晞勦竇｡,L2,1068.06,1059.17,1084.57,1082.83,20.79,1.96,20375.0,618615.0,10.97,1.21,63467600.0,182699000.0
2023-01-10,801194.SI,菫晞勦竇｡,L2,1082.56,1046.79,1083.02,1048.82,-34.02,-3.14,19942.0,609318.0,10.63,1.17,61473900.0,177896000.0
2023-01-11,801194.SI,菫晞勦竇｡,L2,1054.58,1052.58,1086.51,1078.95,30.13,2.87,22482.0,693648.0,10.93,1.2,63239800.0,181873000.0
2023-01-12,801194.SI,菫晞勦竇｡,L2,1083.73,1072.01,1087.94,1083.56,4.61,0.43,15265.0,448120.0,10.98,1.21,63510200.0,182545000.0
2023-01-13,801194.SI,菫晞勦竇｡,L2,1088.61,1084.07,1114.31,1114.1,30.54,2.82,24789.0,678808.0,11.29,1.24,65300100.0,187312000.0
2023-01-16,801194.SI,菫晞勦竇｡,L2,1116.77,1097.07,1136.48,1108.33,-5.77,-0.52,36474.0,968416.0,11.23,1.23,64961800.0,185581000.0
2023-01-17,801194.SI,菫晞勦竇｡,L2,1106.0,1080.88,1108.08,1093.34,-14.99,-1.35,21701.0,581485.0,11.08,1.22,64083400.0,181560000.0
2023-01-18,801194.SI,菫晞勦竇｡,L2,1091.99,1084.67,1100.81,1093.78,0.44,0.04,14209.0,367283.0,11.08,1.22,64109200.0,181657000.0
2023-01-19,801194.SI,菫晞勦竇｡,L2,1090.81,1084.37,1100.51,1098.2,4.42,0.4,15101.0,404582.0,11.13,1.22,64368400.0,181766000.0
2023-01-20,801194.SI,菫晞勦竇｡,L2,1103.56,1091.87,1109.79,1105.08,6.88,0.63,16762.0,434062.0,11.2,1.23,64771700.0,182850000.0
2023-01-30,801194.SI,菫晞勦竇｡,L2,1134.36,1087.3,1135.74,1088.58,-16.5,-1.49,27920.0,756805.0,11.03,1.21,63804300.0,178615000.0
2023-01-31,801194.SI,菫晞勦竇｡,L2,1094.18,1073.79,1105.45,1076.71,-11.87,-1.09,21213.0,553624.0,10.91,1.2,63108700.0,175914000.0
2023-02-01,801194.SI,菫晞勦竇｡,L2,1086.73,1064.33,1091.2,1083.55,6.84,0.64,19468.0,493033.0,10.98,1.21,63509800.0,176459000.0
2023-02-02,801194.SI,菫晞勦竇｡,L2,1087.93,1064.58,1089.15,1073.83,-9.72,-0.9,18858.0,510492.0,10.88,1.2,62940100.0,175421000.0
2023-02-03,801194.SI,菫晞勦竇｡,L2,1067.7,1036.89,1068.73,1050.61,-23.23,-2.16,22281.0,640735.0,10.65,1.17,61578800.0,172561000.0
2023-02-06,801194.SI,菫晞勦竇｡,L2,1035.65,1015.3,1038.67,1026.18,-24.43,-2.33,21206.0,620009.0,10.4,1.14,60147000.0,170528000.0
2023-02-07,801194.SI,菫晞勦竇｡,L2,1032.52,1025.19,1039.93,1035.41,9.23,0.9,15371.0,394345.0,10.49,1.15,60687900.0,171598000.0
2023-02-08,801194.SI,菫晞勦竇｡,L2,1036.18,1028.61,1046.85,1032.31,-3.1,-0.3,12600.0,298182.0,10.46,1.15,60506100.0,170921000.0
2023-02-09,801194.SI,菫晞勦竇｡,L2,1031.65,1029.68,1056.59,1052.05,19.74,1.91,19230.0,488323.0,10.66,1.17,61663300.0,174557000.0
2023-02-10,801194.SI,菫晞勦竇｡,L2,1053.81,1043.84,1056.84,1051.11,-0.94,-0.09,18500.0,293572.0,10.65,1.17,61608100.0,174426000.0
2023-02-13,801194.SI,菫晞勦竇｡,L2,1048.53,1029.35,1056.0,1053.98,2.87,0.27,19647.0,461137.0,10.68,1.17,61776200.0,175800000.0
2023-02-14,801194.SI,菫晞勦竇｡,L2,1054.36,1050.73,1069.48,1069.09,15.11,1.43,15551.0,373433.0,10.83,1.19,62661900.0,178537000.0
2023-02-15,801194.SI,菫晞勦竇｡,L2,1066.96,1045.58,1069.94,1049.89,-19.2,-1.8,13928.0,354565.0,10.64,1.17,61536700.0,175933000.0
2023-02-16,801194.SI,菫晞勦竇｡,L2,1053.56,1048.91,1074.04,1053.36,3.47,0.33,22025.0,485784.0,10.67,1.17,61740300.0,175437000.0
2023-02-17,801194.SI,菫晞勦竇｡,L2,1051.94,1042.6,1068.56,1045.71,-7.66,-0.73,18999.0,365492.0,10.6,1.16,61291600.0,174673000.0
2023-02-20,801194.SI,菫晞勦竇｡,L2,1047.49,1045.47,1077.34,1076.18,30.48,2.91,25698.0,609139.0,10.91,1.2,63077800.0,181459000.0
2023-02-21,801194.SI,菫晞勦竇｡,L2,1074.03,1064.51,1079.52,1077.13,0.95,0.09,15364.0,353189.0,10.92,1.2,63133500.0,181499000.0
2023-02-22,801194.SI,菫晞勦竇｡,L2,1067.14,1058.91,1076.55,1061.11,-16.02,-1.49,12610.0,339807.0,10.75,1.18,62194400.0,179446000.0
2023-02-23,801194.SI,菫晞勦竇｡,L2,1057.18,1052.81,1073.52,1056.8,-4.31,-0.41,11950.0,312107.0,10.71,1.18,61941700.0,179037000.0
2023-02-24,801194.SI,菫晞勦竇｡,L2,1055.08,1038.91,1057.96,1041.45,-15.35,-1.45,12775.0,344314.0,10.55,1.16,61042000.0,177029000.0
2023-02-27,801194.SI,菫晞勦竇｡,L2,1038.11,1031.69,1046.23,1033.98,-7.46,-0.72,12757.0,340693.0,10.48,1.15,60604400.0,176601000.0
2023-02-28,801194.SI,菫晞勦竇｡,L2,1037.3,1027.69,1044.74,1042.43,8.44,0.82,14323.0,314360.0,10.56,1.16,61099200.0,177785000.0
2023-03-01,801194.SI,菫晞勦竇｡,L2,1039.35,1037.91,1080.69,1080.28,37.85,3.63,23624.0,600870.0,10.95,1.2,63317700.0,183841000.0
2023-03-02,801194.SI,菫晞勦竇｡,L2,1078.05,1073.31,1089.76,1083.75,3.48,0.32,15649.0,322520.0,10.98,1.21,63521500.0,184065000.0
2023-03-03,801194.SI,菫晞勦竇｡,L2,1089.52,1075.69,1095.27,1084.38,0.63,0.06,15190.0,282218.0,10.99,1.21,63558400.0,184002000.0
2023-03-06,801194.SI,菫晞勦竇｡,L2,1079.09,1047.31,1082.97,1051.7,-32.69,-3.01,23215.0,573950.0,10.66,1.17,61642500.0,179488000.0
2023-03-07,801194.SI,菫晞勦竇｡,L2,1051.66,1032.98,1065.9,1036.27,-15.43,-1.47,23544.0,489937.0,10.5,1.15,60738400.0,177075000.0
2023-03-08,801194.SI,菫晞勦竇｡,L2,1029.78,1016.61,1031.56,1022.79,-13.48,-1.3,15633.0,392250.0,10.36,1.14,59948100.0,174995000.0
2023-03-09,801194.SI,菫晞勦竇｡,L2,1025.82,1006.16,1026.56,1011.37,-11.42,-1.12,13574.0,365015.0,10.25,1.13,59278900.0,173719000.0
2023-03-10,801194.SI,菫晞勦竇｡,L2,999.61,995.67,1011.69,996.17,-15.2,-1.5,15350.0,373728.0,10.09,1.11,58388100.0,171314000.0
2023-03-13,801194.SI,菫晞勦竇｡,L2,996.73,994.53,1015.05,1009.27,13.1,1.31,14555.0,323783.0,10.23,1.12,59155900.0,173997000.0
2023-03-14,801194.SI,菫晞勦竇｡,L2,1002.77,982.27,1003.82,985.18,-24.09,-2.39,16608.0,390788.0,9.98,1.1,57743600.0,169077000.0
2023-03-15,801194.SI,菫晞勦竇｡,L2,996.88,991.12,1009.42,995.8,10.62,1.08,15450.0,324087.0,10.09,1.11,58366300.0,171051000.0
2023-03-16,801194.SI,菫晞勦竇｡,L2,976.46,972.0,993.71,980.67,-15.13,-1.52,19917.0,478560.0,11.15,1.07,57479500.0,168254000.0
2023-03-17,801194.SI,菫晞勦竇｡,L2,992.21,991.49,1020.63,1002.46,21.79,2.22,30927.0,678571.0,11.39,1.1,58756800.0,172065000.0
2023-03-20,801194.SI,菫晞勦竇｡,L2,999.0,990.36,1015.77,993.09,-9.37,-0.94,23458.0,544009.0,11.29,1.09,58207300.0,171166000.0
2023-03-21,801194.SI,菫晞勦竇｡,L2,998.54,991.91,1010.89,997.34,4.26,0.43,21809.0,414702.0,11.34,1.09,58456800.0,171198000.0
2023-03-22,801194.SI,菫晞勦竇｡,L2,1002.18,998.52,1012.33,1004.15,6.81,0.68,20234.0,430543.0,11.41,1.1,58856000.0,171153000.0
2023-03-23,801194.SI,菫晞勦竇｡,L2,1000.83,998.77,1015.9,1015.05,10.9,1.09,17474.0,419970.0,11.54,1.11,59494700.0,173524000.0
2023-03-24,801194.SI,菫晞勦竇｡,L2,1012.94,994.84,1013.73,998.39,-16.66,-1.64,16935.0,369844.0,11.35,1.09,58518100.0,170293000.0
2023-03-27,801194.SI,菫晞勦竇｡,L2,998.7,977.79,1002.22,993.01,-5.38,-0.54,23820.0,450992.0,11.28,1.08,58202900.0,170316000.0
2023-03-28,801194.SI,菫晞勦竇｡,L2,994.66,984.96,1001.33,990.15,-2.86,-0.29,13861.0,283866.0,11.25,1.08,58035000.0,169110000.0
2023-03-29,801194.SI,菫晞勦竇｡,L2,999.87,979.96,1005.09,982.85,-7.3,-0.74,14947.0,331751.0,11.16,1.07,57607200.0,168879000.0
2023-03-30,801194.SI,菫晞勦竇｡,L2,983.09,967.18,988.66,980.99,-1.86,-0.19,17165.0,380027.0,11.16,1.07,57498100.0,166565000.0
2023-03-31,801194.SI,菫晞勦竇｡,L2,983.62,979.34,1001.49,986.62,5.63,0.57,18161.0,435675.0,11.12,1.08,59264000.0,168073000.0
2023-04-03,801194.SI,菫晞勦竇｡,L2,985.43,980.98,997.72,992.1,5.49,0.56,21543.0,420372.0,11.18,1.08,59593600.0,169429000.0
2023-04-04,801194.SI,菫晞勦竇｡,L2,991.81,982.85,997.55,991.54,-0.56,-0.06,17435.0,379611.0,11.17,1.08,59559900.0,169712000.0
2023-04-06,801194.SI,菫晞勦竇｡,L2,990.37,978.8,991.22,980.83,-10.71,-1.08,13859.0,290911.0,11.05,1.07,58916600.0,167816000.0
2023-04-07,801194.SI,菫晞勦竇｡,L2,984.48,981.28,998.1,992.42,11.59,1.18,12663.0,271126.0,11.18,1.08,59612600.0,169447000.0
2023-04-10,801194.SI,菫晞勦竇｡,L2,994.05,989.31,1010.44,1003.86,11.44,1.15,16220.0,409077.0,11.31,1.1,60299600.0,171390000.0
2023-04-11,801194.SI,菫晞勦竇｡,L2,1003.01,991.81,1009.28,993.77,-10.09,-1.01,17174.0,407093.0,11.2,1.08,59693600.0,169355000.0
2023-04-12,801194.SI,菫晞勦竇｡,L2,997.07,989.81,1008.3,996.82,3.05,0.31,19869.0,395090.0,11.23,1.09,59877000.0,170684000.0
2023-04-13,801194.SI,菫晞勦竇｡,L2,990.87,981.46,995.78,990.04,-6.78,-0.68,19500.0,415677.0,11.15,1.08,59469900.0,170487000.0
2023-04-14,801194.SI,菫晞勦竇｡,L2,994.81,988.5,1005.83,994.88,4.84,0.49,13697.0,309319.0,11.21,1.09,59760600.0,170672000.0
2023-04-17,801194.SI,菫晞勦竇｡,L2,991.33,984.18,1036.55,1036.49,41.61,4.18,29100.0,748933.0,11.68,1.13,62259800.0,177520000.0
2023-04-18,801194.SI,菫晞勦竇｡,L2,1031.88,1030.13,1077.28,1067.32,30.83,2.97,43928.0,1149080.0,12.02,1.16,64111400.0,184350000.0
2023-04-19,801194.SI,菫晞勦竇｡,L2,1066.45,1059.23,1075.42,1063.07,-4.25,-0.4,29156.0,537950.0,11.98,1.16,63856300.0,183824000.0
2023-04-20,801194.SI,菫晞勦竇｡,L2,1063.67,1054.65,1077.13,1072.69,9.62,0.91,27184.0,533379.0,12.09,1.17,64434400.0,185579000.0
2023-04-21,801194.SI,菫晞勦竇｡,L2,1067.55,1027.94,1070.54,1030.62,-42.07,-3.92,30463.0,661223.0,11.61,1.12,61907200.0,179659000.0
2023-04-24,801194.SI,菫晞勦竇｡,L2,1036.73,1025.4,1058.69,1030.14,-0.48,-0.05,30170.0,617950.0,11.61,1.12,61878500.0,180925000.0
2023-04-25,801194.SI,菫晞勦竇｡,L2,1032.09,1019.59,1047.19,1026.7,-3.45,-0.33,28912.0,562258.0,11.57,1.12,61671500.0,182087000.0
2023-04-26,801194.SI,菫晞勦竇｡,L2,1021.75,1009.86,1029.59,1016.9,-9.8,-0.95,23845.0,477978.0,11.46,1.11,61082900.0,179362000.0
2023-04-27,801194.SI,菫晞勦竇｡,L2,1037.73,1033.57,1110.89,1108.27,91.37,8.99,60450.0,1814940.0,12.49,1.15,66571500.0,192530000.0
2023-04-28,801194.SI,菫晞勦竇｡,L2,1111.57,1101.75,1157.91,1136.28,28.01,2.53,63763.0,1843260.0,12.81,1.16,68253800.0,196400000.0
2023-05-04,801194.SI,菫晞勦竇｡,L2,1118.33,1109.03,1199.0,1186.7,50.42,4.44,66424.0,1767130.0,10.93,1.21,71282600.0,205180000.0
2023-05-05,801194.SI,菫晞勦竇｡,L2,1190.45,1170.34,1212.9,1182.3,-4.4,-0.37,43756.0,1214060.0,10.89,1.2,71018500.0,201926000.0
2023-05-08,801194.SI,菫晞勦竇｡,L2,1184.75,1175.38,1218.22,1210.85,28.55,2.41,54559.0,1496240.0,11.15,1.23,72733100.0,206787000.0
2023-05-09,801194.SI,菫晞勦竇｡,L2,1208.45,1173.6,1231.52,1177.83,-33.02,-2.73,55193.0,1418200.0,10.85,1.2,70749900.0,201053000.0
2023-05-10,801194.SI,菫晞勦竇｡,L2,1177.73,1143.3,1184.96,1150.0,-27.83,-2.36,43217.0,1064260.0,10.59,1.17,69078300.0,196812000.0
2023-05-11,801194.SI,菫晞勦竇｡,L2,1161.88,1145.17,1179.38,1153.15,3.15,0.27,30933.0,686502.0,10.62,1.17,69267500.0,199136000.0
2023-05-12,801194.SI,菫晞勦竇｡,L2,1152.64,1127.01,1159.74,1131.86,-21.29,-1.85,28081.0,679615.0,10.43,1.15,67988600.0,197144000.0
2023-05-15,801194.SI,菫晞勦竇｡,L2,1132.79,1117.84,1196.48,1190.72,58.85,5.2,50008.0,1208660.0,10.97,1.21,71523900.0,209973000.0
2023-05-16,801194.SI,菫晞勦竇｡,L2,1188.59,1164.72,1193.37,1174.56,-16.16,-1.36,38000.0,815114.0,10.82,1.2,70553100.0,205492000.0
2023-05-17,801194.SI,菫晞勦竇｡,L2,1166.4,1132.92,1167.88,1143.82,-30.74,-2.62,30951.0,798440.0,10.54,1.16,68706800.0,200813000.0
2023-05-18,801194.SI,菫晞勦竇｡,L2,1141.26,1134.3,1169.01,1146.78,2.96,0.26,24964.0,596751.0,10.56,1.17,68884600.0,202852000.0
2023-05-19,801194.SI,菫晞勦竇｡,L2,1133.69,1122.06,1147.57,1131.11,-15.67,-1.37,21010.0,517187.0,10.42,1.15,67943600.0,201753000.0
2023-05-22,801194.SI,菫晞勦竇｡,L2,1130.1,1121.59,1150.44,1138.1,6.99,0.62,19555.0,496320.0,10.48,1.16,68363500.0,201235000.0
2023-05-23,801194.SI,菫晞勦竇｡,L2,1136.27,1100.92,1142.55,1101.21,-36.89,-3.24,22580.0,634173.0,10.14,1.12,66147700.0,194073000.0
2023-05-24,801194.SI,菫晞勦竇｡,L2,1100.14,1063.9,1101.82,1066.24,-34.97,-3.18,34538.0,749385.0,9.82,1.09,64047000.0,186693000.0
2023-05-25,801194.SI,菫晞勦竇｡,L2,1064.43,1051.55,1071.73,1064.25,-1.99,-0.19,21563.0,477844.0,9.8,1.08,63927300.0,186378000.0
2023-05-26,801194.SI,菫晞勦竇｡,L2,1063.78,1049.58,1075.97,1064.47,0.22,0.02,16532.0,391922.0,9.81,1.08,63940500.0,186524000.0
2023-05-29,801194.SI,菫晞勦竇｡,L2,1067.68,1049.48,1071.35,1056.04,-8.43,-0.79,20492.0,463075.0,9.73,1.07,63434300.0,185633000.0
2023-05-30,801194.SI,菫晞勦竇｡,L2,1055.2,1043.03,1067.24,1057.12,1.08,0.1,22742.0,508906.0,9.74,1.08,63499300.0,187086000.0
2023-05-31,801194.SI,菫晞勦竇｡,L2,1051.69,1034.38,1053.71,1037.82,-19.3,-1.83,19140.0,474651.0,9.56,1.06,62339900.0,183996000.0
2023-06-01,801194.SI,菫晞勦竇｡,L2,1038.29,1033.31,1058.34,1047.42,9.6,0.92,21203.0,497560.0,9.65,1.07,62916300.0,185638000.0
2023-06-02,801194.SI,菫晞勦竇｡,L2,1056.57,1053.21,1082.91,1077.62,30.2,2.88,24775.0,678902.0,9.93,1.1,64730400.0,189309000.0
2023-06-05,801194.SI,菫晞勦竇｡,L2,1071.04,1058.2,1076.67,1066.05,-11.57,-1.07,16329.0,397385.0,9.82,1.08,64035700.0,187094000.0
2023-06-06,801194.SI,菫晞勦竇｡,L2,1062.48,1059.74,1100.58,1073.04,6.99,0.66,27264.0,649042.0,9.89,1.09,64455300.0,187697000.0
2023-06-07,801194.SI,菫晞勦竇｡,L2,1084.16,1071.97,1094.27,1077.85,4.81,0.45,20420.0,449663.0,9.93,1.1,64744200.0,188437000.0
2023-06-08,801194.SI,菫晞勦竇｡,L2,1074.73,1069.02,1099.11,1092.61,14.76,1.37,20472.0,525630.0,10.07,1.11,65630800.0,191098000.0
2023-06-09,801194.SI,菫晞勦竇｡,L2,1093.26,1086.49,1102.9,1088.45,-4.16,-0.38,21100.0,557402.0,10.03,1.11,65380900.0,189987000.0
2023-06-12,801194.SI,菫晞勦竇｡,L2,1088.34,1074.9,1102.25,1089.58,1.13,0.1,21094.0,531696.0,10.04,1.11,65449000.0,189197000.0
2023-06-13,801194.SI,菫晞勦竇｡,L2,1087.63,1072.69,1093.94,1091.57,1.99,0.18,14424.0,389324.0,10.06,1.11,65568600.0,190062000.0
2023-06-14,801194.SI,菫晞勦竇｡,L2,1075.66,1060.63,1086.48,1065.51,-26.06,-2.39,16055.0,453638.0,9.82,1.08,64003000.0,188111000.0
2023-06-15,801194.SI,菫晞勦竇｡,L2,1071.16,1055.44,1087.99,1066.67,1.16,0.11,19055.0,516278.0,9.83,1.09,64072600.0,187279000.0
2023-06-16,801194.SI,菫晞勦竇｡,L2,1071.39,1057.35,1075.84,1069.18,2.51,0.23,18651.0,488860.0,9.85,1.09,64223200.0,182070000.0
2023-06-19,801194.SI,菫晞勦竇｡,L2,1066.11,1038.14,1066.64,1043.27,-25.9,-2.42,26787.0,630598.0,9.61,1.06,62667300.0,176625000.0
2023-06-20,801194.SI,菫晞勦竇｡,L2,1042.84,1025.12,1047.45,1028.63,-14.64,-1.4,19107.0,504612.0,9.48,1.05,61787700.0,174072000.0
2023-06-21,801194.SI,菫晞勦竇｡,L2,1023.76,1016.91,1035.71,1019.59,-9.04,-0.88,15341.0,346955.0,9.39,1.04,61244700.0,171751000.0
2023-06-26,801194.SI,菫晞勦竇｡,L2,1012.19,996.85,1014.0,1002.21,-17.39,-1.71,17907.0,405630.0,8.79,0.97,59879500.0,168618000.0
2023-06-27,801194.SI,菫晞勦竇｡,L2,1002.31,998.01,1020.06,1013.35,11.15,1.11,17180.0,420551.0,8.89,0.98,60545500.0,170851000.0
2023-06-28,801194.SI,菫晞勦竇｡,L2,1011.52,1005.86,1021.66,1018.81,5.46,0.54,13124.0,320092.0,8.94,0.99,60871700.0,171277000.0
2023-06-29,801194.SI,菫晞勦竇｡,L2,1016.27,1003.96,1023.12,1012.43,-6.38,-0.63,12399.0,272665.0,8.88,0.98,60490400.0,170926000.0
2023-06-30,801194.SI,菫晞勦竇｡,L2,1010.35,1008.12,1023.06,1012.82,0.39,0.04,11713.0,274580.0,8.88,0.98,60513700.0,170402000.0
2023-07-03,801194.SI,菫晞勦竇｡,L2,1013.4,1011.28,1058.02,1054.14,41.32,4.08,27659.0,676963.0,9.25,1.02,62982700.0,177264000.0
2023-07-04,801194.SI,菫晞勦竇｡,L2,1053.25,1042.07,1056.88,1049.35,-4.8,-0.45,16203.0,359451.0,9.2,1.02,62696200.0,175733000.0
2023-07-05,801194.SI,菫晞勦竇｡,L2,1047.55,1035.19,1051.48,1037.06,-12.29,-1.17,11513.0,256049.0,9.1,1.01,61961900.0,173857000.0
2023-07-06,801194.SI,菫晞勦竇｡,L2,1031.13,1029.77,1057.05,1037.53,0.47,0.05,15153.0,393161.0,9.1,1.01,61990000.0,173729000.0
2023-07-07,801194.SI,菫晞勦竇｡,L2,1031.14,1028.75,1047.99,1036.45,-1.08,-0.1,15634.0,393952.0,9.09,1.0,61925300.0,173105000.0
2023-07-10,801194.SI,菫晞勦竇｡,L2,1045.46,1018.86,1047.24,1021.65,-14.8,-1.43,14423.0,362366.0,8.96,0.99,61041100.0,170427000.0
2023-07-11,801194.SI,菫晞勦竇｡,L2,1026.67,1023.59,1037.6,1031.87,10.22,1.0,10406.0,257995.0,9.05,1.0,61651700.0,171240000.0
2023-07-12,801194.SI,菫晞勦竇｡,L2,1032.36,1028.77,1050.59,1034.75,2.88,0.28,13777.0,368957.0,9.08,1.0,61823700.0,171138000.0
2023-07-13,801194.SI,菫晞勦竇｡,L2,1043.78,1040.13,1064.95,1061.77,27.02,2.61,22392.0,581919.0,9.31,1.03,63438200.0,173584000.0
2023-07-14,801194.SI,菫晞勦竇｡,L2,1068.63,1056.63,1073.93,1064.13,2.37,0.22,14124.0,372378.0,9.33,1.03,63579600.0,174410000.0
2023-07-17,801194.SI,菫晞勦竇｡,L2,1057.73,1042.98,1061.09,1047.55,-16.58,-1.56,13361.0,336824.0,9.19,1.02,62589000.0,170537000.0
2023-07-18,801194.SI,菫晞勦竇｡,L2,1052.16,1034.55,1052.69,1037.79,-9.76,-0.93,11517.0,284398.0,9.1,1.01,62005700.0,169456000.0
2023-07-19,801194.SI,菫晞勦竇｡,L2,1032.01,1030.2,1043.04,1040.2,2.41,0.23,12120.0,302206.0,9.12,1.01,62149800.0,169398000.0
2023-07-20,801194.SI,菫晞勦竇｡,L2,1042.67,1025.73,1048.77,1028.21,-12.0,-1.15,14456.0,341061.0,9.02,1.0,61433000.0,166603000.0
2023-07-21,801194.SI,菫晞勦竇｡,L2,1025.93,1013.45,1034.55,1018.47,-9.74,-0.95,13783.0,385894.0,8.93,0.99,60851300.0,165093000.0
2023-07-24,801194.SI,菫晞勦竇｡,L2,1013.29,1007.5,1019.73,1011.02,-7.45,-0.73,11895.0,289155.0,8.87,0.98,60406300.0,164337000.0
2023-07-25,801194.SI,菫晞勦竇｡,L2,1036.08,1035.32,1082.49,1079.82,68.8,6.8,47119.0,1300590.0,9.47,1.05,64516700.0,175338000.0
2023-07-26,801194.SI,菫晞勦竇｡,L2,1073.62,1067.39,1085.61,1081.39,1.57,0.15,24075.0,608446.0,9.49,1.05,64610400.0,176208000.0
2023-07-27,801194.SI,菫晞勦竇｡,L2,1083.22,1076.92,1107.91,1088.57,7.18,0.66,31710.0,857401.0,9.55,1.06,65039500.0,178148000.0
2023-07-28,801194.SI,菫晞勦竇｡,L2,1080.11,1077.23,1147.76,1137.74,49.17,4.52,52352.0,1452140.0,9.98,1.1,67977600.0,186419000.0
2023-07-31,801194.SI,菫晞勦竇｡,L2,1154.79,1139.56,1172.71,1145.84,8.1,0.71,49198.0,1369720.0,10.05,1.11,68461300.0,186999000.0
2023-08-01,801194.SI,菫晞勦竇｡,L2,1143.57,1122.66,1159.3,1130.86,-14.98,-1.31,30713.0,773260.0,9.92,1.1,67566500.0,185694000.0
2023-08-02,801194.SI,菫晞勦竇｡,L2,1126.26,1113.61,1149.61,1124.11,-6.75,-0.6,23374.0,622784.0,9.86,1.09,67163200.0,184901000.0
2023-08-03,801194.SI,菫晞勦竇｡,L2,1123.63,1116.83,1155.12,1150.5,26.38,2.35,34561.0,814532.0,10.09,1.12,68739600.0,190543000.0
2023-08-04,801194.SI,菫晞勦竇｡,L2,1168.14,1141.29,1186.34,1143.46,-7.04,-0.61,53982.0,1219100.0,10.03,1.11,68319100.0,190415000.0
2023-08-07,801194.SI,菫晞勦竇｡,L2,1130.22,1120.71,1136.71,1131.28,-12.18,-1.06,46504.0,673788.0,9.92,1.1,67591600.0,186883000.0
2023-08-08,801194.SI,菫晞勦竇｡,L2,1126.25,1104.36,1134.16,1123.11,-8.17,-0.72,29966.0,547514.0,9.85,1.09,67103100.0,186045000.0
2023-08-09,801194.SI,菫晞勦竇｡,L2,1118.8,1115.65,1130.32,1123.24,0.13,0.01,21689.0,394342.0,9.85,1.09,67111100.0,185922000.0
2023-08-10,801194.SI,菫晞勦竇｡,L2,1118.08,1113.07,1128.76,1125.97,2.73,0.24,17982.0,351601.0,9.88,1.09,67274000.0,186410000.0
2023-08-11,801194.SI,菫晞勦竇｡,L2,1124.46,1082.23,1130.59,1083.36,-42.6,-3.78,28937.0,703487.0,9.5,1.05,64728500.0,180077000.0
2023-08-14,801194.SI,菫晞勦竇｡,L2,1061.06,1058.69,1074.71,1067.74,-15.63,-1.44,22070.0,525496.0,9.37,1.03,63794700.0,177813000.0
2023-08-15,801194.SI,菫晞勦竇｡,L2,1066.96,1058.12,1085.46,1075.98,8.24,0.77,21210.0,490874.0,9.44,1.04,64287200.0,180857000.0
2023-08-16,801194.SI,菫晞勦竇｡,L2,1068.2,1062.23,1082.93,1067.28,-8.69,-0.81,19465.0,434734.0,9.36,1.03,63767700.0,178869000.0
2023-08-17,801194.SI,菫晞勦竇｡,L2,1060.43,1043.15,1064.51,1056.16,-11.13,-1.04,22271.0,527989.0,9.26,1.02,63102900.0,176261000.0
2023-08-18,801194.SI,菫晞勦竇｡,L2,1056.83,1050.11,1087.2,1053.37,-2.78,-0.26,27700.0,625940.0,9.24,1.02,62936600.0,177845000.0
2023-08-21,801194.SI,菫晞勦竇｡,L2,1049.62,1027.43,1051.19,1027.54,-25.83,-2.45,26473.0,616918.0,9.01,1.0,61393300.0,171797000.0
2023-08-22,801194.SI,菫晞勦竇｡,L2,1033.05,1025.33,1046.21,1039.53,11.99,1.17,20118.0,461522.0,9.12,1.01,62109700.0,175206000.0
2023-08-23,801194.SI,菫晞勦竇｡,L2,1034.16,1024.29,1042.55,1026.47,-13.06,-1.26,14840.0,375132.0,9.0,0.99,61329200.0,172959000.0
2023-08-24,801194.SI,菫晞勦竇｡,L2,1025.47,1015.44,1037.32,1023.71,-2.76,-0.27,17811.0,425937.0,8.98,0.99,61164200.0,171690000.0
2023-08-25,801194.SI,菫晞勦竇｡,L2,1019.45,1015.66,1044.68,1035.43,11.72,1.15,17250.0,418073.0,9.08,1.0,61864600.0,173708000.0
2023-08-28,801194.SI,菫晞勦竇｡,L2,1116.15,1052.67,1117.33,1059.29,23.86,2.3,39175.0,978403.0,9.29,1.03,63289900.0,177283000.0
2023-08-29,801194.SI,菫晞勦竇｡,L2,1057.8,1048.8,1075.55,1063.75,4.46,0.42,27035.0,585624.0,9.33,1.03,63556400.0,176939000.0
2023-08-30,801194.SI,菫晞勦竇｡,L2,1068.84,1047.58,1073.47,1057.89,-5.86,-0.55,23081.0,561415.0,9.28,1.03,63206500.0,176084000.0
2023-08-31,801194.SI,菫晞勦竇｡,L2,1064.0,1059.57,1085.86,1064.92,7.03,0.66,27018.0,571665.0,9.34,1.04,63626300.0,176443000.0
2023-09-01,801194.SI,菫晞勦竇｡,L2,1076.66,1074.63,1109.47,1098.95,34.04,3.2,34896.0,823652.0,10.48,1.07,65659900.0,183242000.0
2023-09-04,801194.SI,菫晞勦竇｡,L2,1103.91,1102.6,1139.85,1128.78,29.83,2.71,37028.0,901001.0,10.77,1.1,67442000.0,187717000.0
2023-09-05,801194.SI,菫晞勦竇｡,L2,1123.73,1099.34,1124.01,1101.76,-27.02,-2.39,26049.0,508010.0,10.51,1.07,65827800.0,183030000.0
2023-09-06,801194.SI,菫晞勦竇｡,L2,1097.14,1093.84,1121.85,1117.83,16.06,1.46,20656.0,475199.0,10.66,1.09,66787600.0,184473000.0
2023-09-07,801194.SI,菫晞勦竇｡,L2,1111.49,1099.14,1115.85,1102.18,-15.64,-1.4,19194.0,392158.0,10.51,1.07,65853000.0,182372000.0
2023-09-08,801194.SI,菫晞勦竇｡,L2,1097.61,1091.44,1107.55,1100.78,-1.41,-0.13,11931.0,265493.0,10.5,1.07,65769000.0,182713000.0
2023-09-11,801194.SI,菫晞勦竇｡,L2,1105.56,1093.14,1116.83,1103.98,3.2,0.29,24172.0,499028.0,10.53,1.07,65960300.0,182840000.0
2023-09-12,801194.SI,菫晞勦竇｡,L2,1097.01,1080.07,1099.22,1089.35,-14.63,-1.33,19627.0,482848.0,10.39,1.06,65085900.0,179558000.0
2023-09-13,801194.SI,菫晞勦竇｡,L2,1093.22,1074.87,1096.92,1081.11,-8.24,-0.76,17600.0,395260.0,10.31,1.05,64593700.0,178843000.0
2023-09-14,801194.SI,菫晞勦竇｡,L2,1085.08,1071.05,1088.82,1076.52,-4.59,-0.42,15615.0,362323.0,10.27,1.05,64319300.0,178532000.0
2023-09-15,801194.SI,菫晞勦竇｡,L2,1082.62,1071.0,1096.5,1075.85,-0.67,-0.06,18375.0,474361.0,10.26,1.05,64279500.0,177784000.0
2023-09-18,801194.SI,菫晞勦竇｡,L2,1070.0,1063.23,1082.55,1078.61,2.76,0.26,14180.0,311055.0,10.29,1.05,64444300.0,178539000.0
2023-09-19,801194.SI,菫晞勦竇｡,L2,1077.97,1071.19,1083.63,1080.92,2.32,0.21,13916.0,293623.0,10.31,1.05,64582700.0,180376000.0
2023-09-20,801194.SI,菫晞勦竇｡,L2,1080.2,1064.21,1080.94,1072.94,-7.98,-0.74,12870.0,305930.0,10.23,1.04,64105900.0,179608000.0
2023-09-21,801194.SI,菫晞勦竇｡,L2,1068.83,1061.53,1073.83,1065.97,-6.97,-0.65,12089.0,298140.0,10.17,1.04,63689300.0,179297000.0
2023-09-22,801194.SI,菫晞勦竇｡,L2,1065.36,1060.35,1100.42,1099.78,33.81,3.17,20628.0,544326.0,10.49,1.07,65709100.0,183107000.0
2023-09-25,801194.SI,菫晞勦竇｡,L2,1093.08,1073.97,1096.8,1077.41,-22.36,-2.03,19589.0,433878.0,10.28,1.05,64373000.0,181226000.0
2023-09-26,801194.SI,菫晞勦竇｡,L2,1077.54,1066.34,1084.96,1068.97,-8.44,-0.78,13680.0,333210.0,10.2,1.04,63868500.0,180733000.0
2023-09-27,801194.SI,菫晞勦竇｡,L2,1070.18,1064.31,1077.26,1067.59,-1.38,-0.13,13157.0,291110.0,10.18,1.04,63786100.0,179510000.0
2023-09-28,801194.SI,菫晞勦竇｡,L2,1071.31,1054.13,1072.94,1058.01,-9.58,-0.9,14909.0,356322.0,10.09,1.03,63213500.0,177226000.0
2023-10-09,801194.SI,菫晞勦竇｡,L2,1050.87,1039.63,1057.57,1052.72,-5.28,-0.5,15534.0,331098.0,10.04,1.02,62897900.0,176169000.0
2023-10-10,801194.SI,菫晞勦竇｡,L2,1058.54,1039.92,1063.56,1041.78,-10.94,-1.04,14089.0,289913.0,9.94,1.01,62243900.0,174166000.0
2023-10-11,801194.SI,菫晞勦竇｡,L2,1047.86,1040.36,1052.97,1045.94,4.16,0.4,13016.0,296199.0,9.98,1.02,62492800.0,175529000.0
2023-10-12,801194.SI,菫晞勦竇｡,L2,1072.5,1059.04,1079.42,1069.74,23.79,2.27,24776.0,549970.0,10.2,1.04,63914300.0,181571000.0
2023-10-13,801194.SI,菫晞勦竇｡,L2,1057.45,1050.54,1067.4,1061.27,-8.47,-0.79,13963.0,300798.0,10.12,1.03,63408300.0,179961000.0
2023-10-16,801194.SI,菫晞勦竇｡,L2,1059.1,1048.3,1065.71,1053.75,-7.51,-0.71,14514.0,316258.0,10.05,1.03,62959400.0,179489000.0
2023-10-17,801194.SI,菫晞勦竇｡,L2,1059.04,1052.04,1069.14,1061.76,8.0,0.76,16708.0,371891.0,10.13,1.03,63437500.0,181538000.0
2023-10-18,801194.SI,菫晞勦竇｡,L2,1056.96,1053.28,1064.85,1054.04,-7.72,-0.73,11990.0,289790.0,10.05,1.03,62976200.0,180168000.0
2023-10-19,801194.SI,菫晞勦竇｡,L2,1047.0,1021.14,1049.21,1022.59,-31.45,-2.98,20037.0,515612.0,9.75,1.0,61097300.0,173634000.0
2023-10-20,801194.SI,菫晞勦竇｡,L2,1013.2,1004.32,1023.4,1011.22,-11.37,-1.11,15918.0,412039.0,9.65,0.98,60418200.0,169358000.0
2023-10-23,801194.SI,菫晞勦竇｡,L2,1007.88,1000.83,1020.84,1012.81,1.59,0.16,14214.0,329996.0,9.66,0.99,60513300.0,170039000.0
2023-10-24,801194.SI,菫晞勦竇｡,L2,1015.37,1003.74,1024.76,1014.65,1.84,0.18,16307.0,358190.0,9.68,0.99,60623100.0,169178000.0
2023-10-25,801194.SI,菫晞勦竇｡,L2,1017.72,1001.03,1019.61,1004.49,-10.16,-1.0,14792.0,349112.0,9.58,0.98,60015800.0,167705000.0
2023-10-26,801194.SI,菫晞勦竇｡,L2,999.34,995.93,1012.62,1006.84,2.36,0.23,11527.0,264522.0,9.6,0.98,60156600.0,167918000.0
2023-10-27,801194.SI,菫晞勦竇｡,L2,989.91,972.49,1000.33,991.75,-15.1,-1.5,27022.0,617390.0,9.46,0.97,59254700.0,165140000.0
2023-10-30,801194.SI,菫晞勦竇｡,L2,988.17,975.61,998.08,990.04,-1.71,-0.17,24959.0,533666.0,9.44,0.98,59152800.0,163946000.0
2023-10-31,801194.SI,菫晞勦竇｡,L2,991.47,986.6,1005.14,996.14,6.1,0.62,19274.0,385863.0,9.5,0.99,59517000.0,165352000.0
2023-11-01,801194.SI,菫晞勦竇｡,L2,1002.84,984.11,1005.03,987.53,-8.6,-0.86,15852.0,322964.0,9.49,0.98,59002900.0,163576000.0
2023-11-02,801194.SI,菫晞勦竇｡,L2,990.4,981.91,997.98,983.12,-4.42,-0.45,12610.0,266786.0,9.44,0.97,58739100.0,161913000.0
2023-11-03,801194.SI,菫晞勦竇｡,L2,985.75,978.52,989.21,985.78,2.66,0.27,14904.0,335677.0,9.47,0.98,58898100.0,162481000.0
2023-11-06,801194.SI,菫晞勦竇｡,L2,993.17,989.98,1006.87,1002.98,17.2,1.74,26333.0,527897.0,9.63,0.99,59925800.0,165430000.0
2023-11-07,801194.SI,菫晞勦竇｡,L2,998.72,979.92,999.68,982.43,-20.55,-2.05,26712.0,543667.0,9.44,0.97,58697800.0,161486000.0
2023-11-08,801194.SI,菫晞勦竇｡,L2,981.64,964.73,985.23,967.3,-15.13,-1.54,23006.0,581437.0,9.29,0.96,57793800.0,159064000.0
2023-11-09,801194.SI,菫晞勦竇｡,L2,956.99,935.56,962.38,944.7,-22.6,-2.34,31281.0,909903.0,9.07,0.94,56443500.0,157265000.0
2023-11-10,801194.SI,菫晞勦竇｡,L2,937.79,915.48,938.21,922.05,-22.65,-2.4,28761.0,760311.0,8.86,0.91,55090300.0,152981000.0
2023-11-13,801194.SI,菫晞勦竇｡,L2,921.73,914.68,925.91,924.49,2.45,0.27,18387.0,403440.0,8.88,0.92,55236400.0,154112000.0
2023-11-14,801194.SI,菫晞勦竇｡,L2,927.17,921.71,933.27,926.72,2.23,0.24,22923.0,492577.0,8.9,0.92,55369600.0,153676000.0
2023-11-15,801194.SI,菫晞勦竇｡,L2,937.29,932.13,950.25,944.28,17.55,1.89,29198.0,649377.0,9.07,0.93,56418400.0,157207000.0
2023-11-16,801194.SI,菫晞勦竇｡,L2,939.39,929.77,943.55,932.97,-11.31,-1.2,16137.0,347586.0,8.96,0.92,55742800.0,155327000.0
2023-11-17,801194.SI,菫晞勦竇｡,L2,927.82,920.18,932.29,929.43,-3.54,-0.38,15279.0,323801.0,8.93,0.92,55531200.0,155014000.0
2023-11-20,801194.SI,菫晞勦竇｡,L2,930.36,924.91,938.09,933.78,4.35,0.47,16234.0,307052.0,8.97,0.92,55791000.0,155135000.0
2023-11-21,801194.SI,菫晞勦竇｡,L2,934.68,933.93,950.05,938.6,4.82,0.52,20521.0,433518.0,9.02,0.93,56079200.0,156053000.0
2023-11-22,801194.SI,菫晞勦竇｡,L2,935.43,930.8,939.25,931.47,-7.13,-0.76,11063.0,222912.0,8.95,0.92,55653100.0,155087000.0
2023-11-23,801194.SI,菫晞勦竇｡,L2,930.74,926.84,939.78,939.37,7.9,0.85,11589.0,244098.0,9.02,0.93,56125400.0,156433000.0
2023-11-24,801194.SI,菫晞勦竇｡,L2,938.53,929.62,939.94,931.12,-8.25,-0.88,11277.0,236854.0,8.94,0.92,55632400.0,154877000.0
2023-11-27,801194.SI,菫晞勦竇｡,L2,931.68,908.01,932.88,914.96,-16.17,-1.74,21943.0,465703.0,8.79,0.91,54666500.0,152149000.0
2023-11-28,801194.SI,菫晞勦竇｡,L2,913.33,909.16,921.44,911.5,-3.46,-0.38,13860.0,294173.0,8.75,0.9,54459800.0,151466000.0
2023-11-29,801194.SI,菫晞勦竇｡,L2,912.41,885.93,913.84,892.02,-19.48,-2.14,19826.0,453801.0,8.57,0.88,53295900.0,148510000.0
2023-11-30,801194.SI,菫晞勦竇｡,L2,891.31,888.85,900.49,893.46,1.44,0.16,14053.0,298074.0,8.58,0.88,53382000.0,148886000.0
2023-12-01,801194.SI,菫晞勦竇｡,L2,890.12,881.3,900.81,897.04,3.59,0.4,15741.0,352709.0,8.62,0.89,53596200.0,149438000.0
2023-12-04,801194.SI,菫晞勦竇｡,L2,894.12,881.13,902.59,882.63,-14.41,-1.61,15295.0,308966.0,8.48,0.87,52735200.0,146626000.0
2023-12-05,801194.SI,菫晞勦竇｡,L2,877.81,862.28,878.96,862.89,-19.74,-2.24,17096.0,353998.0,8.29,0.85,51555600.0,143034000.0
2023-12-06,801194.SI,菫晞勦竇｡,L2,862.2,857.96,868.96,863.68,0.79,0.09,13269.0,299782.0,8.3,0.86,51603000.0,143251000.0
2023-12-07,801194.SI,菫晞勦竇｡,L2,860.75,850.27,869.54,862.3,-1.39,-0.16,15284.0,343558.0,8.28,0.85,51520200.0,143588000.0
2023-12-08,801194.SI,菫晞勦竇｡,L2,859.96,857.09,869.06,857.55,-4.75,-0.55,18325.0,358913.0,8.24,0.85,51236400.0,142493000.0
2023-12-11,801194.SI,菫晞勦竇｡,L2,853.54,841.93,868.56,866.25,8.7,1.01,20904.0,414396.0,8.32,0.86,51756300.0,143879000.0
2023-12-12,801194.SI,菫晞勦竇｡,L2,862.21,858.51,873.24,871.79,5.55,0.64,13340.0,286106.0,8.37,0.86,52087700.0,144522000.0
2023-12-13,801194.SI,菫晞勦竇｡,L2,869.45,853.1,870.56,854.21,-17.59,-2.02,13774.0,286745.0,8.2,0.85,51037000.0,141829000.0
2023-12-14,801194.SI,菫晞勦竇｡,L2,861.12,848.77,867.45,849.25,-4.96,-0.58,12275.0,239433.0,8.16,0.84,50740900.0,140922000.0
2023-12-15,801194.SI,菫晞勦竇｡,L2,857.44,848.78,867.45,849.96,0.71,0.08,16482.0,334033.0,8.16,0.84,50783400.0,140652000.0
2023-12-18,801194.SI,菫晞勦竇｡,L2,842.19,838.27,852.17,846.25,-3.72,-0.44,13308.0,234203.0,8.13,0.84,50561300.0,139998000.0
2023-12-19,801194.SI,菫晞勦竇｡,L2,844.5,840.39,853.13,847.63,1.38,0.16,12390.0,234728.0,8.14,0.84,50644000.0,140119000.0
2023-12-20,801194.SI,菫晞勦竇｡,L2,847.3,838.18,850.78,838.58,-9.05,-1.07,12374.0,234026.0,8.05,0.83,50103300.0,137909000.0
2023-12-21,801194.SI,菫晞勦竇｡,L2,834.74,831.17,848.5,844.65,6.07,0.72,15060.0,303507.0,8.11,0.84,50466200.0,138528000.0
2023-12-22,801194.SI,菫晞勦竇｡,L2,844.08,841.26,858.54,851.64,6.98,0.83,16909.0,315902.0,8.18,0.84,50883300.0,139522000.0
2023-12-25,801194.SI,菫晞勦竇｡,L2,850.08,846.86,856.45,852.97,1.33,0.16,9415.0,173163.0,8.19,0.84,50962700.0,139406000.0
2023-12-26,801194.SI,菫晞勦竇｡,L2,852.66,844.49,853.88,850.86,-2.11,-0.25,8640.0,161877.0,8.17,0.84,50836800.0,139566000.0
2023-12-27,801194.SI,菫晞勦竇｡,L2,851.22,840.72,853.56,848.02,-2.83,-0.33,12671.0,243812.0,8.15,0.84,50667400.0,138747000.0
2023-12-28,801194.SI,菫晞勦竇｡,L2,847.88,844.59,881.21,878.92,30.9,3.64,23420.0,488727.0,8.44,0.87,52513700.0,144278000.0
2023-12-29,801194.SI,菫晞勦竇｡,L2,874.54,872.81,883.07,878.5,-0.43,-0.05,15658.0,324526.0,8.44,0.87,52488100.0,143762000.0
2024-01-02,801194.SI,菫晞勦竇｡,L2,878.46,862.32,880.63,864.18,-14.31,-1.63,18051.0,353523.0,8.3,0.86,51632900.0,141862000.0
2024-01-03,801194.SI,菫晞勦竇｡,L2,863.22,858.67,871.99,865.42,1.23,0.14,15407.0,318702.0,8.31,0.86,51706600.0,142550000.0
2024-01-04,801194.SI,菫晞勦竇｡,L2,864.03,847.26,870.49,853.65,-11.76,-1.36,18098.0,394294.0,8.2,0.85,51003700.0,139185000.0
2024-01-05,801194.SI,菫晞勦竇｡,L2,852.05,847.84,868.62,854.86,1.21,0.14,20292.0,397168.0,8.21,0.85,51075800.0,139247000.0
2024-01-08,801194.SI,菫晞勦竇｡,L2,854.25,837.32,859.39,842.28,-12.58,-1.47,18721.0,370770.0,8.09,0.83,50324100.0,136692000.0
2024-01-09,801194.SI,菫晞勦竇｡,L2,842.19,835.5,846.02,840.28,-2.0,-0.24,13835.0,266138.0,8.07,0.83,50204800.0,136784000.0
2024-01-10,801194.SI,菫晞勦竇｡,L2,838.02,824.28,841.25,825.05,-15.23,-1.81,15007.0,333057.0,7.92,0.82,49294900.0,134091000.0
2024-01-11,801194.SI,菫晞勦竇｡,L2,823.99,817.35,839.66,834.08,9.03,1.09,14360.0,295861.0,8.01,0.83,49834200.0,134791000.0
2024-01-12,801194.SI,菫晞勦竇｡,L2,828.87,821.7,835.32,824.02,-10.06,-1.21,13800.0,264849.0,7.91,0.82,49233100.0,133400000.0
2024-01-15,801194.SI,菫晞勦竇｡,L2,819.62,815.73,834.79,827.17,3.16,0.38,13753.0,256344.0,7.94,0.82,49421600.0,134066000.0
2024-01-16,801194.SI,菫晞勦竇｡,L2,824.69,822.52,841.72,840.17,12.99,1.57,19281.0,388191.0,8.07,0.83,50198000.0,136416000.0
2024-01-17,801194.SI,菫晞勦竇｡,L2,834.89,824.55,837.26,825.07,-15.1,-1.8,17180.0,362469.0,7.92,0.82,49296000.0,133913000.0
2024-01-18,801194.SI,菫晞勦竇｡,L2,820.35,813.04,843.76,842.4,17.33,2.1,26943.0,557124.0,8.09,0.83,50331300.0,135620000.0
2024-01-19,801194.SI,菫晞勦竇｡,L2,837.63,830.94,847.86,844.29,1.9,0.23,19088.0,410249.0,8.11,0.84,50444700.0,135291000.0
2024-01-22,801194.SI,菫晞勦竇｡,L2,841.82,835.43,858.75,845.98,1.69,0.2,26576.0,593942.0,8.13,0.84,50545500.0,134810000.0
2024-01-23,801194.SI,菫晞勦竇｡,L2,839.48,827.6,851.25,843.47,-2.52,-0.3,22056.0,426599.0,8.1,0.84,50395100.0,134323000.0
2024-01-24,801194.SI,菫晞勦竇｡,L2,849.05,839.12,870.82,867.18,23.72,2.81,33023.0,602549.0,8.33,0.86,51812100.0,139875000.0
2024-01-25,801194.SI,菫晞勦竇｡,L2,866.7,863.34,905.39,898.17,30.99,3.57,44285.0,866376.0,8.63,0.89,53663500.0,146984000.0
2024-01-26,801194.SI,菫晞勦竇｡,L2,895.87,886.36,904.26,900.53,2.36,0.26,35541.0,634607.0,8.65,0.89,53804400.0,147136000.0
2024-01-29,801194.SI,菫晞勦竇｡,L2,900.21,893.28,915.73,898.28,-2.25,-0.25,36033.0,628676.0,8.63,0.89,53669900.0,147907000.0
2024-01-30,801194.SI,菫晞勦竇｡,L2,889.73,879.43,897.67,880.09,-18.18,-2.02,24757.0,474378.0,8.45,0.87,52583600.0,144981000.0
2024-01-31,801194.SI,菫晞勦竇｡,L2,878.42,873.34,896.5,887.29,7.19,0.82,28735.0,517794.0,8.52,0.88,53013400.0,146253000.0
2024-02-01,801194.SI,菫晞勦竇｡,L2,878.71,870.67,888.55,877.71,-9.58,-1.08,25194.0,457403.0,8.43,0.87,52440900.0,143737000.0
2024-02-02,801194.SI,菫晞勦竇｡,L2,878.29,849.89,885.15,872.95,-4.75,-0.54,28924.0,533521.0,8.38,0.86,52156800.0,143232000.0
2024-02-05,801194.SI,菫晞勦竇｡,L2,869.45,859.86,892.91,883.99,11.04,1.26,34568.0,626666.0,8.49,0.88,52816500.0,145579000.0
2024-02-06,801194.SI,菫晞勦竇｡,L2,882.43,875.06,911.17,908.56,24.57,2.78,35522.0,671223.0,8.73,0.9,54284400.0,150644000.0
2024-02-07,801194.SI,菫晞勦竇｡,L2,910.45,900.55,924.91,923.91,15.35,1.69,35577.0,710926.0,8.87,0.91,55201700.0,151859000.0
2024-02-08,801194.SI,菫晞勦竇｡,L2,927.38,919.03,939.4,933.5,9.59,1.04,35264.0,645411.0,8.97,0.92,55774700.0,153787000.0
2024-02-19,801194.SI,菫晞勦竇｡,L2,936.78,926.29,941.57,935.2,1.7,0.18,27114.0,485534.0,8.98,0.93,55876300.0,154553000.0
2024-02-20,801194.SI,菫晞勦竇｡,L2,932.29,920.61,934.97,926.77,-8.43,-0.9,21995.0,397893.0,8.9,0.92,55372300.0,153246000.0
2024-02-21,801194.SI,菫晞勦竇｡,L2,922.81,917.48,971.92,954.72,27.96,3.02,40951.0,882236.0,9.17,0.95,57042600.0,157577000.0
2024-02-22,801194.SI,菫晞勦竇｡,L2,949.03,945.39,959.7,958.89,4.17,0.44,21918.0,456788.0,9.21,0.95,57291700.0,158428000.0
2024-02-23,801194.SI,菫晞勦竇｡,L2,958.41,955.37,974.3,965.15,6.26,0.65,24171.0,514824.0,9.27,0.96,57665700.0,158996000.0
2024-02-26,801194.SI,菫晞勦竇｡,L2,960.91,936.54,961.73,938.55,-26.6,-2.76,24407.0,512166.0,9.01,0.93,56076300.0,154020000.0
2024-02-27,801194.SI,菫晞勦竇｡,L2,935.03,930.72,941.88,940.92,2.37,0.25,19507.0,396406.0,9.04,0.93,56218000.0,154268000.0
2024-02-28,801194.SI,菫晞勦竇｡,L2,942.0,929.28,945.43,929.33,-11.59,-1.23,24402.0,473617.0,8.93,0.92,55525400.0,152238000.0
2024-02-29,801194.SI,菫晞勦竇｡,L2,926.2,924.94,939.04,936.03,6.7,0.72,19195.0,388072.0,8.99,0.93,55925500.0,153687000.0
2024-03-01,801194.SI,菫晞勦竇｡,L2,933.37,924.3,938.95,935.52,-0.51,-0.05,21070.0,446094.0,8.99,0.93,55895000.0,152836000.0
2024-03-04,801194.SI,菫晞勦竇｡,L2,929.8,916.15,931.43,920.3,-15.22,-1.63,21363.0,491121.0,8.84,0.91,54985600.0,150214000.0
2024-03-05,801194.SI,菫晞勦竇｡,L2,916.39,912.45,932.57,931.18,10.89,1.18,25351.0,556571.0,8.94,0.92,55636100.0,152151000.0
2024-03-06,801194.SI,菫晞勦竇｡,L2,929.98,921.38,933.7,923.17,-8.01,-0.86,16927.0,342637.0,8.87,0.91,55157300.0,150536000.0
2024-03-07,801194.SI,菫晞勦竇｡,L2,927.73,924.83,941.87,930.73,7.56,0.82,20895.0,496573.0,8.94,0.92,55608900.0,150510000.0
2024-03-08,801194.SI,菫晞勦竇｡,L2,927.44,919.58,934.52,927.66,-3.07,-0.33,13778.0,311496.0,8.91,0.92,55425700.0,150254000.0
2024-03-11,801194.SI,菫晞勦竇｡,L2,925.93,924.29,937.08,934.41,6.75,0.73,19135.0,384264.0,8.97,0.93,55829100.0,151431000.0
2024-03-12,801194.SI,菫晞勦竇｡,L2,934.39,927.2,950.34,946.67,12.26,1.31,25440.0,594906.0,9.09,0.94,56561600.0,153401000.0
2024-03-13,801194.SI,菫晞勦竇｡,L2,943.97,913.0,944.91,915.19,-31.48,-3.33,40081.0,842886.0,8.79,0.91,54680600.0,147757000.0
2024-03-14,801194.SI,菫晞勦竇｡,L2,909.7,907.18,921.07,911.19,-4.01,-0.44,19609.0,383724.0,8.75,0.9,54441200.0,147249000.0
2024-03-15,801194.SI,菫晞勦竇｡,L2,911.83,900.97,914.98,910.69,-0.5,-0.05,16956.0,366431.0,8.75,0.9,54411400.0,146940000.0
2024-03-18,801194.SI,菫晞勦竇｡,L2,908.36,903.54,918.44,916.23,5.55,0.61,20186.0,411807.0,8.8,0.91,54742900.0,149056000.0
2024-03-19,801194.SI,菫晞勦竇｡,L2,912.59,900.79,913.83,901.57,-14.66,-1.6,16897.0,370696.0,8.66,0.89,53866800.0,146795000.0
2024-03-20,801194.SI,菫晞勦竇｡,L2,900.37,898.01,907.13,904.35,2.78,0.31,14885.0,271317.0,8.69,0.9,54032900.0,147448000.0
2024-03-21,801194.SI,菫晞勦竇｡,L2,907.29,901.41,915.63,905.89,1.53,0.17,16932.0,361512.0,8.7,0.9,54124600.0,147257000.0
2024-03-22,801194.SI,菫晞勦竇｡,L2,888.51,871.08,890.28,877.41,-28.47,-3.14,26285.0,671967.0,9.14,0.87,52423500.0,143764000.0
2024-03-25,801194.SI,菫晞勦竇｡,L2,874.35,871.37,883.73,873.71,-3.71,-0.42,16461.0,323208.0,9.1,0.87,52202100.0,143001000.0
2024-03-26,801194.SI,菫晞勦竇｡,L2,873.47,873.04,884.87,883.62,9.91,1.13,14740.0,300798.0,9.2,0.88,52794000.0,144828000.0
2024-03-27,801194.SI,菫晞勦竇｡,L2,880.49,876.55,885.93,877.56,-6.05,-0.68,18212.0,306484.0,9.13,0.87,52432500.0,143471000.0
2024-03-28,801194.SI,菫晞勦竇｡,L2,876.43,871.82,890.62,879.2,1.64,0.19,17776.0,355108.0,9.31,0.87,52530400.0,144299000.0
2024-03-29,801194.SI,菫晞勦竇｡,L2,880.87,878.9,894.24,882.71,3.5,0.4,18413.0,365592.0,9.36,0.87,52739800.0,144911000.0
2024-04-01,801194.SI,菫晞勦竇｡,L2,885.64,884.66,897.32,896.59,13.88,1.57,21478.0,398299.0,9.5,0.89,53569400.0,148366000.0
2024-04-02,801194.SI,菫晞勦竇｡,L2,894.65,888.81,902.79,891.49,-5.11,-0.57,17834.0,369445.0,9.45,0.88,53264200.0,147255000.0
2024-04-03,801194.SI,菫晞勦竇｡,L2,889.96,881.79,894.33,882.56,-8.93,-1.0,15379.0,324121.0,9.35,0.87,52730700.0,146257000.0
2024-04-08,801194.SI,菫晞勦竇｡,L2,877.71,867.66,881.21,874.43,-8.13,-0.92,15999.0,314117.0,9.27,0.86,52244900.0,144144000.0
2024-04-09,801194.SI,菫晞勦竇｡,L2,875.59,870.42,880.19,871.19,-3.24,-0.37,13360.0,250379.0,9.23,0.86,52051600.0,143284000.0
2024-04-10,801194.SI,菫晞勦竇｡,L2,869.2,849.72,871.36,852.41,-18.78,-2.16,17661.0,401816.0,9.04,0.84,50929300.0,140729000.0
2024-04-11,801194.SI,菫晞勦竇｡,L2,848.69,840.49,854.26,849.24,-3.16,-0.37,15920.0,300796.0,9.0,0.84,50740200.0,140655000.0
2024-04-12,801194.SI,菫晞勦竇｡,L2,846.47,820.15,850.45,822.48,-26.77,-3.15,23510.0,556044.0,8.72,0.81,49141000.0,135946000.0
2024-04-15,801194.SI,菫晞勦竇｡,L2,822.93,821.02,846.29,843.09,20.61,2.51,31265.0,607849.0,8.94,0.83,50372600.0,140762000.0
2024-04-16,801194.SI,菫晞勦竇｡,L2,842.04,833.63,851.1,838.34,-4.75,-0.56,24799.0,446535.0,8.89,0.83,50088600.0,139322000.0
2024-04-17,801194.SI,菫晞勦竇｡,L2,838.27,829.87,853.84,852.17,13.84,1.65,23246.0,445247.0,9.03,0.84,50915300.0,141520000.0
2024-04-18,801194.SI,菫晞勦竇｡,L2,850.55,848.58,884.84,871.54,19.37,2.27,40460.0,752159.0,9.24,0.86,52072400.0,145339000.0
2024-04-19,801194.SI,菫晞勦竇｡,L2,865.99,860.1,874.85,865.13,-6.41,-0.74,22975.0,379096.0,9.17,0.86,51689500.0,143930000.0
2024-04-22,801194.SI,菫晞勦竇｡,L2,866.82,865.09,882.39,872.58,7.45,0.86,23956.0,410358.0,9.25,0.86,52134400.0,144908000.0
2024-04-23,801194.SI,菫晞勦竇｡,L2,872.35,865.83,878.22,871.61,-0.96,-0.11,16753.0,288635.0,9.24,0.86,52076800.0,144679000.0
2024-04-24,801194.SI,菫晞勦竇｡,L2,881.72,875.92,890.88,888.31,16.7,1.92,21947.0,475823.0,9.42,0.87,53074400.0,147226000.0
2024-04-25,801194.SI,菫晞勦竇｡,L2,885.91,880.85,902.75,897.81,9.5,1.07,20682.0,456822.0,9.52,0.88,53642000.0,148212000.0
2024-04-26,801194.SI,菫晞勦竇｡,L2,896.77,891.22,913.72,908.52,10.71,1.19,29658.0,566311.0,9.63,0.89,54282100.0,150252000.0
2024-04-29,801194.SI,菫晞勦竇｡,L2,909.43,907.5,943.19,926.59,18.06,1.99,38235.0,783332.0,9.82,0.91,55361400.0,154573000.0
2024-04-30,801194.SI,菫晞勦竇｡,L2,926.33,908.86,928.97,910.56,-16.02,-1.73,25200.0,463581.0,9.65,0.89,54404000.0,152401000.0
2024-05-06,801194.SI,菫晞勦竇｡,L2,947.27,933.2,954.28,937.18,26.62,2.92,37672.0,843002.0,10.17,0.92,55994500.0,156882000.0
2024-05-07,801194.SI,菫晞勦竇｡,L2,936.61,929.7,945.0,939.77,2.59,0.28,23209.0,464207.0,10.19,0.92,56149000.0,157191000.0
2024-05-08,801194.SI,菫晞勦竇｡,L2,937.26,922.58,942.33,924.33,-15.44,-1.64,19054.0,376904.0,10.03,0.91,55226500.0,154766000.0
2024-05-09,801194.SI,菫晞勦竇｡,L2,923.19,921.83,937.52,932.17,7.84,0.85,16568.0,340046.0,10.11,0.92,55695100.0,155546000.0
2024-05-10,801194.SI,菫晞勦竇｡,L2,937.01,935.47,953.61,947.51,15.34,1.65,26744.0,563485.0,10.28,0.93,56611700.0,158069000.0
2024-05-13,801194.SI,菫晞勦竇｡,L2,938.16,928.84,949.45,943.26,-4.25,-0.45,23660.0,463472.0,10.23,0.93,56357500.0,157766000.0
2024-05-14,801194.SI,菫晞勦竇｡,L2,942.93,933.33,948.29,938.62,-4.63,-0.49,16387.0,328707.0,10.18,0.92,56080600.0,158106000.0
2024-05-15,801194.SI,菫晞勦竇｡,L2,938.09,923.85,939.57,927.95,-10.68,-1.14,16700.0,317710.0,10.07,0.91,55442700.0,156467000.0
2024-05-16,801194.SI,菫晞勦竇｡,L2,934.06,929.71,961.07,953.51,25.56,2.75,27765.0,675171.0,10.34,0.94,56970000.0,160177000.0
2024-05-17,801194.SI,菫晞勦竇｡,L2,963.03,957.5,996.49,995.61,42.1,4.42,44271.0,1199560.0,10.8,0.98,59485600.0,165017000.0
2024-05-20,801194.SI,菫晞勦竇｡,L2,1003.85,988.54,1018.09,1004.46,8.85,0.89,44190.0,1126930.0,10.89,0.99,60014100.0,166647000.0
2024-05-21,801194.SI,菫晞勦竇｡,L2,995.4,993.98,1007.49,1002.9,-1.56,-0.16,20455.0,450019.0,10.88,0.98,59920900.0,166345000.0
2024-05-22,801194.SI,菫晞勦竇｡,L2,1000.39,996.15,1017.36,1002.34,-0.56,-0.06,26604.0,587261.0,10.87,0.98,59887400.0,165811000.0
2024-05-23,801194.SI,菫晞勦竇｡,L2,993.72,985.1,999.7,991.16,-11.18,-1.12,21519.0,485158.0,10.75,0.97,59219500.0,164541000.0
2024-05-24,801194.SI,菫晞勦竇｡,L2,986.47,969.7,991.91,970.57,-20.58,-2.08,19887.0,451342.0,10.53,0.95,57989600.0,160961000.0
2024-05-27,801194.SI,菫晞勦竇｡,L2,973.86,969.3,983.15,976.52,5.95,0.61,18766.0,370889.0,10.59,0.96,58344900.0,161900000.0
2024-05-28,801194.SI,菫晞勦竇｡,L2,976.9,965.18,983.39,968.55,-7.97,-0.82,17264.0,381737.0,10.51,0.95,57868700.0,160908000.0
2024-05-29,801194.SI,菫晞勦竇｡,L2,964.91,957.64,975.76,960.59,-7.96,-0.82,18061.0,365405.0,10.42,0.94,57393200.0,159042000.0
2024-05-30,801194.SI,菫晞勦竇｡,L2,956.7,948.29,966.2,954.02,-6.57,-0.68,16166.0,317667.0,10.35,0.94,57000600.0,158409000.0
2024-05-31,801194.SI,菫晞勦竇｡,L2,959.6,952.24,974.61,952.96,-1.06,-0.11,17328.0,365897.0,10.34,0.94,56937300.0,158006000.0
2024-06-03,801194.SI,菫晞勦竇｡,L2,950.93,942.87,962.62,954.66,1.69,0.18,22660.0,360103.0,10.35,0.94,57038500.0,158626000.0
2024-06-04,801194.SI,菫晞勦竇｡,L2,953.24,950.46,962.88,957.76,3.11,0.33,16827.0,322873.0,10.39,0.94,57224100.0,159021000.0
2024-06-05,801194.SI,菫晞勦竇｡,L2,957.67,950.85,960.98,954.26,-3.5,-0.37,13284.0,270013.0,10.35,0.94,57014900.0,158811000.0
2024-06-06,801194.SI,菫晞勦竇｡,L2,956.61,937.06,959.62,939.45,-14.81,-1.55,20916.0,423278.0,10.19,0.92,56129900.0,156407000.0
2024-06-07,801194.SI,菫晞勦竇｡,L2,943.39,928.89,948.36,933.39,-6.06,-0.65,18504.0,324301.0,10.12,0.92,55767800.0,155497000.0
2024-06-11,801194.SI,菫晞勦竇｡,L2,928.96,920.24,935.44,926.51,-6.87,-0.74,17082.0,320994.0,10.05,0.91,55357100.0,154421000.0
2024-06-12,801194.SI,菫晞勦竇｡,L2,926.54,915.5,929.03,917.59,-8.92,-0.96,17449.0,312447.0,9.95,0.9,54824100.0,153125000.0
2024-06-13,801194.SI,菫晞勦竇｡,L2,921.49,912.09,924.53,916.55,-1.05,-0.11,15840.0,252557.0,9.94,0.9,54761500.0,152845000.0
2024-06-14,801194.SI,菫晞勦竇｡,L2,914.31,912.59,938.16,931.03,14.49,1.58,23275.0,470740.0,10.1,0.91,55627100.0,155991000.0
2024-06-17,801194.SI,菫晞勦竇｡,L2,925.21,919.24,930.7,924.98,-6.05,-0.65,15368.0,302448.0,10.03,0.91,55265600.0,155254000.0
2024-06-18,801194.SI,菫晞勦竇｡,L2,927.1,923.69,936.53,927.73,2.74,0.3,17938.0,287723.0,10.06,0.91,55429600.0,155364000.0
2024-06-19,801194.SI,菫晞勦竇｡,L2,928.46,923.33,938.68,931.8,4.07,0.44,16635.0,315919.0,10.11,0.91,55672900.0,155698000.0
2024-06-20,801194.SI,菫晞勦竇｡,L2,931.58,921.64,935.93,924.07,-7.73,-0.83,15267.0,290902.0,10.02,0.91,55211000.0,155533000.0
2024-06-21,801194.SI,菫晞勦竇｡,L2,923.15,919.4,931.19,926.15,2.08,0.23,14876.0,289706.0,10.05,0.91,55335400.0,155317000.0
2024-06-24,801194.SI,菫晞勦竇｡,L2,923.32,913.99,933.67,927.03,0.88,0.09,18575.0,356203.0,10.06,0.91,55387800.0,155028000.0
2024-06-25,801194.SI,菫晞勦竇｡,L2,926.93,917.56,935.18,920.9,-6.13,-0.66,15841.0,301546.0,9.99,0.9,55021800.0,153684000.0
2024-06-26,801194.SI,菫晞勦竇｡,L2,919.27,912.74,926.72,920.82,-0.08,-0.01,14966.0,260493.0,9.99,0.9,55017000.0,153752000.0
2024-06-27,801194.SI,菫晞勦竇｡,L2,917.66,911.72,922.47,917.26,-3.56,-0.39,14377.0,282912.0,9.95,0.9,54804000.0,153527000.0
2024-06-28,801194.SI,菫晞勦竇｡,L2,915.97,913.58,928.33,916.34,-0.92,-0.1,17043.0,313554.0,9.94,0.9,54749300.0,153650000.0
2024-07-01,801194.SI,菫晞勦竇｡,L2,915.69,898.73,926.6,925.48,9.14,1.0,20106.0,397337.0,10.04,0.91,55295600.0,155519000.0
2024-07-02,801194.SI,菫晞勦竇｡,L2,920.45,919.14,949.31,933.26,7.77,0.84,22674.0,473006.0,10.12,0.92,55760000.0,155287000.0
2024-07-03,801194.SI,菫晞勦竇｡,L2,933.14,926.68,940.78,936.77,3.51,0.38,14008.0,267942.0,10.16,0.92,55969800.0,155840000.0
2024-07-04,801194.SI,菫晞勦竇｡,L2,936.59,929.38,944.68,930.19,-6.58,-0.7,13543.0,269773.0,10.09,0.91,55576600.0,154766000.0
2024-07-05,801194.SI,菫晞勦竇｡,L2,929.39,907.01,937.06,910.22,-19.97,-2.15,18770.0,395838.0,9.87,0.89,54383600.0,151280000.0
2024-07-08,801194.SI,菫晞勦竇｡,L2,906.76,901.59,917.72,907.26,-2.96,-0.33,14527.0,267809.0,9.84,0.89,54206800.0,151615000.0
2024-07-09,801194.SI,菫晞勦竇｡,L2,907.22,897.85,925.14,922.8,15.54,1.71,17737.0,297892.0,10.01,0.91,55135400.0,153914000.0
2024-07-10,801194.SI,菫晞勦竇｡,L2,915.1,914.13,933.18,930.36,7.55,0.82,14748.0,284575.0,10.09,0.91,55586800.0,155861000.0
2024-07-11,801194.SI,菫晞勦竇｡,L2,937.66,926.65,942.7,928.02,-2.34,-0.25,16991.0,323718.0,10.07,0.91,55446900.0,154686000.0
2024-07-12,801194.SI,菫晞勦竇｡,L2,925.53,924.19,944.36,939.75,11.73,1.26,17713.0,381509.0,10.19,0.92,56147600.0,156758000.0
2024-07-15,801194.SI,菫晞勦竇｡,L2,938.06,935.29,948.01,939.28,-0.46,-0.05,14641.0,286878.0,10.19,0.92,56119900.0,156953000.0
2024-07-16,801194.SI,菫晞勦竇｡,L2,930.34,903.72,933.13,916.68,-22.6,-2.41,19401.0,531993.0,9.94,0.9,54769400.0,154763000.0
2024-07-17,801194.SI,菫晞勦竇｡,L2,916.57,916.06,945.33,941.75,25.07,2.73,21827.0,552121.0,10.21,0.92,56267200.0,158803000.0
2024-07-18,801194.SI,菫晞勦竇｡,L2,939.97,934.07,950.76,946.03,4.28,0.45,19537.0,426446.0,10.26,0.93,56522900.0,159773000.0
2024-07-19,801194.SI,菫晞勦竇｡,L2,945.72,939.16,958.82,955.77,9.75,1.03,19755.0,447665.0,10.37,0.94,57105200.0,159992000.0
2024-07-22,801194.SI,菫晞勦竇｡,L2,956.32,944.4,959.6,953.54,-2.23,-0.23,20286.0,376784.0,10.34,0.94,56971900.0,159212000.0
2024-07-23,801194.SI,菫晞勦竇｡,L2,952.43,945.5,958.05,946.38,-7.16,-0.75,21707.0,371548.0,10.26,0.93,56543900.0,157391000.0
2024-07-24,801194.SI,菫晞勦竇｡,L2,946.83,934.94,951.7,939.6,-6.77,-0.72,18335.0,320519.0,10.19,0.92,56139200.0,155720000.0
2024-07-25,801194.SI,菫晞勦竇｡,L2,938.59,931.11,946.36,939.17,-0.43,-0.05,17362.0,340906.0,10.19,0.92,56113400.0,155991000.0
2024-07-26,801194.SI,菫晞勦竇｡,L2,916.27,905.26,928.13,913.3,-25.87,-2.75,18245.0,363226.0,9.91,0.9,54567700.0,153692000.0
2024-07-29,801194.SI,菫晞勦竇｡,L2,912.86,910.13,929.3,921.78,8.48,0.93,15454.0,271852.0,10.0,0.9,55074200.0,156144000.0
2024-07-30,801194.SI,菫晞勦竇｡,L2,921.34,913.5,925.02,920.97,-0.8,-0.09,15788.0,256056.0,9.99,0.9,55026100.0,155739000.0
2024-07-31,801194.SI,菫晞勦竇｡,L2,920.97,918.35,951.88,950.53,29.56,3.21,26684.0,487289.0,10.31,0.93,56792100.0,161021000.0
2024-08-01,801194.SI,菫晞勦竇｡,L2,947.65,941.45,958.1,949.55,-0.98,-0.1,18343.0,318092.0,10.3,0.93,56733700.0,160873000.0
2024-08-02,801194.SI,菫晞勦竇｡,L2,943.63,930.54,948.87,933.58,-15.98,-1.68,15998.0,286848.0,10.13,0.92,55779200.0,158614000.0
2024-08-05,801194.SI,菫晞勦竇｡,L2,930.67,929.45,951.37,938.79,5.21,0.56,18621.0,382354.0,10.18,0.92,56090500.0,160004000.0
2024-08-06,801194.SI,菫晞勦竇｡,L2,945.67,901.21,948.5,907.95,-30.84,-3.28,24440.0,557282.0,9.85,0.89,54248100.0,153153000.0
2024-08-07,801194.SI,菫晞勦竇｡,L2,908.1,899.48,912.62,900.83,-7.12,-0.78,14116.0,295096.0,9.77,0.88,53822700.0,151009000.0
2024-08-08,801194.SI,菫晞勦竇｡,L2,901.61,893.71,910.77,902.61,1.78,0.2,12715.0,217783.0,9.79,0.89,53928800.0,151056000.0
2024-08-09,801194.SI,菫晞勦竇｡,L2,905.57,896.18,911.73,898.09,-4.52,-0.5,13142.0,223402.0,9.74,0.88,53658900.0,149801000.0
2024-08-12,801194.SI,菫晞勦竇｡,L2,896.13,890.28,900.99,898.5,0.41,0.05,10067.0,157008.0,9.75,0.88,53683500.0,150038000.0
2024-08-13,801194.SI,菫晞勦竇｡,L2,899.14,895.85,904.37,903.06,4.56,0.51,9774.0,162171.0,9.8,0.89,53955700.0,150977000.0
2024-08-14,801194.SI,菫晞勦竇｡,L2,904.18,896.2,907.86,897.54,-5.52,-0.61,9821.0,171786.0,9.74,0.88,53626000.0,150054000.0
2024-08-15,801194.SI,菫晞勦竇｡,L2,896.98,891.5,923.77,913.61,16.07,1.79,19025.0,393553.0,9.91,0.9,54586200.0,152978000.0
2024-08-16,801194.SI,菫晞勦竇｡,L2,913.01,911.25,925.51,920.59,6.98,0.76,13382.0,255551.0,9.99,0.9,55003300.0,154649000.0
2024-08-19,801194.SI,菫晞勦竇｡,L2,920.39,919.44,936.35,934.45,13.86,1.51,15458.0,289473.0,10.14,0.92,55831300.0,157756000.0
2024-08-20,801194.SI,菫晞勦竇｡,L2,935.57,925.13,936.58,930.94,-3.51,-0.38,12703.0,242563.0,10.1,0.91,55621700.0,157205000.0
2024-08-21,801194.SI,菫晞勦竇｡,L2,931.37,917.24,934.17,928.78,-2.17,-0.23,11945.0,221395.0,10.07,0.91,55492300.0,156605000.0
2024-08-22,801194.SI,菫晞勦竇｡,L2,929.01,921.88,936.11,924.49,-4.29,-0.46,14053.0,249973.0,10.03,0.91,55236300.0,156778000.0
2024-08-23,801194.SI,菫晞勦竇｡,L2,929.94,927.14,959.8,957.1,32.61,3.53,22428.0,612453.0,10.38,0.92,57184600.0,160758000.0
2024-08-26,801194.SI,菫晞勦竇｡,L2,958.96,950.15,964.8,959.14,2.04,0.21,14962.0,351329.0,10.4,0.92,57306400.0,161691000.0
2024-08-27,801194.SI,菫晞勦竇｡,L2,957.31,950.68,964.23,956.77,-2.37,-0.25,13465.0,279514.0,10.38,0.92,57164600.0,162253000.0
2024-08-28,801194.SI,菫晞勦竇｡,L2,958.41,949.83,961.8,955.37,-1.4,-0.15,12658.0,276034.0,10.36,0.92,57081200.0,161539000.0
2024-08-29,801194.SI,菫晞勦竇｡,L2,955.4,939.42,967.22,942.48,-12.89,-1.35,26186.0,442249.0,10.22,0.9,56310700.0,160340000.0
2024-08-30,801194.SI,菫晞勦竇｡,L2,948.92,948.51,991.15,979.77,37.3,3.96,41743.0,999098.0,10.63,0.94,58539100.0,166315000.0
2024-09-02,801194.SI,菫晞勦竇｡,L2,977.35,969.38,988.79,974.33,-5.44,-0.56,41090.0,626141.0,9.36,0.93,58213800.0,168024000.0
2024-09-03,801194.SI,菫晞勦竇｡,L2,975.62,964.41,978.6,969.22,-5.11,-0.52,39824.0,431558.0,9.31,0.93,57908500.0,167843000.0
2024-09-04,801194.SI,菫晞勦竇｡,L2,971.29,953.32,981.6,958.32,-10.9,-1.12,37333.0,436724.0,9.2,0.92,57257200.0,165837000.0
2024-09-05,801194.SI,菫晞勦竇｡,L2,957.65,957.15,978.92,976.48,18.17,1.9,25409.0,432504.0,9.38,0.93,58342700.0,168422000.0
2024-09-06,801194.SI,菫晞勦竇｡,L2,976.96,971.14,993.34,977.18,0.7,0.07,17618.0,407236.0,9.38,0.93,58384400.0,168510000.0
2024-09-09,801194.SI,菫晞勦竇｡,L2,972.76,959.41,978.83,963.58,-13.6,-1.39,33587.0,463040.0,9.25,0.92,57571600.0,166692000.0
2024-09-10,801194.SI,菫晞勦竇｡,L2,965.14,952.94,971.08,961.47,-2.11,-0.22,46774.0,378893.0,9.23,0.92,57445400.0,166425000.0
2024-09-11,801194.SI,菫晞勦竇｡,L2,960.33,953.49,968.21,958.28,-3.19,-0.33,51408.0,383504.0,9.2,0.92,57254700.0,165603000.0
2024-09-12,801194.SI,菫晞勦竇｡,L2,962.55,942.67,965.56,958.97,0.69,0.07,61764.0,481304.0,9.21,0.92,57296100.0,165841000.0
2024-09-13,801194.SI,菫晞勦竇｡,L2,958.36,956.67,977.92,966.05,7.08,0.74,36522.0,376250.0,9.28,0.92,57719300.0,166944000.0
2024-09-18,801194.SI,菫晞勦竇｡,L2,967.34,965.25,989.72,984.95,18.9,1.96,68969.0,571756.0,9.46,0.94,58848700.0,170781000.0
2024-09-19,801194.SI,菫晞勦竇｡,L2,983.84,974.05,993.04,989.78,4.83,0.49,59728.0,534215.0,9.51,0.95,59137400.0,170869000.0
2024-09-20,801194.SI,菫晞勦竇｡,L2,988.14,980.62,995.69,990.38,0.59,0.06,52139.0,516965.0,9.51,0.95,59172900.0,170744000.0
2024-09-23,801194.SI,菫晞勦竇｡,L2,989.33,983.01,1000.08,992.93,2.55,0.26,46232.0,380352.0,9.54,0.95,59325400.0,172356000.0
2024-09-24,801194.SI,菫晞勦竇｡,L2,1003.51,998.29,1048.7,1048.13,55.2,5.56,78612.0,1135900.0,10.07,1.0,62623300.0,180466000.0
2024-09-25,801194.SI,菫晞勦竇｡,L2,1073.41,1059.56,1088.54,1066.03,17.91,1.71,88551.0,1345420.0,10.24,1.02,63693000.0,184485000.0
2024-09-26,801194.SI,菫晞勦竇｡,L2,1069.97,1060.65,1132.33,1131.49,65.46,6.14,86222.0,1489300.0,10.87,1.08,67604100.0,193116000.0
2024-09-27,801194.SI,菫晞勦竇｡,L2,1161.59,1136.14,1171.14,1165.57,34.07,3.01,68954.0,1213300.0,11.19,1.11,69639900.0,198099000.0
2024-09-30,801194.SI,菫晞勦竇｡,L2,1220.41,1212.25,1282.16,1281.11,115.54,9.91,113880.0,2622750.0,12.3,1.22,76543400.0,217756000.0
2024-10-08,801194.SI,菫晞勦竇｡,L2,1409.21,1323.59,1409.21,1382.33,101.22,7.9,127296.0,3924120.0,13.28,1.32,82591000.0,236541000.0
2024-10-09,801194.SI,菫晞勦竇｡,L2,1343.25,1248.2,1351.6,1249.94,-132.39,-9.58,111948.0,3047440.0,12.0,1.19,74681000.0,213673000.0
2024-10-10,801194.SI,菫晞勦竇｡,L2,1265.66,1246.82,1350.19,1302.67,52.73,4.22,101451.0,2549320.0,12.51,1.25,77831600.0,218643000.0
2024-10-11,801194.SI,菫晞勦竇｡,L2,1282.32,1264.8,1325.08,1277.8,-24.87,-1.91,53895.0,1366340.0,12.27,1.22,76345500.0,213225000.0
2024-10-14,801194.SI,菫晞勦竇｡,L2,1297.12,1274.65,1318.08,1305.61,27.81,2.18,55894.0,1339160.0,12.54,1.25,78007000.0,219101000.0
2024-10-15,801194.SI,菫晞勦竇｡,L2,1300.8,1269.1,1320.76,1271.73,-33.88,-2.59,51083.0,1138220.0,12.21,1.22,75983000.0,212877000.0
2024-10-16,801194.SI,菫晞勦竇｡,L2,1264.42,1255.25,1288.48,1273.08,1.35,0.11,45672.0,1033800.0,12.23,1.22,76063500.0,213751000.0
2024-10-17,801194.SI,菫晞勦竇｡,L2,1288.57,1265.37,1309.5,1266.26,-6.82,-0.54,43170.0,904087.0,12.16,1.21,75656200.0,212521000.0
2024-10-18,801194.SI,菫晞勦竇｡,L2,1249.99,1222.22,1307.24,1279.1,12.83,1.01,68410.0,1597860.0,12.28,1.22,76423000.0,216422000.0
2024-10-21,801194.SI,菫晞勦竇｡,L2,1282.28,1258.2,1291.3,1275.1,-3.99,-0.31,53375.0,1049090.0,12.25,1.22,76184400.0,216232000.0
2024-10-22,801194.SI,菫晞勦竇｡,L2,1273.71,1267.27,1306.58,1280.2,5.1,0.4,47066.0,958641.0,12.29,1.25,76489000.0,216815000.0
2024-10-23,801194.SI,菫晞勦竇｡,L2,1280.74,1273.97,1330.98,1308.64,28.44,2.22,61624.0,1316420.0,12.57,1.28,78188000.0,222024000.0
2024-10-24,801194.SI,菫晞勦竇｡,L2,1297.33,1287.49,1309.04,1300.78,-7.85,-0.6,46958.0,704106.0,12.49,1.27,77718800.0,219831000.0
2024-10-25,801194.SI,菫晞勦竇｡,L2,1299.79,1286.81,1310.29,1290.93,-9.86,-0.76,41076.0,676653.0,12.4,1.26,77130000.0,218021000.0
2024-10-28,801194.SI,菫晞勦竇｡,L2,1291.32,1274.15,1297.73,1284.92,-6.0,-0.47,37585.0,677481.0,12.34,1.25,76771300.0,216132000.0
2024-10-29,801194.SI,菫晞勦竇｡,L2,1284.77,1282.05,1307.34,1287.47,2.55,0.2,36746.0,723127.0,12.36,1.26,76923500.0,216354000.0
2024-10-30,801194.SI,菫晞勦竇｡,L2,1285.23,1242.87,1295.91,1250.69,-36.79,-2.86,39684.0,952473.0,12.01,1.22,74725600.0,210825000.0
2024-10-31,801194.SI,菫晞勦竇｡,L2,1250.73,1236.39,1269.98,1247.59,-3.1,-0.25,41298.0,880487.0,11.98,1.21,74540500.0,209568000.0
2024-11-01,801194.SI,菫晞勦竇｡,L2,1252.14,1245.4,1271.87,1251.82,4.24,0.34,36744.0,788002.0,8.81,1.21,74793600.0,211216000.0
2024-11-04,801194.SI,菫晞勦竇｡,L2,1252.89,1241.79,1267.79,1267.56,15.73,1.26,30702.0,678004.0,8.92,1.22,75733500.0,213257000.0
2024-11-05,801194.SI,菫晞勦竇｡,L2,1264.53,1252.61,1319.82,1316.16,48.61,3.83,63396.0,1484020.0,9.26,1.27,78637700.0,224132000.0
2024-11-06,801194.SI,菫晞勦竇｡,L2,1316.99,1273.73,1325.03,1287.46,-28.7,-2.18,76913.0,1551500.0,9.06,1.24,76922900.0,219234000.0
2024-11-07,801194.SI,菫晞勦竇｡,L2,1275.41,1272.5,1372.43,1369.04,81.58,6.34,88336.0,2151500.0,9.63,1.32,81796900.0,236153000.0
2024-11-08,801194.SI,菫晞勦竇｡,L2,1382.25,1330.4,1388.11,1335.27,-33.77,-2.47,91822.0,1874400.0,9.39,1.29,79779300.0,232450000.0
2024-11-11,801194.SI,菫晞勦竇｡,L2,1313.78,1292.23,1323.26,1315.25,-20.02,-1.5,79184.0,1405180.0,9.25,1.27,78583400.0,227369000.0
2024-11-12,801194.SI,菫晞勦竇｡,L2,1313.75,1273.44,1329.33,1278.16,-37.1,-2.82,53664.0,1262640.0,8.99,1.23,76367000.0,219608000.0
2024-11-13,801194.SI,菫晞勦竇｡,L2,1269.62,1266.13,1290.42,1280.5,2.35,0.18,51302.0,817302.0,9.01,1.23,76507200.0,219426000.0
2024-11-14,801194.SI,菫晞勦竇｡,L2,1279.84,1272.82,1304.62,1277.59,-2.92,-0.23,49057.0,938805.0,8.99,1.23,76332900.0,220238000.0
2024-11-15,801194.SI,菫晞勦竇｡,L2,1274.3,1249.29,1288.2,1249.49,-28.09,-2.2,42932.0,875417.0,8.79,1.2,74654300.0,215164000.0
2024-11-18,801194.SI,菫晞勦竇｡,L2,1257.0,1240.12,1285.48,1251.07,1.58,0.13,49891.0,915340.0,8.8,1.21,74748600.0,215975000.0
2024-11-19,801194.SI,菫晞勦竇｡,L2,1254.32,1231.14,1258.58,1246.3,-4.77,-0.38,45639.0,753053.0,8.77,1.2,74463800.0,214776000.0
2024-11-20,801194.SI,菫晞勦竇｡,L2,1245.3,1235.47,1253.12,1244.32,-1.98,-0.16,35631.0,609076.0,8.75,1.2,74345300.0,214306000.0
2024-11-21,801194.SI,菫晞勦竇｡,L2,1243.91,1234.66,1249.35,1245.47,1.15,0.09,28697.0,505622.0,8.76,1.2,74414200.0,214791000.0
2024-11-22,801194.SI,菫晞勦竇｡,L2,1244.7,1187.48,1247.61,1188.36,-57.11,-4.59,40115.0,982504.0,8.36,1.15,71001900.0,203893000.0
2024-11-25,801194.SI,菫晞勦竇｡,L2,1188.44,1165.93,1194.22,1176.87,-11.49,-0.97,33306.0,719914.0,8.28,1.13,70315400.0,201328000.0
2024-11-26,801194.SI,菫晞勦竇｡,L2,1175.25,1171.12,1193.38,1185.61,8.74,0.74,30470.0,471599.0,8.34,1.14,70837400.0,202890000.0
2024-11-27,801194.SI,菫晞勦竇｡,L2,1184.33,1177.66,1201.1,1199.71,14.1,1.19,29003.0,530208.0,8.44,1.16,71679900.0,206555000.0
2024-11-28,801194.SI,菫晞勦竇｡,L2,1200.47,1182.06,1209.36,1188.87,-10.84,-0.9,26314.0,483990.0,8.36,1.15,71032500.0,203969000.0
2024-11-29,801194.SI,菫晞勦竇｡,L2,1187.88,1185.19,1222.5,1194.77,5.89,0.5,36649.0,704193.0,8.41,1.15,71384600.0,205830000.0
2024-12-02,801194.SI,菫晞勦竇｡,L2,1193.81,1191.45,1217.29,1212.08,17.32,1.45,29291.0,569427.0,8.53,1.17,72419200.0,208254000.0
2024-12-03,801194.SI,菫晞勦竇｡,L2,1208.88,1201.59,1229.47,1224.89,12.8,1.06,30327.0,630117.0,8.62,1.18,73184100.0,210952000.0
2024-12-04,801194.SI,菫晞勦竇｡,L2,1218.61,1206.61,1223.49,1212.63,-12.25,-1.0,23265.0,464533.0,8.53,1.17,72452100.0,208615000.0
2024-12-05,801194.SI,菫晞勦竇｡,L2,1207.26,1200.26,1216.34,1205.57,-7.06,-0.58,40111.0,466757.0,8.48,1.16,72030000.0,207084000.0
2024-12-06,801194.SI,菫晞勦竇｡,L2,1207.94,1206.78,1262.35,1243.71,38.14,3.16,61342.0,1233190.0,8.75,1.2,74308900.0,214471000.0
2024-12-09,801194.SI,菫晞勦竇｡,L2,1238.85,1228.43,1253.56,1240.0,-3.71,-0.3,65193.0,977463.0,8.72,1.2,74087100.0,215021000.0
2024-12-10,801194.SI,菫晞勦竇｡,L2,1290.13,1255.04,1298.42,1258.01,18.01,1.45,95116.0,1560320.0,8.85,1.21,75163400.0,217105000.0
2024-12-11,801194.SI,菫晞勦竇｡,L2,1255.08,1234.84,1265.38,1236.69,-21.32,-1.69,54242.0,817731.0,8.7,1.19,73889500.0,212790000.0
2024-12-12,801194.SI,菫晞勦竇｡,L2,1237.12,1229.54,1263.16,1254.59,17.89,1.45,69515.0,944946.0,8.83,1.21,74958600.0,216860000.0
2024-12-13,801194.SI,菫晞勦竇｡,L2,1244.46,1208.44,1245.43,1210.73,-43.86,-3.5,65724.0,1121070.0,8.52,1.17,72338100.0,208504000.0
2024-12-16,801194.SI,菫晞勦竇｡,L2,1209.37,1190.21,1217.19,1196.22,-14.5,-1.2,53653.0,815993.0,8.42,1.15,71471500.0,205664000.0
2024-12-17,801194.SI,菫晞勦竇｡,L2,1192.56,1187.72,1207.09,1193.98,-2.24,-0.19,43280.0,694900.0,8.4,1.15,71337400.0,205819000.0
2024-12-18,801194.SI,菫晞勦竇｡,L2,1200.84,1191.68,1213.61,1193.77,-0.21,-0.02,44667.0,688301.0,8.4,1.15,71325000.0,205958000.0
2024-12-19,801194.SI,菫晞勦竇｡,L2,1184.12,1178.19,1193.76,1191.1,-2.67,-0.22,31108.0,514928.0,8.38,1.15,71165500.0,205689000.0
2024-12-20,801194.SI,菫晞勦竇｡,L2,1191.23,1179.91,1199.2,1183.74,-7.36,-0.62,30593.0,595111.0,8.33,1.14,70725500.0,204167000.0
2024-12-23,801194.SI,菫晞勦竇｡,L2,1183.15,1182.8,1203.62,1192.8,9.07,0.77,38067.0,701299.0,8.39,1.15,71267200.0,205332000.0
2024-12-24,801194.SI,菫晞勦竇｡,L2,1192.64,1189.94,1214.09,1211.3,18.5,1.55,36621.0,707819.0,8.52,1.17,72372500.0,209365000.0
2024-12-25,801194.SI,菫晞勦竇｡,L2,1211.97,1205.1,1226.69,1215.7,4.4,0.36,45192.0,651241.0,8.55,1.17,72635100.0,210626000.0
2024-12-26,801194.SI,菫晞勦竇｡,L2,1213.86,1202.49,1217.25,1208.09,-7.6,-0.63,31825.0,508276.0,8.5,1.16,72180800.0,209983000.0
2024-12-27,801194.SI,菫晞勦竇｡,L2,1207.58,1189.57,1216.02,1204.84,-3.25,-0.27,39945.0,678366.0,8.48,1.16,71986500.0,209478000.0
2024-12-30,801194.SI,菫晞勦竇｡,L2,1202.58,1201.98,1223.06,1220.66,15.82,1.31,39590.0,762688.0,8.59,1.18,72931500.0,212375000.0
2024-12-31,801194.SI,菫晞勦竇｡,L2,1218.56,1191.11,1225.15,1191.14,-29.52,-2.42,41050.0,830942.0,8.38,1.15,71167900.0,207007000.0
2025-01-02,801194.SI,菫晞勦竇｡,L2,1191.16,1134.27,1192.59,1142.03,-49.11,-4.12,47963.0,1006010.0,8.03,1.1,68233500.0,197181000.0
2025-01-03,801194.SI,菫晞勦竇｡,L2,1146.49,1123.57,1149.41,1128.12,-13.91,-1.22,40564.0,652699.0,7.94,1.09,67402400.0,193972000.0
2025-01-06,801194.SI,菫晞勦竇｡,L2,1132.55,1115.04,1135.4,1127.14,-0.97,-0.09,34872.0,503115.0,7.93,1.09,67344200.0,193518000.0
2025-01-07,801194.SI,菫晞勦竇｡,L2,1124.66,1114.26,1128.71,1124.03,-3.11,-0.28,27390.0,443809.0,7.91,1.08,67158400.0,192864000.0
2025-01-08,801194.SI,菫晞勦竇｡,L2,1123.74,1109.77,1135.71,1128.49,4.45,0.4,33043.0,548381.0,7.94,1.09,67424500.0,193687000.0
2025-01-09,801194.SI,菫晞勦竇｡,L2,1126.81,1115.96,1132.61,1117.93,-10.56,-0.94,23435.0,416703.0,7.87,1.08,66793600.0,191407000.0
2025-01-10,801194.SI,菫晞勦竇｡,L2,1117.75,1095.97,1124.77,1097.03,-20.9,-1.87,26123.0,503954.0,7.72,1.06,65545100.0,187451000.0
2025-01-13,801194.SI,菫晞勦竇｡,L2,1086.84,1076.61,1094.84,1087.79,-9.24,-0.84,27698.0,528316.0,7.65,1.05,64993000.0,185906000.0
2025-01-14,801194.SI,菫晞勦竇｡,L2,1089.38,1084.94,1114.43,1108.78,20.98,1.93,35254.0,652367.0,7.8,1.07,66246800.0,190420000.0
2025-01-15,801194.SI,菫晞勦竇｡,L2,1105.78,1097.44,1115.63,1102.44,-6.33,-0.57,24543.0,449982.0,7.76,1.06,65868500.0,188998000.0
2025-01-16,801194.SI,菫晞勦竇｡,L2,1107.22,1098.52,1119.26,1107.54,5.09,0.46,26099.0,465417.0,7.79,1.07,66172900.0,190359000.0
2025-01-17,801194.SI,菫晞勦竇｡,L2,1104.29,1095.24,1119.3,1113.09,5.55,0.5,26573.0,529053.0,7.83,1.07,66504300.0,192161000.0
2025-01-20,801194.SI,菫晞勦竇｡,L2,1120.55,1118.53,1135.37,1122.87,9.79,0.88,23042.0,507398.0,7.9,1.08,67089100.0,193925000.0
2025-01-21,801194.SI,菫晞勦竇｡,L2,1132.44,1116.39,1136.98,1122.74,-0.13,-0.01,28043.0,477803.0,7.9,1.08,67081200.0,193998000.0
2025-01-22,801194.SI,菫晞勦竇｡,L2,1118.59,1098.32,1123.17,1103.39,-19.35,-1.72,42923.0,586836.0,7.76,1.06,65925200.0,191168000.0
2025-01-23,801194.SI,菫晞勦竇｡,L2,1127.2,1124.9,1164.87,1139.91,36.52,3.31,62942.0,1202690.0,8.02,1.1,68107100.0,199151000.0
2025-01-24,801194.SI,菫晞勦竇｡,L2,1134.05,1130.81,1159.77,1148.87,8.96,0.79,55622.0,799598.0,8.08,1.11,68642600.0,199728000.0
2025-01-27,801194.SI,菫晞勦竇｡,L2,1153.12,1143.73,1165.78,1145.1,-3.77,-0.33,40022.0,644490.0,8.06,1.1,68417300.0,198637000.0
2025-02-05,801194.SI,菫晞勦竇｡,L2,1148.98,1116.26,1149.48,1118.42,-26.68,-2.33,34389.0,635882.0,7.87,1.08,66823100.0,193434000.0
2025-02-06,801194.SI,菫晞勦竇｡,L2,1118.29,1115.76,1136.45,1131.09,12.67,1.13,36776.0,543314.0,7.96,1.09,67580300.0,195835000.0
2025-02-07,801194.SI,菫晞勦竇｡,L2,1129.08,1120.69,1160.7,1146.31,15.21,1.35,45375.0,845594.0,8.06,1.11,68489300.0,198228000.0
2025-02-10,801194.SI,菫晞勦竇｡,L2,1145.72,1142.47,1156.9,1145.99,-0.32,-0.03,32357.0,516804.0,8.06,1.1,68470300.0,197780000.0
2025-02-11,801194.SI,菫晞勦竇｡,L2,1151.08,1131.94,1152.46,1136.29,-9.7,-0.85,26378.0,459904.0,7.99,1.1,67890700.0,195685000.0
2025-02-12,801194.SI,菫晞勦竇｡,L2,1135.93,1127.04,1148.26,1146.98,10.69,0.94,31014.0,534950.0,8.07,1.11,68529100.0,197353000.0
2025-02-13,801194.SI,菫晞勦竇｡,L2,1143.59,1138.83,1161.85,1144.78,-2.2,-0.19,32377.0,658051.0,8.05,1.1,68397700.0,196763000.0
2025-02-14,801194.SI,菫晞勦竇｡,L2,1143.42,1139.33,1168.51,1161.9,17.13,1.5,34799.0,734680.0,8.17,1.12,69421000.0,199602000.0
2025-02-17,801194.SI,菫晞勦竇｡,L2,1165.56,1153.29,1180.87,1163.6,1.69,0.15,31747.0,719938.0,8.19,1.12,69522200.0,199170000.0
2025-02-18,801194.SI,菫晞勦竇｡,L2,1159.04,1147.95,1172.61,1152.33,-11.26,-0.97,32376.0,720270.0,8.11,1.11,68849300.0,197205000.0
2025-02-19,801194.SI,菫晞勦竇｡,L2,1148.82,1143.99,1163.77,1154.04,1.7,0.15,24820.0,540756.0,8.12,1.11,68951000.0,197347000.0
2025-02-20,801194.SI,菫晞勦竇｡,L2,1148.97,1133.69,1151.46,1137.47,-16.57,-1.44,24524.0,552132.0,8.0,1.1,67961200.0,194105000.0
2025-02-21,801194.SI,菫晞勦竇｡,L2,1141.91,1127.95,1157.27,1149.77,12.3,1.08,33546.0,765360.0,8.09,1.11,68695800.0,196801000.0
2025-02-24,801194.SI,菫晞勦竇｡,L2,1148.64,1140.92,1176.88,1166.87,17.1,1.49,43361.0,989062.0,8.21,1.13,69717700.0,198965000.0
2025-02-25,801194.SI,菫晞勦竇｡,L2,1155.06,1139.83,1177.62,1142.85,-24.02,-2.06,42295.0,902994.0,8.04,1.1,68282500.0,194904000.0
2025-02-26,801194.SI,菫晞勦竇｡,L2,1145.18,1143.91,1163.95,1159.73,16.88,1.48,30955.0,677284.0,8.16,1.12,69291300.0,197865000.0
2025-02-27,801194.SI,菫晞勦竇｡,L2,1162.47,1147.0,1166.54,1160.95,1.22,0.11,42211.0,705556.0,8.17,1.12,69364400.0,199096000.0
2025-02-28,801194.SI,菫晞勦竇｡,L2,1155.06,1125.81,1161.24,1125.89,-35.07,-3.02,44048.0,892162.0,7.92,1.09,67269100.0,191801000.0
2025-03-03,801194.SI,菫晞勦竇｡,L2,1129.92,1117.78,1136.67,1123.34,-2.55,-0.23,27853.0,514181.0,7.9,1.08,67116700.0,190639000.0
2025-03-04,801194.SI,菫晞勦竇｡,L2,1117.35,1114.32,1122.7,1117.24,-6.09,-0.54,21258.0,440996.0,7.86,1.08,66752700.0,189567000.0
2025-03-05,801194.SI,菫晞勦竇｡,L2,1118.95,1114.34,1128.43,1124.17,6.93,0.62,22576.0,473312.0,7.91,1.08,67166600.0,190887000.0
2025-03-06,801194.SI,菫晞勦竇｡,L2,1131.91,1125.99,1157.8,1151.3,27.13,2.41,39372.0,941487.0,8.1,1.11,68787300.0,195064000.0
2025-03-07,801194.SI,菫晞勦竇｡,L2,1149.16,1139.71,1153.56,1145.23,-6.07,-0.53,27204.0,550150.0,8.06,1.1,68424800.0,193283000.0
2025-03-10,801194.SI,菫晞勦竇｡,L2,1144.47,1125.29,1147.3,1135.88,-9.34,-0.82,24121.0,623407.0,7.99,1.1,67866400.0,190360000.0
2025-03-11,801194.SI,菫晞勦竇｡,L2,1124.03,1119.8,1139.38,1139.3,3.41,0.3,21609.0,561523.0,8.02,1.1,68070300.0,190333000.0
2025-03-12,801194.SI,菫晞勦竇｡,L2,1139.12,1129.0,1144.86,1134.47,-4.82,-0.42,23660.0,582664.0,7.98,1.09,67782000.0,189654000.0
2025-03-13,801194.SI,菫晞勦竇｡,L2,1133.93,1128.3,1144.6,1133.64,-0.83,-0.07,22343.0,488662.0,7.98,1.09,67732300.0,189480000.0
2025-03-14,801194.SI,菫晞勦竇｡,L2,1136.61,1134.37,1203.16,1194.41,60.77,5.36,78007.0,1859140.0,8.4,1.15,71363400.0,200591000.0
2025-03-17,801194.SI,菫晞勦竇｡,L2,1192.71,1185.46,1200.15,1194.3,-0.12,-0.01,52412.0,976874.0,8.4,1.15,71356400.0,200690000.0
2025-03-18,801194.SI,菫晞勦竇｡,L2,1201.18,1195.63,1210.26,1199.04,4.75,0.4,27607.0,644499.0,8.44,1.16,71639900.0,200442000.0
2025-03-19,801194.SI,菫晞勦竇｡,L2,1197.36,1192.64,1209.89,1203.75,4.71,0.39,28519.0,610889.0,8.47,1.16,71921500.0,200789000.0
2025-03-20,801194.SI,菫晞勦竇｡,L2,1203.96,1161.54,1204.35,1166.83,-36.92,-3.07,36183.0,1061580.0,7.76,1.11,69715300.0,194576000.0
2025-03-21,801194.SI,菫晞勦竇｡,L2,1164.88,1149.17,1174.69,1151.71,-15.12,-1.3,34528.0,796994.0,7.66,1.09,68811800.0,192427000.0
2025-03-24,801194.SI,菫晞勦竇｡,L2,1153.11,1152.53,1165.89,1161.73,10.02,0.87,28930.0,591704.0,7.73,1.1,69410700.0,194137000.0
2025-03-25,801194.SI,菫晞勦竇｡,L2,1161.9,1153.94,1165.01,1157.93,-3.8,-0.33,18397.0,392999.0,7.7,1.1,69183700.0,193876000.0
2025-03-26,801194.SI,菫晞勦竇｡,L2,1157.83,1151.14,1161.64,1152.43,-5.5,-0.47,16779.0,429463.0,7.67,1.09,68855300.0,193186000.0
2025-03-27,801194.SI,菫晞勦竇｡,L2,1151.86,1147.04,1171.78,1161.43,8.99,0.78,28322.0,610203.0,7.68,1.1,69392600.0,194664000.0
2025-03-28,801194.SI,菫晞勦竇｡,L2,1164.92,1156.31,1171.28,1158.96,-2.47,-0.21,27292.0,577538.0,7.52,1.09,69244900.0,193601000.0
2025-03-31,801194.SI,菫晞勦竇｡,L2,1156.86,1146.97,1168.72,1152.58,-6.37,-0.55,25163.0,588224.0,7.48,1.09,68864100.0,192724000.0
2025-04-01,801194.SI,菫晞勦竇｡,L2,1152.61,1147.66,1160.25,1153.91,1.32,0.11,20615.0,493592.0,7.49,1.09,68943200.0,192861000.0
2025-04-02,801194.SI,菫晞勦竇｡,L2,1153.54,1150.84,1163.47,1158.32,4.42,0.38,19920.0,461997.0,7.52,1.09,69207200.0,193472000.0
2025-04-03,801194.SI,菫晞勦竇｡,L2,1147.47,1145.07,1163.62,1150.82,-7.51,-0.65,20669.0,520539.0,7.47,1.09,68758700.0,192859000.0
2025-04-07,801194.SI,菫晞勦竇｡,L2,1101.4,1046.46,1111.39,1076.35,-74.47,-6.47,51930.0,1487000.0,6.99,1.02,64309400.0,179246000.0
2025-04-08,801194.SI,菫晞勦竇｡,L2,1076.13,1064.7,1095.2,1093.96,17.61,1.64,40838.0,1045710.0,7.1,1.03,65361500.0,183008000.0
2025-04-09,801194.SI,菫晞勦竇｡,L2,1084.09,1072.5,1095.44,1087.55,-6.41,-0.59,37870.0,836763.0,7.06,1.03,64978600.0,181895000.0
2025-04-10,801194.SI,菫晞勦竇｡,L2,1100.91,1093.18,1109.47,1101.36,13.81,1.27,32325.0,762472.0,7.15,1.04,65803900.0,184233000.0
2025-04-11,801194.SI,菫晞勦竇｡,L2,1101.66,1087.98,1103.76,1096.74,-4.62,-0.42,22368.0,517113.0,7.12,1.03,65527900.0,183193000.0
2025-04-14,801194.SI,菫晞勦竇｡,L2,1102.81,1098.61,1109.67,1101.34,4.6,0.42,29588.0,505698.0,7.15,1.04,65802800.0,184617000.0
2025-04-15,801194.SI,菫晞勦竇｡,L2,1100.4,1094.83,1111.4,1108.54,7.2,0.65,23751.0,475059.0,7.2,1.05,66232900.0,185881000.0
2025-04-16,801194.SI,菫晞勦竇｡,L2,1106.09,1098.02,1115.35,1110.11,1.56,0.14,23561.0,499578.0,7.21,1.05,66326300.0,186936000.0
2025-04-17,801194.SI,菫晞勦竇｡,L2,1104.97,1102.37,1120.74,1117.4,7.29,0.66,19676.0,455967.0,7.25,1.05,66762100.0,188272000.0
2025-04-18,801194.SI,菫晞勦竇｡,L2,1114.21,1112.07,1128.05,1122.5,5.1,0.46,16366.0,369946.0,7.29,1.06,67066800.0,188533000.0
2025-04-21,801194.SI,菫晞勦竇｡,L2,1121.49,1117.33,1128.52,1119.42,-3.07,-0.27,14419.0,309000.0,7.27,1.06,66883100.0,188129000.0
2025-04-22,801194.SI,菫晞勦竇｡,L2,1117.95,1116.11,1131.65,1125.97,6.55,0.58,17810.0,397196.0,7.31,1.06,67274300.0,189218000.0
2025-04-23,801194.SI,菫晞勦竇｡,L2,1130.79,1122.42,1135.39,1127.99,2.02,0.18,16220.0,356317.0,7.32,1.06,67394800.0,189304000.0
2025-04-24,801194.SI,菫晞勦竇｡,L2,1127.8,1127.21,1147.57,1138.71,10.72,0.95,23535.0,519334.0,7.39,1.07,68035300.0,191134000.0
2025-04-25,801194.SI,菫晞勦竇｡,L2,1139.27,1135.03,1147.25,1137.67,-1.04,-0.09,18621.0,432693.0,7.39,1.07,67973300.0,189942000.0
2025-04-28,801194.SI,菫晞勦竇｡,L2,1119.42,1108.83,1137.15,1132.32,-5.35,-0.47,21400.0,547151.0,7.35,1.07,67653500.0,189015000.0
2025-04-29,801194.SI,菫晞勦竇｡,L2,1130.26,1122.49,1140.07,1125.44,-6.88,-0.61,12851.0,352888.0,7.31,1.06,67242200.0,187685000.0
2025-04-30,801194.SI,菫晞勦竇｡,L2,1128.17,1117.82,1138.58,1119.03,-6.4,-0.57,42462.0,518136.0,7.27,1.06,66859600.0,187068000.0
2025-05-06,801194.SI,菫晞勦竇｡,L2,1125.91,1116.48,1133.17,1125.5,6.47,0.58,17764.0,465514.0,7.71,1.07,67245900.0,189388000.0
2025-05-07,801194.SI,菫晞勦竇｡,L2,1142.38,1131.93,1148.55,1138.41,12.91,1.15,18452.0,545050.0,7.8,1.08,68017500.0,192474000.0
2025-05-08,801194.SI,菫晞勦竇｡,L2,1134.07,1131.8,1166.52,1154.6,16.19,1.42,22634.0,749095.0,7.91,1.09,68984700.0,194499000.0
2025-05-09,801194.SI,菫晞勦竇｡,L2,1153.58,1148.67,1159.63,1150.55,-4.05,-0.35,12327.0,340990.0,7.88,1.09,68742700.0,193989000.0
2025-05-12,801194.SI,菫晞勦竇｡,L2,1159.74,1154.19,1171.62,1167.33,16.78,1.46,17669.0,552384.0,7.99,1.11,69745300.0,196014000.0
2025-05-13,801194.SI,菫晞勦竇｡,L2,1171.39,1159.24,1172.2,1164.35,-2.98,-0.26,11915.0,386486.0,7.97,1.1,69567000.0,195799000.0
2025-05-14,801194.SI,菫晞勦竇｡,L2,1164.5,1161.45,1236.85,1223.39,59.04,5.07,58987.0,1794760.0,8.38,1.16,73094800.0,207610000.0
2025-05-15,801194.SI,菫晞勦竇｡,L2,1214.25,1205.97,1227.77,1210.17,-13.22,-1.08,46801.0,948441.0,8.29,1.15,72305000.0,205125000.0
2025-05-16,801194.SI,菫晞勦竇｡,L2,1205.62,1188.41,1214.99,1191.73,-18.44,-1.52,25478.0,609935.0,8.16,1.13,71203000.0,202374000.0
2025-05-19,801194.SI,菫晞勦竇｡,L2,1189.2,1185.68,1199.38,1189.25,-2.48,-0.21,20959.0,465255.0,8.14,1.13,71055000.0,201275000.0
2025-05-20,801194.SI,菫晞勦竇｡,L2,1192.15,1189.37,1208.69,1197.9,8.65,0.73,20350.0,512794.0,8.2,1.14,71571700.0,202026000.0
2025-05-21,801194.SI,菫晞勦竇｡,L2,1198.03,1196.92,1214.92,1201.01,3.12,0.26,19175.0,464573.0,8.22,1.14,71757800.0,202900000.0
2025-05-22,801194.SI,菫晞勦竇｡,L2,1198.43,1193.81,1207.17,1202.82,1.81,0.15,16507.0,364123.0,8.24,1.14,71870400.0,203511000.0
2025-05-23,801194.SI,菫晞勦竇｡,L2,1201.76,1184.61,1214.93,1186.31,-16.51,-1.37,20517.0,533555.0,8.12,1.12,70883900.0,200442000.0
2025-05-26,801194.SI,菫晞勦竇｡,L2,1185.32,1180.41,1208.97,1191.49,5.18,0.44,19260.0,482944.0,8.16,1.13,71193600.0,201897000.0
2025-05-27,801194.SI,菫晞勦竇｡,L2,1191.49,1188.01,1203.2,1190.74,-0.75,-0.06,12690.0,314893.0,8.15,1.13,71148600.0,201694000.0
2025-05-28,801194.SI,菫晞勦竇｡,L2,1191.59,1185.93,1202.22,1191.13,0.39,0.03,13722.0,376557.0,8.16,1.13,71171900.0,201887000.0
2025-05-29,801194.SI,菫晞勦竇｡,L2,1191.82,1185.97,1204.15,1196.82,5.69,0.48,15755.0,441738.0,8.2,1.13,71511900.0,202167000.0
2025-05-30,801194.SI,菫晞勦竇｡,L2,1193.52,1182.4,1202.34,1191.9,-4.92,-0.41,17961.0,469239.0,8.16,1.13,71218000.0,201834000.0
2025-06-03,801194.SI,菫晞勦竇｡,L2,1189.76,1183.86,1211.27,1203.64,11.74,0.98,17143.0,496564.0,8.24,1.14,71919500.0,203873000.0
2025-06-04,801194.SI,菫晞勦竇｡,L2,1199.44,1198.57,1216.08,1206.76,3.11,0.26,18247.0,554213.0,8.26,1.14,72105400.0,204803000.0
2025-06-05,801194.SI,菫晞勦竇｡,L2,1206.95,1202.69,1220.29,1214.97,8.21,0.68,19141.0,585623.0,8.32,1.15,72596300.0,207352000.0
2025-06-06,801194.SI,菫晞勦竇｡,L2,1214.96,1200.39,1220.14,1204.2,-10.77,-0.89,15672.0,466185.0,8.25,1.14,71953000.0,206669000.0
2025-06-09,801194.SI,菫晞勦竇｡,L2,1207.04,1203.07,1216.96,1209.29,5.09,0.42,13809.0,416591.0,8.28,1.15,72257100.0,206518000.0
2025-06-10,801194.SI,菫晞勦竇｡,L2,1209.29,1198.96,1221.25,1202.48,-6.82,-0.56,20112.0,540680.0,8.23,1.14,71849700.0,205481000.0
2025-06-11,801194.SI,菫晞勦竇｡,L2,1202.48,1201.84,1233.95,1227.94,25.46,2.12,23570.0,769657.0,8.41,1.16,73371200.0,210369000.0
2025-06-12,801194.SI,菫晞勦竇｡,L2,1223.68,1216.78,1252.05,1237.08,9.14,0.74,26176.0,787702.0,8.47,1.17,73917400.0,212101000.0
2025-06-13,801194.SI,菫晞勦竇｡,L2,1236.55,1223.72,1241.49,1229.0,-8.08,-0.65,20312.0,574261.0,8.42,1.17,73434700.0,210492000.0
2025-06-16,801194.SI,菫晞勦竇｡,L2,1226.75,1221.06,1237.75,1231.38,2.38,0.19,23165.0,619491.0,8.43,1.17,73576900.0,212093000.0
2025-06-17,801194.SI,菫晞勦竇｡,L2,1230.5,1220.89,1236.01,1228.82,-2.56,-0.21,18882.0,583754.0,8.42,1.16,73423900.0,211547000.0
2025-06-18,801194.SI,菫晞勦竇｡,L2,1227.21,1203.75,1230.17,1216.54,-12.28,-1.0,18040.0,550597.0,8.33,1.15,72689900.0,208557000.0
2025-06-19,801194.SI,菫晞勦竇｡,L2,1213.59,1198.85,1217.49,1201.76,-14.78,-1.21,14530.0,464815.0,8.23,1.14,71806800.0,205992000.0
2025-06-20,801194.SI,菫晞勦竇｡,L2,1201.99,1200.19,1237.19,1232.37,30.61,2.55,22032.0,764509.0,8.44,1.17,73636000.0,210228000.0
2025-06-23,801194.SI,菫晞勦竇｡,L2,1226.37,1219.18,1245.63,1241.01,8.64,0.7,18834.0,625893.0,8.5,1.18,74152000.0,211318000.0
2025-06-24,801194.SI,菫晞勦竇｡,L2,1244.36,1243.05,1287.96,1278.04,37.04,2.98,31310.0,1073570.0,8.75,1.21,76365100.0,218047000.0
2025-06-25,801194.SI,菫晞勦竇｡,L2,1278.71,1273.05,1309.41,1306.55,28.51,2.23,32628.0,1158980.0,8.95,1.24,78068500.0,223082000.0
2025-06-26,801194.SI,菫晞勦竇｡,L2,1304.04,1294.71,1310.6,1298.37,-8.18,-0.63,18686.0,615605.0,8.89,1.23,77579800.0,221276000.0
2025-06-27,801194.SI,菫晞勦竇｡,L2,1298.98,1273.41,1313.25,1280.16,-18.22,-1.4,26080.0,833096.0,8.77,1.21,76491400.0,216959000.0
2025-06-30,801194.SI,菫晞勦竇｡,L2,1255.61,1247.43,1268.25,1258.66,-21.49,-1.68,18864.0,617854.0,8.62,1.22,75207100.0,215621000.0
2025-07-01,801194.SI,菫晞勦竇｡,L2,1261.56,1253.69,1269.46,1262.44,3.78,0.3,14241.0,426037.0,8.65,1.23,75432900.0,216108000.0
2025-07-02,801194.SI,菫晞勦竇｡,L2,1262.23,1253.96,1270.69,1261.87,-0.58,-0.05,12571.0,418386.0,8.64,1.23,75398400.0,215364000.0
2025-07-03,801194.SI,菫晞勦竇｡,L2,1263.51,1256.78,1271.19,1262.61,0.74,0.06,13547.0,386953.0,8.65,1.23,75442700.0,215448000.0
2025-07-04,801194.SI,菫晞勦竇｡,L2,1259.49,1251.67,1297.92,1276.75,14.14,1.12,21771.0,730864.0,8.74,1.24,76287600.0,217043000.0
2025-07-07,801194.SI,菫晞勦竇｡,L2,1275.67,1266.09,1285.2,1277.21,0.46,0.04,14400.0,437585.0,8.75,1.24,76315200.0,217153000.0
2025-07-08,801194.SI,菫晞勦竇｡,L2,1275.58,1268.13,1284.4,1277.14,-0.07,-0.01,17286.0,484012.0,8.75,1.24,76311200.0,216887000.0
2025-07-09,801194.SI,菫晞勦竇｡,L2,1276.59,1259.97,1283.06,1260.38,-16.76,-1.31,18831.0,526317.0,8.63,1.22,75309700.0,212954000.0
2025-07-10,801194.SI,菫晞勦竇｡,L2,1259.08,1256.97,1294.25,1282.25,21.87,1.74,24660.0,847418.0,8.78,1.25,76616600.0,214606000.0
2025-07-11,801194.SI,菫晞勦竇｡,L2,1281.18,1279.46,1329.6,1297.24,14.98,1.17,40169.0,1345800.0,8.88,1.26,77511800.0,216377000.0
2025-07-14,801194.SI,菫晞勦竇｡,L2,1296.12,1291.63,1309.78,1294.26,-2.98,-0.23,20475.0,599141.0,8.86,1.26,77334000.0,215808000.0
2025-07-15,801194.SI,菫晞勦竇｡,L2,1297.06,1279.47,1303.71,1284.14,-10.12,-0.78,17003.0,570229.0,8.79,1.25,76729400.0,214393000.0
2025-07-16,801194.SI,菫晞勦竇｡,L2,1285.18,1262.38,1288.02,1276.61,-7.53,-0.59,18175.0,574497.0,8.74,1.24,76279600.0,212959000.0
2025-07-17,801194.SI,菫晞勦竇｡,L2,1273.72,1272.2,1282.88,1276.69,0.08,0.01,11902.0,359903.0,8.74,1.24,76284100.0,213279000.0
2025-07-18,801194.SI,菫晞勦竇｡,L2,1275.34,1271.92,1291.39,1279.69,3.0,0.24,65642.0,705223.0,8.76,1.24,76463500.0,214103000.0
2025-07-21,801194.SI,菫晞勦竇｡,L2,1280.45,1271.32,1292.46,1280.33,0.63,0.05,44459.0,665551.0,8.77,1.24,76501400.0,214098000.0
2025-07-22,801194.SI,菫晞勦竇｡,L2,1279.94,1255.22,1284.88,1270.93,-9.4,-0.73,48206.0,913301.0,8.7,1.24,75940000.0,213358000.0
2025-07-23,801194.SI,菫晞勦竇｡,L2,1273.96,1271.96,1310.28,1299.52,28.59,2.25,59030.0,1153650.0,8.9,1.26,77648400.0,217386000.0
2025-07-24,801194.SI,菫晞勦竇｡,L2,1297.13,1291.96,1321.0,1311.51,11.99,0.92,40321.0,895931.0,8.98,1.27,78364700.0,219120000.0
2025-07-25,801194.SI,菫晞勦竇｡,L2,1305.16,1294.24,1314.04,1303.14,-8.37,-0.64,41680.0,792145.0,8.92,1.27,77864400.0,218773000.0
2025-07-28,801194.SI,菫晞勦竇｡,L2,1305.85,1305.24,1355.2,1348.74,45.61,3.5,50941.0,1369050.0,9.24,1.31,80589600.0,225744000.0
2025-07-29,801194.SI,菫晞勦竇｡,L2,1345.46,1329.33,1352.51,1332.75,-16.0,-1.19,31959.0,773956.0,9.13,1.3,79633600.0,222573000.0
2025-07-30,801194.SI,菫晞勦竇｡,L2,1332.53,1329.35,1370.87,1357.81,25.06,1.88,49862.0,1103070.0,9.3,1.32,81131100.0,225262000.0
2025-07-31,801194.SI,菫晞勦竇｡,L2,1350.81,1305.94,1353.69,1313.24,-44.56,-3.28,49680.0,1032220.0,8.99,1.28,78468300.0,217729000.0
2025-08-01,801194.SI,菫晞勦竇｡,L2,1311.39,1298.38,1322.7,1301.22,-12.02,-0.92,34617.0,649704.0,8.91,1.26,77749900.0,216127000.0
2025-08-04,801194.SI,菫晞勦竇｡,L2,1297.47,1291.14,1305.23,1301.95,0.73,0.06,28155.0,500511.0,8.92,1.27,77793600.0,216322000.0
2025-08-05,801194.SI,菫晞勦竇｡,L2,1303.73,1301.33,1328.66,1323.23,21.27,1.63,33808.0,616436.0,9.06,1.29,79064900.0,219863000.0
2025-08-06,801194.SI,菫晞勦竇｡,L2,1322.26,1315.38,1336.48,1322.71,-0.52,-0.04,30495.0,459204.0,9.06,1.29,79033900.0,220476000.0
2025-08-07,801194.SI,菫晞勦竇｡,L2,1322.54,1308.07,1332.36,1316.04,-6.67,-0.5,13727.0,465059.0,9.01,1.28,78635500.0,218784000.0
2025-08-08,801194.SI,菫晞勦竇｡,L2,1313.83,1298.25,1315.29,1304.49,-11.55,-0.88,12803.0,467297.0,8.93,1.27,77945300.0,216452000.0
2025-08-11,801194.SI,菫晞勦竇｡,L2,1308.9,1299.3,1317.37,1301.21,-3.28,-0.25,25367.0,647900.0,8.91,1.26,77749100.0,215265000.0
2025-08-12,801194.SI,菫晞勦竇｡,L2,1301.09,1300.32,1316.1,1309.06,7.86,0.6,61525.0,647157.0,8.96,1.27,78218500.0,216800000.0
2025-08-13,801194.SI,菫晞勦竇｡,L2,1313.09,1303.88,1326.66,1308.34,-0.72,-0.06,59734.0,926528.0,8.96,1.27,78175300.0,216397000.0
2025-08-14,801194.SI,菫晞勦竇｡,L2,1311.62,1310.96,1357.53,1336.27,27.93,2.13,40002.0,1293460.0,9.15,1.3,79844200.0,220799000.0
2025-08-15,801194.SI,菫晞勦竇｡,L2,1333.87,1317.24,1361.47,1346.22,9.95,0.74,33658.0,1208380.0,9.22,1.31,80438900.0,224942000.0
2025-08-18,801194.SI,菫晞勦竇｡,L2,1348.49,1336.6,1362.72,1341.16,-5.06,-0.38,27778.0,1062370.0,9.18,1.3,80136600.0,225798000.0
2025-08-19,801194.SI,菫晞勦竇｡,L2,1347.92,1311.57,1358.46,1314.9,-26.26,-1.96,22672.0,914137.0,9.0,1.28,78567300.0,221019000.0
2025-08-20,801194.SI,菫晞勦竇｡,L2,1312.15,1301.4,1339.66,1339.33,24.43,1.86,19828.0,755314.0,9.17,1.3,80027000.0,224508000.0
2025-08-21,801194.SI,菫晞勦竇｡,L2,1338.93,1330.92,1354.71,1344.06,4.73,0.35,20761.0,661317.0,9.2,1.31,80309800.0,224789000.0
2025-08-22,801194.SI,菫晞勦竇｡,L2,1342.69,1339.41,1365.31,1364.59,20.52,1.53,21901.0,845168.0,9.35,1.33,81536200.0,228474000.0
2025-08-25,801194.SI,菫晞勦竇｡,L2,1368.59,1354.38,1379.47,1375.76,11.17,0.82,23708.0,887635.0,9.42,1.34,82203500.0,229547000.0
2025-08-26,801194.SI,菫晞勦竇｡,L2,1372.77,1361.42,1377.24,1363.17,-12.59,-0.92,16853.0,630958.0,9.34,1.32,81451300.0,227670000.0
2025-08-27,801194.SI,菫晞勦竇｡,L2,1361.92,1321.84,1364.2,1322.68,-40.49,-2.97,28692.0,1173520.0,9.06,1.25,79032100.0,221433000.0
2025-08-28,801194.SI,菫晞勦竇｡,L2,1321.05,1310.11,1332.2,1327.35,4.67,0.35,24452.0,832205.0,9.09,1.25,79311100.0,222206000.0
2025-08-29,801194.SI,菫晞勦竇｡,L2,1335.12,1333.28,1387.99,1352.33,24.98,1.88,40891.0,1543230.0,9.26,1.27,80804000.0,226547000.0
2025-09-01,801194.SI,菫晞勦竇｡,L2,1351.34,1317.25,1353.35,1320.82,-31.51,-2.33,29555.0,1130460.0,8.72,1.24,78921200.0,220940000.0
2025-09-02,801194.SI,菫晞勦竇｡,L2,1320.45,1311.36,1328.44,1323.22,2.4,0.18,20408.0,775846.0,8.74,1.24,79064400.0,220938000.0
2025-09-03,801194.SI,菫晞勦竇｡,L2,1329.2,1289.37,1334.29,1298.52,-24.7,-1.87,21789.0,805073.0,8.57,1.22,77588400.0,215184000.0
2025-09-04,801194.SI,菫晞勦竇｡,L2,1297.44,1276.91,1304.1,1291.83,-6.69,-0.51,27322.0,967873.0,8.53,1.21,77189000.0,215527000.0
2025-09-05,801194.SI,菫晞勦竇｡,L2,1290.21,1278.29,1301.58,1297.84,6.0,0.46,20067.0,702222.0,8.57,1.22,77547600.0,214881000.0
2025-09-08,801194.SI,菫晞勦竇｡,L2,1294.35,1283.2,1301.64,1290.71,-7.12,-0.55,19569.0,649863.0,8.52,1.21,77122100.0,213230000.0
2025-09-09,801194.SI,菫晞勦竇｡,L2,1291.13,1285.37,1305.07,1295.65,4.93,0.38,19877.0,683995.0,8.52,1.21,76822700.0,213521000.0
2025-09-10,801194.SI,菫晞勦竇｡,L2,1290.99,1286.51,1300.07,1292.62,-3.03,-0.23,13417.0,425149.0,8.5,1.21,76642900.0,212663000.0
2025-09-11,801194.SI,菫晞勦竇｡,L2,1293.11,1285.94,1311.54,1311.48,18.86,1.46,21675.0,758405.0,8.62,1.22,77761500.0,215182000.0
2025-09-12,801194.SI,菫晞勦竇｡,L2,1316.08,1285.25,1320.95,1288.79,-22.69,-1.73,22068.0,820370.0,8.47,1.2,76416200.0,211933000.0
2025-09-15,801194.SI,菫晞勦竇｡,L2,1287.54,1273.66,1294.77,1279.16,-9.63,-0.75,20733.0,695244.0,8.41,1.19,75845100.0,210098000.0
2025-09-16,801194.SI,菫晞勦竇｡,L2,1279.5,1259.5,1282.09,1263.03,-16.13,-1.26,22254.0,806122.0,8.31,1.18,74888600.0,208116000.0
2025-09-17,801194.SI,菫晞勦竇｡,L2,1263.9,1257.63,1273.02,1261.36,-1.67,-0.13,21424.0,829254.0,8.29,1.18,74789500.0,208786000.0
2025-09-18,801194.SI,菫晞勦竇｡,L2,1262.59,1227.8,1263.44,1233.41,-27.95,-2.22,33544.0,1119770.0,8.11,1.15,73132400.0,204516000.0
2025-09-19,801194.SI,菫晞勦竇｡,L2,1232.88,1224.04,1245.49,1227.39,-6.02,-0.49,19552.0,641952.0,8.07,1.15,72775600.0,202803000.0
2025-09-22,801194.SI,菫晞勦竇｡,L2,1231.93,1222.47,1239.16,1227.5,0.11,0.01,13824.0,460939.0,8.07,1.15,72782200.0,202181000.0
2025-09-23,801194.SI,菫晞勦竇｡,L2,1224.97,1217.55,1242.25,1226.11,-1.39,-0.11,20305.0,699242.0,8.06,1.14,72699500.0,202325000.0
2025-09-24,801194.SI,菫晞勦竇｡,L2,1229.45,1221.14,1240.29,1231.02,4.91,0.4,18312.0,594449.0,8.09,1.15,72990600.0,202754000.0
2025-09-25,801194.SI,菫晞勦竇｡,L2,1230.28,1223.15,1233.53,1226.37,-4.65,-0.38,14454.0,503191.0,8.06,1.14,72715100.0,202081000.0
2025-09-26,801194.SI,菫晞勦竇｡,L2,1224.19,1216.57,1239.78,1233.02,6.65,0.54,19522.0,681005.0,8.11,1.15,73109600.0,203928000.0
2025-09-29,801194.SI,菫晞勦竇｡,L2,1231.15,1226.65,1283.54,1252.31,19.29,1.56,41080.0,1445810.0,8.21,1.18,74253200.0,208241000.0
2025-09-30,801194.SI,菫晞勦竇｡,L2,1247.73,1229.87,1259.14,1234.92,-17.39,-1.39,27152.0,973481.0,8.09,1.16,72968100.0,205739000.0
2025-10-09,801194.SI,菫晞勦竇｡,L2,1231.95,1212.62,1239.06,1233.78,-1.14,-0.09,25831.0,907438.0,8.08,1.16,72901000.0,205868000.0
2025-10-10,801194.SI,菫晞勦竇｡,L2,1226.54,1226.04,1257.42,1243.97,10.18,0.83,24803.0,848968.0,8.15,1.17,73502700.0,206981000.0
2025-10-13,801194.SI,菫晞勦竇｡,L2,1221.45,1219.24,1240.14,1234.11,-9.85,-0.79,21911.0,727806.0,8.09,1.16,72920500.0,204968000.0
2025-10-14,801194.SI,菫晞勦竇｡,L2,1249.54,1247.31,1275.47,1268.18,34.06,2.76,46594.0,1520210.0,8.31,1.19,74933100.0,210764000.0
2025-10-15,801194.SI,菫晞勦竇｡,L2,1267.88,1263.66,1301.52,1298.08,29.91,2.36,31110.0,1163800.0,8.51,1.22,76700300.0,214969000.0
2025-10-16,801194.SI,菫晞勦竇｡,L2,1296.83,1295.07,1324.56,1312.41,14.33,1.1,41485.0,1336010.0,8.6,1.23,77546800.0,221443000.0
2025-10-17,801194.SI,菫晞勦竇｡,L2,1310.93,1286.48,1322.15,1289.36,-23.05,-1.76,28400.0,1000770.0,8.45,1.21,76185000.0,215334000.0
2025-10-20,801194.SI,菫晞勦竇｡,L2,1318.03,1295.07,1323.3,1305.43,16.07,1.25,27068.0,929802.0,8.55,1.23,77134600.0,219974000.0
2025-10-21,801194.SI,菫晞勦竇｡,L2,1304.31,1303.37,1333.51,1314.81,9.38,0.72,30871.0,1132730.0,8.62,1.24,77688600.0,224018000.0
2025-10-22,801194.SI,菫晞勦竇｡,L2,1311.29,1307.8,1324.44,1316.72,1.91,0.15,16973.0,608477.0,8.63,1.24,77801500.0,224093000.0
2025-10-23,801194.SI,菫晞勦竇｡,L2,1316.19,1310.84,1333.09,1327.91,11.19,0.85,18420.0,657005.0,8.7,1.25,78462500.0,226304000.0
2025-10-24,801194.SI,菫晞勦竇｡,L2,1316.98,1307.11,1325.07,1313.16,-14.74,-1.11,17302.0,670668.0,8.6,1.26,77591300.0,225032000.0
2025-10-27,801194.SI,菫晞勦竇｡,L2,1315.64,1303.07,1328.81,1314.27,1.11,0.08,25190.0,954756.0,8.61,1.26,77656900.0,226912000.0
2025-10-28,801194.SI,菫晞勦竇｡,L2,1314.96,1308.23,1324.69,1313.8,-0.47,-0.04,17779.0,660659.0,8.61,1.26,77629200.0,226615000.0
2025-10-29,801194.SI,菫晞勦竇｡,L2,1327.62,1323.69,1349.93,1335.79,21.98,1.67,25691.0,1087200.0,8.75,1.22,78928000.0,228695000.0
2025-10-30,801194.SI,菫晞勦竇｡,L2,1341.18,1326.1,1362.7,1329.98,-5.8,-0.43,25264.0,1026440.0,8.71,1.21,78585200.0,226445000.0
2025-10-31,801194.SI,菫晞勦竇｡,L2,1333.01,1300.12,1334.29,1301.51,-28.47,-2.14,30328.0,1052770.0,8.53,1.16,76902800.0,221610000.0
2025-11-03,801194.SI,菫晞勦竇｡,L2,1308.2,1294.91,1317.3,1304.01,2.49,0.19,18850.0,675520.0,7.17,1.16,77050200.0,219858000.0
2025-11-04,801194.SI,菫晞勦竇｡,L2,1304.47,1301.24,1323.06,1316.46,12.46,0.96,17076.0,638310.0,7.24,1.18,77786100.0,221506000.0
2025-11-05,801194.SI,菫晞勦竇｡,L2,1305.19,1294.35,1313.98,1303.1,-13.36,-1.01,13438.0,491269.0,7.17,1.16,76996800.0,219516000.0
2025-11-06,801194.SI,菫晞勦竇｡,L2,1305.52,1303.74,1327.26,1319.02,15.92,1.22,21742.0,777774.0,7.26,1.18,77937500.0,223176000.0
2025-11-07,801194.SI,菫晞勦竇｡,L2,1315.19,1312.0,1327.01,1317.73,-1.29,-0.1,14175.0,520204.0,7.25,1.18,77861300.0,222280000.0
2025-11-10,801194.SI,菫晞勦竇｡,L2,1316.87,1307.26,1333.1,1330.31,12.57,0.95,15919.0,652293.0,7.32,1.19,78604300.0,225396000.0
2025-11-11,801194.SI,菫晞勦竇｡,L2,1329.98,1314.28,1333.89,1322.49,-7.81,-0.59,13494.0,505384.0,7.28,1.18,78142600.0,222624000.0
2025-11-12,801194.SI,菫晞勦竇｡,L2,1325.55,1323.74,1360.91,1346.09,23.6,1.78,36886.0,1451800.0,7.41,1.2,79536800.0,227648000.0
2025-11-13,801194.SI,菫晞勦竇｡,L2,1349.11,1347.08,1372.88,1362.7,16.61,1.23,24147.0,948874.0,7.5,1.22,80518100.0,229584000.0
2025-11-14,801194.SI,菫晞勦竇｡,L2,1360.28,1352.16,1387.94,1352.41,-10.29,-0.76,19427.0,800077.0,7.44,1.21,79910100.0,226909000.0
2025-11-17,801194.SI,菫晞勦竇｡,L2,1352.35,1323.11,1358.37,1332.46,-19.94,-1.47,18164.0,664448.0,7.33,1.19,78731700.0,223085000.0
2025-11-18,801194.SI,菫晞勦竇｡,L2,1329.18,1319.95,1338.87,1324.34,-8.12,-0.61,16211.0,585681.0,7.29,1.18,78251700.0,221181000.0
2025-11-19,801194.SI,菫晞勦竇｡,L2,1327.52,1325.67,1361.64,1346.27,21.93,1.66,24977.0,870097.0,7.41,1.2,79547500.0,226554000.0
2025-11-20,801194.SI,菫晞勦竇｡,L2,1349.99,1337.64,1363.31,1342.27,-4.0,-0.3,17605.0,551940.0,7.38,1.2,79311000.0,226441000.0
2025-11-21,801194.SI,菫晞勦竇｡,L2,1337.52,1310.63,1341.54,1311.44,-30.83,-2.3,20801.0,767925.0,7.22,1.17,77489500.0,221033000.0
2025-11-24,801194.SI,菫晞勦竇｡,L2,1316.77,1297.03,1319.66,1299.23,-12.22,-0.93,19510.0,642560.0,7.15,1.16,76767700.0,218560000.0
2025-11-25,801194.SI,菫晞勦竇｡,L2,1305.02,1297.43,1333.02,1323.95,24.73,1.9,18045.0,578014.0,7.28,1.18,78228900.0,223310000.0
2025-11-26,801194.SI,菫晞勦竇｡,L2,1327.71,1316.11,1338.99,1325.88,1.93,0.15,13834.0,492494.0,7.29,1.18,78342700.0,222061000.0
2025-11-27,801194.SI,菫晞勦竇｡,L2,1320.72,1304.95,1332.78,1322.08,-3.8,-0.29,17264.0,588462.0,7.27,1.18,78118200.0,223236000.0
2025-11-28,801194.SI,菫晞勦竇｡,L2,1319.45,1303.74,1323.01,1314.12,-7.96,-0.6,14893.0,502931.0,7.23,1.17,77647700.0,221730000.0
2025-12-01,801194.SI,菫晞勦竇｡,L2,1312.63,1299.33,1320.8,1308.87,-5.25,-0.4,35111.0,710212.0,7.2,1.17,77337600.0,220483000.0
2025-12-02,801194.SI,菫晞勦竇｡,L2,1311.84,1304.36,1328.72,1313.89,5.02,0.38,23842.0,568299.0,7.23,1.17,77634200.0,221718000.0
2025-12-03,801194.SI,菫晞勦竇｡,L2,1312.41,1296.6,1318.79,1300.67,-13.22,-1.01,15093.0,452689.0,7.16,1.16,76853000.0,218702000.0
2025-12-04,801194.SI,菫晞勦竇｡,L2,1301.47,1296.53,1307.12,1305.47,4.81,0.37,10575.0,313989.0,7.18,1.17,77136900.0,219856000.0
2025-12-05,801194.SI,菫晞勦竇｡,L2,1306.92,1304.52,1387.86,1380.92,75.44,5.78,40595.0,1550250.0,7.6,1.23,81594600.0,231404000.0
2025-12-08,801194.SI,菫晞勦竇｡,L2,1381.92,1379.42,1418.37,1407.54,26.62,1.93,30893.0,1202880.0,7.74,1.26,83167800.0,233880000.0
2025-12-09,801194.SI,菫晞勦竇｡,L2,1406.24,1383.69,1413.77,1385.1,-22.44,-1.59,18766.0,631257.0,7.62,1.24,81841800.0,229504000.0
2025-12-10,801194.SI,菫晞勦竇｡,L2,1389.94,1376.93,1399.49,1390.11,5.01,0.36,14969.0,552863.0,7.65,1.24,82137800.0,230540000.0
2025-12-11,801194.SI,菫晞勦竇｡,L2,1393.86,1378.54,1406.16,1386.92,-3.19,-0.23,15316.0,569972.0,7.63,1.24,81949200.0,230153000.0
2025-12-12,801194.SI,菫晞勦竇｡,L2,1386.51,1379.67,1417.4,1413.51,26.6,1.92,25054.0,1081660.0,7.78,1.26,83520600.0,233024000.0
2025-12-15,801194.SI,菫晞勦竇｡,L2,1406.66,1403.32,1486.34,1474.73,61.22,4.33,36253.0,1616980.0,8.11,1.32,87138000.0,240016000.0
2025-12-16,801194.SI,菫晞勦竇｡,L2,1467.64,1452.54,1494.91,1467.46,-7.28,-0.49,25409.0,1114440.0,8.07,1.31,86708000.0,237418000.0
2025-12-17,801194.SI,菫晞勦竇｡,L2,1470.29,1461.81,1512.52,1498.69,31.23,2.13,34459.0,1291040.0,8.25,1.34,88553300.0,244596000.0
2025-12-18,801194.SI,菫晞勦竇｡,L2,1494.76,1487.74,1513.53,1509.23,10.54,0.7,25008.0,876307.0,8.3,1.35,89176100.0,246015000.0
2025-12-19,801194.SI,菫晞勦竇｡,L2,1502.19,1490.3,1519.27,1512.82,3.59,0.24,19821.0,829516.0,8.32,1.35,89388400.0,245494000.0
2025-12-22,801194.SI,菫晞勦竇｡,L2,1512.51,1498.81,1525.51,1511.21,-1.61,-0.11,18673.0,756058.0,8.31,1.35,89293300.0,245353000.0
2025-12-23,801194.SI,菫晞勦竇｡,L2,1511.55,1506.96,1548.91,1529.88,18.67,1.24,23210.0,982364.0,8.42,1.37,90396300.0,247346000.0
2025-12-24,801194.SI,菫晞勦竇｡,L2,1523.22,1505.52,1528.21,1518.56,-11.32,-0.74,15578.0,672891.0,8.35,1.36,89727400.0,245485000.0
2025-12-25,801194.SI,菫晞勦竇｡,L2,1517.43,1516.5,1579.08,1554.89,36.33,2.39,21604.0,961616.0,8.55,1.39,91874300.0,250332000.0
2025-12-26,801194.SI,菫晞勦竇｡,L2,1547.99,1543.77,1577.38,1557.81,2.92,0.19,18498.0,827358.0,8.57,1.39,92046600.0,249670000.0
2025-12-29,801194.SI,菫晞勦竇｡,L2,1553.21,1531.53,1572.12,1535.11,-22.7,-1.46,18336.0,806359.0,8.45,1.37,90705300.0,246802000.0
2025-12-30,801194.SI,菫晞勦竇｡,L2,1532.76,1502.6,1541.87,1513.23,-21.87,-1.42,21002.0,1064290.0,8.33,1.35,89413000.0,243591000.0
2025-12-31,801194.SI,菫晞勦竇｡,L2,1512.85,1499.01,1524.67,1505.88,-7.36,-0.49,14657.0,603041.0,8.28,1.34,88978200.0,242655000.0
2026-01-05,801194.SI,菫晞勦竇｡,L2,1523.12,1521.78,1611.28,1598.86,92.99,6.17,38127.0,1719550.0,8.8,1.43,94472600.0,257794000.0
2026-01-06,801194.SI,菫晞勦竇｡,L2,1601.8,1598.76,1665.01,1650.84,51.98,3.25,44417.0,2061130.0,9.08,1.47,97543900.0,266706000.0
2026-01-07,801194.SI,菫晞勦竇｡,L2,1642.43,1630.73,1669.42,1642.85,-7.99,-0.48,30054.0,1404500.0,9.04,1.47,97071800.0,267967000.0
2026-01-08,801194.SI,菫晞勦竇｡,L2,1637.19,1566.05,1641.56,1585.29,-57.56,-3.5,38077.0,1934680.0,8.72,1.42,93670700.0,260972000.0
2026-01-09,801194.SI,菫晞勦竇｡,L2,1589.52,1539.65,1604.45,1559.75,-25.54,-1.61,39772.0,2080680.0,8.58,1.39,92161700.0,258716000.0
2026-01-12,801194.SI,菫晞勦竇｡,L2,1559.73,1521.51,1566.34,1532.86,-26.9,-1.72,37620.0,1892930.0,8.43,1.37,90572400.0,257507000.0
2026-01-13,801194.SI,菫晞勦竇｡,L2,1537.66,1535.37,1592.89,1554.04,21.19,1.38,35047.0,1714450.0,8.55,1.39,91824300.0,263011000.0
2026-01-14,801194.SI,菫晞勦竇｡,L2,1553.71,1519.18,1567.44,1526.45,-27.6,-1.78,37177.0,1660680.0,8.4,1.36,90193600.0,257012000.0
2026-01-15,801194.SI,菫晞勦竇｡,L2,1521.33,1515.12,1557.6,1529.77,3.33,0.22,26507.0,1263810.0,8.42,1.37,90390100.0,255394000.0
2026-01-16,801194.SI,菫晞勦竇｡,L2,1534.51,1491.72,1547.19,1503.78,-25.99,-1.7,33913.0,1549460.0,8.27,1.34,88854500.0,250042000.0
2026-01-19,801194.SI,菫晞勦竇｡,L2,1501.57,1488.96,1516.62,1501.28,-2.5,-0.17,21962.0,1029730.0,8.26,1.34,88706600.0,249689000.0
2026-01-20,801194.SI,菫晞勦竇｡,L2,1501.93,1492.5,1533.3,1508.95,7.67,0.51,25075.0,1152430.0,8.3,1.35,89159600.0,251824000.0
2026-01-21,801194.SI,菫晞勦竇｡,L2,1509.66,1487.9,1521.82,1492.61,-16.34,-1.08,23747.0,1075590.0,8.21,1.33,88194200.0,249226000.0
2026-01-22,801194.SI,菫晞勦竇｡,L2,1497.63,1460.91,1508.08,1467.07,-25.54,-1.71,26197.0,1259220.0,8.07,1.31,86685000.0,244634000.0
2026-01-23,801194.SI,菫晞勦竇｡,L2,1474.41,1434.81,1479.97,1443.29,-23.78,-1.62,34153.0,1589110.0,7.94,1.29,85279800.0,239862000.0
2026-01-26,801194.SI,菫晞勦竇｡,L2,1444.97,1440.23,1502.36,1460.54,17.25,1.2,46092.0,2165200.0,8.04,1.3,86299300.0,244893000.0
2026-01-27,801194.SI,菫晞勦竇｡,L2,1461.79,1460.71,1515.65,1489.07,28.54,1.95,38690.0,1797010.0,8.19,1.33,87985400.0,250366000.0
2026-01-28,801194.SI,菫晞勦竇｡,L2,1496.43,1468.77,1508.82,1480.33,-8.74,-0.59,40527.0,1976180.0,8.14,1.32,87468800.0,249403000.0
2026-01-29,801194.SI,菫晞勦竇｡,L2,1484.72,1472.96,1552.73,1547.57,67.24,4.54,55372.0,2745620.0,8.51,1.38,91441900.0,258095000.0
2026-01-30,801194.SI,菫晞勦竇｡,L2,1547.08,1512.22,1562.45,1522.73,-24.85,-1.61,34194.0,1649920.0,8.38,1.36,89973800.0,255914000.0
2026-02-02,801194.SI,菫晞勦竇｡,L2,1513.74,1492.44,1553.74,1499.15,-23.58,-1.55,32558.0,1501110.0,8.25,1.34,88580700.0,250431000.0
2026-02-03,801194.SI,菫晞勦竇｡,L2,1517.09,1483.58,1527.18,1505.66,6.51,0.43,27372.0,1206170.0,8.28,1.34,88965600.0,250407000.0
2026-02-04,801194.SI,菫晞勦竇｡,L2,1503.37,1498.22,1529.37,1524.6,18.93,1.26,21632.0,968305.0,8.39,1.36,90084300.0,253152000.0
2026-02-05,801194.SI,菫晞勦竇｡,L2,1521.76,1494.1,1538.86,1520.21,-4.39,-0.29,20726.0,988356.0,8.36,1.36,89824900.0,250954000.0
2026-02-06,801194.SI,菫晞勦竇｡,L2,1510.45,1499.53,1527.9,1511.86,-8.35,-0.55,17319.0,840505.0,8.32,1.35,89331800.0,249536000.0
2026-02-09,801194.SI,菫晞勦竇｡,L2,1525.85,1514.03,1557.99,1548.0,36.14,2.39,24732.0,1099820.0,8.52,1.38,91467000.0,255721000.0
2026-02-10,801194.SI,菫晞勦竇｡,L2,1546.89,1526.76,1551.14,1538.23,-9.77,-0.63,13679.0,647933.0,8.46,1.37,90890000.0,255155000.0
2026-02-11,801194.SI,菫晞勦竇｡,L2,1539.1,1512.04,1548.74,1522.4,-15.83,-1.03,15525.0,749210.0,8.38,1.36,89954500.0,252817000.0
2026-02-12,801194.SI,菫晞勦竇｡,L2,1524.7,1496.69,1526.95,1500.45,-21.95,-1.44,17896.0,760396.0,8.26,1.34,88657600.0,249289000.0
2026-02-13,801194.SI,菫晞勦竇｡,L2,1494.27,1469.87,1498.28,1474.31,-26.14,-1.74,19075.0,838110.0,8.11,1.32,87113000.0,245367000.0
2026-02-24,801194.SI,菫晞勦竇｡,L2,1484.39,1450.89,1492.81,1455.41,-18.9,-1.28,23125.0,946358.0,8.01,1.3,85996200.0,241527000.0
2026-02-25,801194.SI,菫晞勦竇｡,L2,1459.09,1454.06,1479.42,1462.19,6.78,0.47,19629.0,889666.0,8.04,1.31,86396700.0,240976000.0
2026-02-26,801194.SI,菫晞勦竇｡,L2,1469.49,1421.27,1470.84,1426.74,-35.45,-2.42,28339.0,1181230.0,7.85,1.27,84302200.0,235181000.0
2026-02-27,801194.SI,菫晞勦竇｡,L2,1427.53,1415.26,1433.2,1419.21,-7.53,-0.53,19299.0,768866.0,7.81,1.27,83857400.0,234000000.0
2026-03-02,801194.SI,菫晞勦竇｡,L2,1404.51,1385.85,1419.63,1401.76,-17.45,-1.23,27089.0,1134390.0,7.71,1.25,82826300.0,230784000.0
2026-03-03,801194.SI,菫晞勦竇｡,L2,1403.9,1390.15,1433.99,1408.18,6.42,0.46,32050.0,1349600.0,7.75,1.26,83205800.0,232654000.0
2026-03-04,801194.SI,菫晞勦竇｡,L2,1398.84,1356.6,1405.61,1381.85,-26.33,-1.87,32006.0,1253910.0,7.6,1.23,81649800.0,226331000.0
2026-03-05,801194.SI,菫晞勦竇｡,L2,1387.82,1381.9,1403.65,1388.62,6.77,0.49,18934.0,767087.0,7.64,1.24,82050000.0,227046000.0
2026-03-06,801194.SI,菫晞勦竇｡,L2,1381.81,1378.25,1413.84,1398.81,10.19,0.73,17278.0,691810.0,7.7,1.25,82651900.0,228362000.0
2026-03-09,801194.SI,菫晞勦竇｡,L2,1371.01,1339.94,1375.12,1370.09,-28.72,-2.05,22452.0,957894.0,7.54,1.22,80955100.0,224368000.0
2026-03-10,801194.SI,菫晞勦竇｡,L2,1380.11,1377.45,1393.93,1387.59,17.49,1.28,14793.0,600601.0,7.63,1.24,81988800.0,227220000.0
2026-03-11,801194.SI,菫晞勦竇｡,L2,1388.22,1380.39,1404.93,1396.16,8.57,0.62,14829.0,649909.0,7.68,1.25,82495300.0,227875000.0
2026-03-12,801194.SI,菫晞勦竇｡,L2,1389.04,1371.26,1396.33,1379.57,-16.59,-1.19,14780.0,652229.0,7.59,1.23,81515100.0,225908000.0
2026-03-13,801194.SI,菫晞勦竇｡,L2,1374.29,1366.03,1385.37,1369.48,-10.09,-0.73,13869.0,535966.0,7.53,1.22,80918900.0,224161000.0
2026-03-16,801194.SI,菫晞勦竇｡,L2,1368.98,1347.02,1376.86,1359.12,-10.36,-0.76,19679.0,850458.0,7.48,1.21,80306800.0,223835000.0
2026-03-17,801194.SI,菫晞勦竇｡,L2,1361.1,1360.78,1411.95,1389.29,30.17,2.22,26183.0,1115650.0,7.64,1.24,82089600.0,228066000.0
2026-03-18,801194.SI,菫晞勦竇｡,L2,1389.65,1379.72,1402.13,1392.69,3.39,0.24,16582.0,683835.0,7.66,1.24,82290200.0,229133000.0
2026-03-19,801194.SI,菫晞勦竇｡,L2,1377.65,1357.72,1381.16,1362.96,-29.73,-2.13,18316.0,759906.0,7.5,1.22,80533600.0,224547000.0
2026-03-20,801194.SI,菫晞勦竇｡,L2,1366.15,1341.17,1369.55,1342.27,-20.69,-1.52,18098.0,701583.0,7.38,1.2,79311000.0,220989000.0
2026-03-23,801194.SI,菫晞勦竇｡,L2,1323.98,1281.77,1326.29,1287.03,-55.24,-4.12,31619.0,1277900.0,7.08,1.15,76046900.0,210538000.0
2026-03-24,801194.SI,菫晞勦竇｡,L2,1300.0,1283.99,1306.97,1298.27,11.25,0.87,20894.0,780872.0,7.14,1.16,76711500.0,211320000.0
2026-03-25,801194.SI,菫晞勦竇｡,L2,1305.06,1302.78,1326.97,1314.77,16.49,1.27,16473.0,651120.0,7.23,1.17,77686100.0,213639000.0
2026-03-26,801194.SI,菫晞勦竇｡,L2,1312.49,1260.47,1314.07,1268.48,-46.28,-3.52,30519.0,1152150.0,7.03,1.14,74951300.0,205366000.0
2026-03-27,801194.SI,菫晞勦竇｡,L2,1267.13,1256.95,1280.07,1268.21,-0.27,-0.02,32906.0,929392.0,7.23,1.12,74935200.0,203553000.0
2026-03-30,801194.SI,菫晞勦竇｡,L2,1253.95,1240.86,1262.16,1252.54,-15.67,-1.24,24774.0,858145.0,7.18,1.1,74009300.0,200522000.0
2026-03-31,801194.SI,菫晞勦竇｡,L2,1251.97,1249.44,1282.17,1259.93,7.39,0.59,23065.0,811081.0,7.22,1.1,74446100.0,200227000.0
2026-04-01,801194.SI,菫晞勦竇｡,L2,1280.14,1276.25,1295.6,1291.14,31.2,2.48,24320.0,800495.0,7.4,1.13,76289800.0,204929000.0
2026-04-02,801194.SI,菫晞勦竇｡,L2,1286.99,1268.18,1288.69,1273.1,-18.04,-1.4,15718.0,569838.0,7.29,1.12,76251900.0,202055000.0
2026-04-03,801194.SI,菫晞勦竇｡,L2,1279.1,1267.77,1282.85,1270.15,-2.95,-0.23,11395.0,408088.0,7.27,1.11,76075300.0,200905000.0
2026-04-07,801194.SI,菫晞勦竇｡,L2,1270.29,1248.68,1274.82,1254.89,-15.26,-1.2,15801.0,563687.0,7.18,1.1,75161600.0,198334000.0
2026-04-08,801194.SI,菫晞勦竇｡,L2,1282.44,1282.39,1326.98,1321.37,66.48,5.3,33044.0,1266960.0,7.56,1.16,79143200.0,209215000.0
2026-04-09,801194.SI,菫晞勦竇｡,L2,1310.32,1289.78,1310.62,1297.86,-23.51,-1.78,18646.0,708827.0,7.43,1.14,77735400.0,204789000.0
2026-04-10,801194.SI,菫晞勦竇｡,L2,1304.98,1300.16,1326.56,1304.35,6.48,0.5,21450.0,811729.0,7.47,1.14,78123600.0,207269000.0
2026-04-13,801194.SI,菫晞勦竇｡,L2,1289.22,1276.76,1291.19,1280.98,-23.36,-1.79,16351.0,674640.0,7.33,1.12,76724300.0,204560000.0
2026-04-14,801194.SI,菫晞勦竇｡,L2,1291.39,1287.2,1310.42,1305.6,24.62,1.92,17720.0,726749.0,7.47,1.15,78198800.0,207349000.0
2026-04-15,801194.SI,菫晞勦竇｡,L2,1314.99,1296.42,1321.68,1298.64,-6.96,-0.53,15588.0,605047.0,7.43,1.14,77781800.0,206495000.0
2026-04-16,801194.SI,菫晞勦竇｡,L2,1298.95,1289.15,1308.61,1298.32,-0.32,-0.02,18747.0,736668.0,7.43,1.14,77762800.0,207075000.0
2026-04-17,801194.SI,菫晞勦竇｡,L2,1294.64,1277.51,1297.01,1285.52,-12.8,-0.99,19116.0,764559.0,7.36,1.13,76996100.0,205033000.0
2026-04-20,801194.SI,菫晞勦竇｡,L2,1284.18,1280.24,1299.23,1296.24,10.72,0.83,17389.0,676161.0,7.42,1.14,77638300.0,205942000.0
2026-04-21,801194.SI,菫晞勦竇｡,L2,1295.53,1283.6,1308.53,1284.87,-11.38,-0.88,16337.0,616398.0,7.35,1.13,76956900.0,204347000.0
2026-04-22,801194.SI,菫晞勦竇｡,L2,1284.41,1274.78,1298.16,1283.89,-0.98,-0.08,17974.0,708749.0,7.35,1.13,76898200.0,203701000.0
2026-04-23,801194.SI,菫晞勦竇｡,L2,1283.31,1272.03,1296.52,1279.42,-4.47,-0.35,17949.0,707736.0,7.32,1.12,76630400.0,202711000.0
2026-04-24,801194.SI,菫晞勦竇｡,L2,1274.62,1257.24,1280.3,1275.33,-4.09,-0.32,16308.0,619485.0,7.3,1.12,76385600.0,201929000.0
2026-04-27,801194.SI,菫晞勦竇｡,L2,1274.99,1267.04,1291.07,1269.62,-5.71,-0.45,15883.0,623981.0,7.27,1.11,76043500.0,200945000.0
2026-04-28,801194.SI,菫晞勦竇｡,L2,1267.83,1260.84,1282.67,1270.63,1.01,0.08,17594.0,650830.0,7.27,1.11,76104100.0,200783000.0
2026-04-29,801194.SI,菫晞勦竇｡,L2,1271.1,1270.03,1312.14,1307.49,36.86,2.9,35736.0,1558780.0,7.48,1.12,78312000.0,204327000.0
2026-04-30,801194.SI,菫晞勦竇｡,L2,1302.83,1299.68,1339.05,1305.07,-2.42,-0.18,33990.0,1380320.0,7.47,1.12,78167200.0,204050000.0
2026-05-06,801194.SI,菫晞勦竇｡,L2,1305.98,1296.97,1316.98,1304.49,-0.58,-0.04,28171.0,1092580.0,7.58,1.12,78132300.0,203882000.0
2026-05-07,801194.SI,菫晞勦竇｡,L2,1310.19,1308.64,1341.08,1319.41,14.92,1.14,37974.0,1527780.0,7.66,1.13,79025700.0,206913000.0
2026-05-08,801194.SI,菫晞勦竇｡,L2,1316.43,1309.09,1323.38,1317.29,-2.12,-0.16,23591.0,873983.0,7.65,1.13,78898800.0,206515000.0
2026-05-11,801194.SI,菫晞勦竇｡,L2,1312.07,1301.21,1335.49,1323.04,5.75,0.44,38198.0,1492920.0,7.68,1.13,79243300.0,208618000.0
2026-05-12,801194.SI,菫晞勦竇｡,L2,1322.57,1305.66,1331.12,1309.76,-13.28,-1.0,24405.0,861930.0,7.61,1.12,78447800.0,206996000.0
2026-05-13,801194.SI,菫晞勦竇｡,L2,1308.27,1265.48,1313.63,1276.94,-32.82,-2.51,34984.0,1375410.0,7.42,1.09,76481900.0,201677000.0
2026-05-14,801194.SI,菫晞勦竇｡,L2,1279.01,1249.55,1285.12,1252.65,-24.29,-1.9,24860.0,983330.0,7.27,1.07,75027300.0,198248000.0
2026-05-15,801194.SI,菫晞勦竇｡,L2,1254.29,1218.56,1258.25,1223.69,-28.96,-2.31,30207.0,1080650.0,7.11,1.05,73292500.0,193912000.0
2026-05-18,801194.SI,菫晞勦竇｡,L2,1220.01,1197.71,1221.02,1207.66,-16.03,-1.31,22380.0,805350.0,7.01,1.03,72332400.0,190877000.0
2026-05-19,801194.SI,菫晞勦竇｡,L2,1210.23,1191.88,1216.23,1201.72,-5.93,-0.49,24378.0,814604.0,6.98,1.03,71976900.0,191164000.0
2026-05-20,801194.SI,菫晞勦竇｡,L2,1198.56,1185.65,1200.92,1193.05,-8.67,-0.72,17705.0,663254.0,6.93,1.02,71457600.0,189914000.0
2026-05-21,801194.SI,菫晞勦竇｡,L2,1200.34,1182.1,1222.54,1183.65,-9.4,-0.79,29660.0,1093480.0,6.87,1.01,70894600.0,187993000.0
2026-05-22,801194.SI,菫晞勦竇｡,L2,1190.42,1174.58,1192.83,1180.12,-3.53,-0.3,18794.0,691740.0,6.85,1.01,70682900.0,187007000.0
2026-05-25,801194.SI,菫晞勦竇｡,L2,1182.65,1177.77,1208.71,1191.95,11.83,1.0,21154.0,831563.0,6.92,1.02,71391700.0,188268000.0
2026-05-26,801194.SI,菫晞勦竇｡,L2,1190.2,1183.62,1214.6,1193.65,1.7,0.14,29836.0,1094460.0,6.93,1.02,71493500.0,188724000.0
