trade_date,ts_code,name,level,open,low,high,close,change,pct_change,vol,amount,pe,pb,float_mv,total_mv
2023-01-03,851282.SI,烘焙食品,L3,1881.41,1803.2,1893.43,1840.58,-32.58,-1.74,11416.0,196160.0,34.33,3.97,2557830.0,7349560.0
2023-01-04,851282.SI,烘焙食品,L3,1830.51,1812.11,1888.81,1852.72,12.15,0.66,11246.0,194390.0,34.56,4.0,2574720.0,7381450.0
2023-01-05,851282.SI,烘焙食品,L3,1839.66,1808.06,1898.1,1856.42,3.7,0.2,5930.0,123610.0,34.63,4.01,2579860.0,7420910.0
2023-01-06,851282.SI,烘焙食品,L3,1834.88,1801.64,1881.06,1835.64,-20.79,-1.12,11370.0,178444.0,34.24,3.96,2550970.0,7322190.0
2023-01-09,851282.SI,烘焙食品,L3,1820.76,1803.77,1868.6,1842.99,7.35,0.4,9303.0,150141.0,34.38,3.98,2561190.0,7364090.0
2023-01-10,851282.SI,烘焙食品,L3,1836.05,1811.7,1875.85,1847.24,4.25,0.23,8868.0,143648.0,34.3,3.99,2599610.0,7361110.0
2023-01-11,851282.SI,烘焙食品,L3,1847.28,1791.55,1865.27,1816.18,-31.05,-1.68,9031.0,146105.0,33.73,3.93,2555900.0,7222000.0
2023-01-12,851282.SI,烘焙食品,L3,1808.59,1781.76,1842.88,1811.36,-4.82,-0.27,9129.0,144234.0,33.64,3.92,2549120.0,7188190.0
2023-01-13,851282.SI,烘焙食品,L3,1805.51,1791.9,1914.71,1884.99,73.63,4.06,8920.0,153151.0,35.0,4.07,2652740.0,7500150.0
2023-01-16,851282.SI,烘焙食品,L3,1874.26,1848.64,1928.62,1893.99,9.0,0.48,9075.0,147942.0,35.17,4.09,2665400.0,7566000.0
2023-01-17,851282.SI,烘焙食品,L3,1891.71,1843.68,1899.37,1860.2,-33.79,-1.78,5578.0,87964.0,34.54,4.02,2617850.0,7426080.0
2023-01-18,851282.SI,烘焙食品,L3,1857.99,1816.91,1888.8,1830.48,-29.72,-1.6,5751.0,86912.0,33.99,3.96,2576020.0,7322620.0
2023-01-19,851282.SI,烘焙食品,L3,1826.39,1797.08,1843.0,1823.54,-6.94,-0.38,4396.0,63489.0,33.86,3.94,2566260.0,7307400.0
2023-01-20,851282.SI,烘焙食品,L3,1821.78,1802.1,1845.5,1819.27,-4.27,-0.23,3302.0,52988.0,33.78,3.93,2560240.0,7291170.0
2023-01-30,851282.SI,烘焙食品,L3,1838.18,1797.84,1861.27,1828.43,9.16,0.5,5081.0,89225.0,33.95,3.95,2573140.0,7328160.0
2023-01-31,851282.SI,烘焙食品,L3,1825.61,1797.15,1857.22,1835.72,7.29,0.4,4340.0,70923.0,34.09,3.97,2583400.0,7345210.0
2023-02-01,851282.SI,烘焙食品,L3,1835.37,1809.02,1846.9,1830.47,-5.25,-0.29,3433.0,57335.0,33.99,3.96,2576010.0,7330810.0
2023-02-02,851282.SI,烘焙食品,L3,1835.48,1817.58,1931.3,1905.07,74.59,4.08,6933.0,121821.0,35.37,4.12,2680990.0,7619510.0
2023-02-03,851282.SI,烘焙食品,L3,1896.93,1859.87,1914.45,1887.72,-17.35,-0.91,4744.0,80947.0,35.05,4.08,2656580.0,7557890.0
2023-02-06,851282.SI,烘焙食品,L3,1879.2,1842.86,1902.13,1871.3,-16.42,-0.87,3942.0,72438.0,34.75,4.04,2633470.0,7489150.0
2023-02-07,851282.SI,烘焙食品,L3,1872.19,1831.88,1883.77,1849.08,-22.22,-1.19,3388.0,59385.0,34.34,4.0,2602200.0,7402990.0
2023-02-08,851282.SI,烘焙食品,L3,1849.39,1828.74,1863.2,1840.1,-8.98,-0.49,2600.0,47772.0,34.17,3.98,2589560.0,7372310.0
2023-02-09,851282.SI,烘焙食品,L3,1837.59,1821.31,1865.08,1841.26,1.16,0.06,2811.0,54078.0,34.19,3.98,2591200.0,7386350.0
2023-02-10,851282.SI,烘焙食品,L3,1837.74,1835.65,1880.91,1862.89,21.63,1.17,5124.0,79996.0,34.59,4.03,2621630.0,7474530.0
2023-02-13,851282.SI,烘焙食品,L3,1860.14,1850.68,1960.73,1950.18,87.29,4.69,7155.0,134685.0,36.21,4.22,2744470.0,7821710.0
2023-02-14,851282.SI,烘焙食品,L3,1965.55,1923.6,1997.01,1975.72,25.54,1.31,6210.0,130062.0,36.69,4.27,2780420.0,7934670.0
2023-02-15,851282.SI,烘焙食品,L3,1985.44,1923.87,2001.8,1939.12,-36.6,-1.85,4183.0,91725.0,36.01,4.19,2728910.0,7805000.0
2023-02-16,851282.SI,烘焙食品,L3,1938.92,1886.88,1962.29,1901.18,-37.94,-1.96,4249.0,84930.0,35.3,4.11,2675520.0,7674910.0
2023-02-17,851282.SI,烘焙食品,L3,1901.39,1886.4,1965.98,1912.47,11.29,0.59,5376.0,90991.0,35.51,4.13,2691400.0,7700740.0
2023-02-20,851282.SI,烘焙食品,L3,1903.85,1868.71,1942.27,1916.69,4.22,0.22,6164.0,99942.0,35.59,4.14,2697350.0,7707900.0
2023-02-21,851282.SI,烘焙食品,L3,1916.12,1871.62,1924.77,1897.95,-18.74,-0.98,4884.0,85065.0,35.24,4.1,2670970.0,7642570.0
2023-02-22,851282.SI,烘焙食品,L3,1896.06,1882.08,1981.49,1958.59,60.64,3.19,6232.0,110252.0,36.37,4.23,2756300.0,7885980.0
2023-02-23,851282.SI,烘焙食品,L3,1953.19,1938.65,2034.4,1980.0,21.41,1.09,7604.0,131773.0,36.77,4.28,2786440.0,7957600.0
2023-02-24,851282.SI,烘焙食品,L3,1978.88,1954.38,2006.12,1985.98,5.98,0.3,4376.0,79211.0,36.88,4.29,2794860.0,8001200.0
2023-02-27,851282.SI,烘焙食品,L3,1984.18,1952.19,2023.49,2011.56,25.58,1.29,4756.0,91985.0,37.35,4.35,2832040.0,8105660.0
2023-02-28,851282.SI,烘焙食品,L3,2010.42,1968.35,2020.83,1992.06,-19.5,-0.97,3545.0,68456.0,36.99,4.31,2804580.0,8015980.0
2023-03-01,851282.SI,烘焙食品,L3,1992.4,1961.61,2005.29,1987.21,-4.85,-0.24,2814.0,52986.0,36.9,4.3,2797760.0,8001360.0
2023-03-02,851282.SI,烘焙食品,L3,1989.91,1967.92,2016.43,2000.19,12.98,0.65,3366.0,58704.0,37.14,4.32,2816040.0,8041910.0
2023-03-03,851282.SI,烘焙食品,L3,2001.44,1962.71,2024.31,1989.82,-10.37,-0.52,4783.0,80586.0,36.95,4.3,2801440.0,8002420.0
2023-03-06,851282.SI,烘焙食品,L3,1978.87,1957.58,2033.57,1997.61,7.78,0.39,5786.0,107807.0,37.09,4.32,2812400.0,8030010.0
2023-03-07,851282.SI,烘焙食品,L3,1994.01,1955.68,2015.75,1971.68,-25.93,-1.3,4449.0,83571.0,36.61,4.26,2775900.0,7934590.0
2023-03-08,851282.SI,烘焙食品,L3,1966.19,1915.81,1989.95,1954.9,-16.78,-0.85,3481.0,70629.0,36.3,4.23,2752270.0,7875760.0
2023-03-09,851282.SI,烘焙食品,L3,1954.93,1914.52,1963.26,1934.07,-20.83,-1.07,3000.0,57722.0,35.91,4.18,2722940.0,7798040.0
2023-03-10,851282.SI,烘焙食品,L3,1923.28,1901.21,1949.16,1909.51,-24.56,-1.27,2906.0,53286.0,35.46,4.13,2688360.0,7710070.0
2023-03-13,851282.SI,烘焙食品,L3,1903.9,1895.06,1963.0,1950.66,41.15,2.16,2831.0,57827.0,36.22,4.22,2746300.0,7896010.0
2023-03-14,851282.SI,烘焙食品,L3,1951.15,1910.63,1990.14,1950.28,-0.38,-0.02,3547.0,81037.0,36.72,4.21,2745760.0,7924220.0
2023-03-15,851282.SI,烘焙食品,L3,1963.59,1942.76,2013.4,1958.14,7.86,0.4,3273.0,78112.0,36.87,4.23,2756830.0,7992440.0
2023-03-16,851282.SI,烘焙食品,L3,1953.18,1914.62,1971.26,1930.69,-27.45,-1.4,2798.0,62150.0,36.35,4.17,2718180.0,7879900.0
2023-03-17,851282.SI,烘焙食品,L3,1940.56,1889.02,1955.29,1897.42,-33.27,-1.72,2871.0,60277.0,35.67,4.1,2675020.0,7737260.0
2023-03-20,851282.SI,烘焙食品,L3,1895.78,1846.22,1914.46,1866.14,-31.28,-1.65,3202.0,57388.0,35.08,4.03,2630920.0,7619960.0
2023-03-21,851282.SI,烘焙食品,L3,1871.71,1858.63,1921.43,1911.06,44.91,2.41,2617.0,50923.0,35.93,4.13,2694240.0,7808330.0
2023-03-22,851282.SI,烘焙食品,L3,1910.58,1878.4,1935.6,1900.52,-10.54,-0.55,2249.0,46027.0,35.73,4.1,2679380.0,7757750.0
2023-03-23,851282.SI,烘焙食品,L3,1902.43,1872.23,1928.75,1899.44,-1.08,-0.06,2284.0,43876.0,36.59,4.06,2677860.0,7764910.0
2023-03-24,851282.SI,烘焙食品,L3,1899.73,1875.63,1932.5,1896.12,-3.32,-0.17,2202.0,42364.0,36.52,4.05,2673180.0,7747250.0
2023-03-27,851282.SI,烘焙食品,L3,1892.75,1845.25,1906.23,1873.24,-22.87,-1.21,2274.0,54447.0,36.08,4.0,2640930.0,7661580.0
2023-03-28,851282.SI,烘焙食品,L3,1864.97,1847.93,1918.41,1900.36,27.12,1.45,2371.0,55783.0,37.39,4.07,2679170.0,7785520.0
2023-03-29,851282.SI,烘焙食品,L3,1903.3,1873.51,1935.57,1902.05,1.68,0.09,2608.0,55912.0,37.43,4.07,2681540.0,7808450.0
2023-03-30,851282.SI,烘焙食品,L3,1899.05,1882.35,1950.15,1935.44,33.4,1.76,3247.0,60078.0,39.23,4.13,2728620.0,7926170.0
2023-03-31,851282.SI,烘焙食品,L3,1931.32,1915.77,1960.42,1939.3,3.85,0.2,2801.0,50770.0,39.31,4.14,2734050.0,7953410.0
2023-04-03,851282.SI,烘焙食品,L3,1928.42,1892.16,1975.62,1931.92,-7.38,-0.38,3136.0,66522.0,39.16,4.12,2723660.0,7893690.0
2023-04-04,851282.SI,烘焙食品,L3,1929.97,1884.06,1945.64,1911.58,-20.34,-1.05,2799.0,58491.0,38.74,4.08,2694980.0,7818630.0
2023-04-06,851282.SI,烘焙食品,L3,1904.19,1875.52,1933.08,1891.3,-20.27,-1.06,2247.0,41530.0,38.33,4.04,2666390.0,7745580.0
2023-04-07,851282.SI,烘焙食品,L3,1898.87,1875.54,1923.77,1902.88,11.58,0.61,2000.0,39683.0,38.57,4.06,2682710.0,7796050.0
2023-04-10,851282.SI,烘焙食品,L3,1898.33,1840.91,1913.12,1862.3,-40.58,-2.13,2929.0,55581.0,37.75,3.98,2625510.0,7637430.0
2023-04-11,851282.SI,烘焙食品,L3,1861.52,1826.04,1881.84,1841.58,-20.72,-1.11,2570.0,48243.0,37.32,3.93,2596430.0,7555540.0
2023-04-12,851282.SI,烘焙食品,L3,1843.94,1780.19,1850.68,1796.27,-45.31,-2.46,3280.0,61929.0,36.41,3.83,2532540.0,7352940.0
2023-04-13,851282.SI,烘焙食品,L3,1802.43,1775.13,1818.12,1799.25,2.98,0.17,2225.0,39386.0,36.47,3.84,2536740.0,7352990.0
2023-04-14,851282.SI,烘焙食品,L3,1797.85,1751.39,1808.54,1758.85,-40.4,-2.25,2846.0,50113.0,35.65,3.75,2479790.0,7205060.0
2023-04-17,851282.SI,烘焙食品,L3,1761.86,1747.0,1810.52,1793.55,34.7,1.97,2779.0,57694.0,36.35,3.83,2528710.0,7331480.0
2023-04-18,851282.SI,烘焙食品,L3,1792.52,1772.54,1832.14,1816.02,22.48,1.25,3560.0,66120.0,36.73,3.87,2560390.0,7417560.0
2023-04-19,851282.SI,烘焙食品,L3,1812.12,1780.07,1833.09,1808.25,-7.77,-0.43,2948.0,53953.0,36.57,3.82,2549440.0,7398480.0
2023-04-20,851282.SI,烘焙食品,L3,1803.52,1765.11,1823.7,1774.95,-33.3,-1.84,2327.0,48962.0,35.9,3.75,2502480.0,7249460.0
2023-04-21,851282.SI,烘焙食品,L3,1782.62,1760.21,1815.99,1771.46,-3.49,-0.2,2569.0,52583.0,35.83,3.75,2497560.0,7234580.0
2023-04-24,851282.SI,烘焙食品,L3,1770.76,1723.31,1781.64,1746.58,-24.87,-1.4,2482.0,49146.0,35.29,3.7,2472610.0,7126720.0
2023-04-25,851282.SI,烘焙食品,L3,1748.36,1731.04,1807.26,1781.12,34.54,1.98,3109.0,64222.0,35.99,3.77,2521500.0,7262730.0
2023-04-26,851282.SI,烘焙食品,L3,1768.67,1744.91,1818.41,1798.84,17.72,1.0,3073.0,60487.0,36.34,3.81,2546600.0,7348590.0
2023-04-27,851282.SI,烘焙食品,L3,1806.75,1772.42,1840.85,1814.55,15.71,0.87,3535.0,68594.0,36.05,3.79,2568840.0,7407100.0
2023-04-28,851282.SI,烘焙食品,L3,1810.25,1775.97,1858.72,1834.65,20.1,1.11,6548.0,110075.0,37.16,3.77,2597290.0,7480930.0
2023-05-04,851282.SI,烘焙食品,L3,1823.64,1808.84,1868.26,1839.13,4.48,0.24,5484.0,87742.0,36.68,3.78,2603630.0,7482460.0
2023-05-05,851282.SI,烘焙食品,L3,1831.62,1781.88,1856.73,1812.1,-27.03,-1.47,3960.0,77120.0,36.14,3.72,2565360.0,7367990.0
2023-05-08,851282.SI,烘焙食品,L3,1810.86,1770.14,1829.12,1784.46,-27.64,-1.53,2777.0,48960.0,35.59,3.66,2526230.0,7248050.0
2023-05-09,851282.SI,烘焙食品,L3,1785.36,1754.6,1798.55,1760.36,-24.09,-1.35,2283.0,43566.0,35.11,3.61,2492120.0,7145350.0
2023-05-10,851282.SI,烘焙食品,L3,1756.23,1737.89,1779.8,1766.28,5.92,0.34,2052.0,38611.0,35.23,3.63,2500500.0,7168080.0
2023-05-11,851282.SI,烘焙食品,L3,1770.71,1750.53,1800.47,1762.67,-3.61,-0.2,2125.0,33362.0,35.16,3.62,2495380.0,7145200.0
2023-05-12,851282.SI,烘焙食品,L3,1752.68,1743.77,1781.06,1755.05,-7.61,-0.43,1984.0,31765.0,35.0,3.6,2484600.0,7116450.0
2023-05-15,851282.SI,烘焙食品,L3,1754.81,1715.25,1770.34,1756.16,1.11,0.06,2702.0,47499.0,35.03,3.61,2486170.0,7109740.0
2023-05-16,851282.SI,烘焙食品,L3,1754.91,1723.9,1763.48,1737.68,-18.48,-1.05,2911.0,46352.0,34.66,3.57,2460010.0,7027930.0
2023-05-17,851282.SI,烘焙食品,L3,1733.85,1705.1,1753.88,1725.17,-12.51,-0.72,2442.0,40343.0,34.41,3.54,2442300.0,6971520.0
2023-05-18,851282.SI,烘焙食品,L3,1726.92,1700.27,1748.18,1719.05,-6.12,-0.35,2667.0,46042.0,34.29,3.53,2433640.0,6947870.0
2023-05-19,851282.SI,烘焙食品,L3,1714.68,1699.79,1763.76,1750.08,31.03,1.81,4401.0,65617.0,34.9,3.59,2477570.0,7067750.0
2023-05-22,851282.SI,烘焙食品,L3,1746.41,1727.48,1793.74,1772.46,22.37,1.28,4708.0,76777.0,35.35,3.64,2509240.0,7154010.0
2023-05-23,851282.SI,烘焙食品,L3,1777.39,1734.92,1797.16,1757.65,-14.81,-0.84,4568.0,72288.0,35.06,3.61,2488280.0,7067970.0
2023-05-24,851282.SI,烘焙食品,L3,1761.38,1722.92,1769.77,1739.85,-17.8,-1.01,5589.0,82845.0,34.7,3.57,2463080.0,7008330.0
2023-05-25,851282.SI,烘焙食品,L3,1728.03,1688.68,1741.96,1712.4,-27.45,-1.58,4982.0,73076.0,34.15,3.52,2424220.0,6906060.0
2023-05-26,851282.SI,烘焙食品,L3,1714.17,1671.49,1722.04,1695.91,-16.49,-0.96,3782.0,56291.0,33.82,3.48,2400880.0,6841650.0
2023-05-29,851282.SI,烘焙食品,L3,1691.85,1670.83,1720.06,1691.62,-4.29,-0.25,2676.0,44317.0,33.74,3.47,2394800.0,6828900.0
2023-05-30,851282.SI,烘焙食品,L3,1685.85,1661.02,1704.67,1693.16,1.55,0.09,2474.0,44041.0,33.77,3.48,2396990.0,6830650.0
2023-05-31,851282.SI,烘焙食品,L3,1688.4,1664.79,1713.5,1686.38,-6.78,-0.4,2481.0,42212.0,33.28,3.46,2412520.0,6804360.0
2023-06-01,851282.SI,烘焙食品,L3,1676.8,1667.3,1721.72,1691.92,5.54,0.33,2829.0,47255.0,33.39,3.47,2420440.0,6822360.0
2023-06-02,851282.SI,烘焙食品,L3,1689.8,1682.03,1731.84,1709.08,17.16,1.01,3522.0,52041.0,33.73,3.5,2444990.0,6877220.0
2023-06-05,851282.SI,烘焙食品,L3,1715.53,1688.21,1729.92,1702.43,-6.65,-0.39,2721.0,42153.0,33.6,3.49,2435470.0,6846020.0
2023-06-06,851282.SI,烘焙食品,L3,1703.33,1667.81,1715.19,1672.03,-30.39,-1.79,2214.0,37339.0,33.0,3.43,2391990.0,6718720.0
2023-06-07,851282.SI,烘焙食品,L3,1674.8,1657.25,1695.51,1668.92,-3.11,-0.19,2216.0,34340.0,32.94,3.42,2387540.0,6702570.0
2023-06-08,851282.SI,烘焙食品,L3,1673.76,1650.49,1691.55,1669.46,0.54,0.03,3174.0,45627.0,32.95,3.42,2388310.0,6700840.0
2023-06-09,851282.SI,烘焙食品,L3,1666.01,1643.91,1679.09,1659.0,-10.46,-0.63,3087.0,44874.0,32.74,3.4,2373350.0,6659650.0
2023-06-12,851282.SI,烘焙食品,L3,1655.93,1643.43,1699.85,1684.77,25.77,1.55,3292.0,55654.0,33.25,3.45,2411040.0,6759820.0
2023-06-13,851282.SI,烘焙食品,L3,1681.44,1659.19,1700.72,1669.82,-14.94,-0.89,2027.0,36018.0,32.96,3.42,2389850.0,6705690.0
2023-06-14,851282.SI,烘焙食品,L3,1671.55,1663.54,1714.71,1694.58,24.75,1.48,2901.0,51609.0,33.44,3.47,2425280.0,6809720.0
2023-06-15,851282.SI,烘焙食品,L3,1695.74,1678.05,1718.44,1705.39,10.81,0.64,2601.0,44855.0,33.66,3.49,2440750.0,6855800.0
2023-06-16,851282.SI,烘焙食品,L3,1700.97,1668.73,1708.37,1679.5,-25.89,-1.52,2475.0,42786.0,33.15,3.44,2403700.0,6750690.0
2023-06-19,851282.SI,烘焙食品,L3,1678.36,1660.72,1693.66,1671.19,-8.31,-0.49,2043.0,37716.0,32.98,3.42,2391810.0,6721760.0
2023-06-20,851282.SI,烘焙食品,L3,1671.32,1649.68,1683.14,1656.34,-14.85,-0.89,1956.0,33324.0,32.69,3.39,2370560.0,6668620.0
2023-06-21,851282.SI,烘焙食品,L3,1656.55,1632.23,1670.61,1634.84,-21.5,-1.3,1799.0,30731.0,32.26,3.35,2339780.0,6580740.0
2023-06-26,851282.SI,烘焙食品,L3,1630.78,1593.63,1635.69,1601.27,-33.57,-2.05,1981.0,35684.0,31.6,3.28,2291740.0,6448030.0
2023-06-27,851282.SI,烘焙食品,L3,1604.67,1590.47,1627.85,1617.02,15.75,0.98,2057.0,34541.0,31.91,3.31,2314280.0,6501940.0
2023-06-28,851282.SI,烘焙食品,L3,1616.86,1595.72,1641.03,1627.99,10.97,0.68,2265.0,37300.0,32.13,3.34,2329980.0,6540120.0
2023-06-29,851282.SI,烘焙食品,L3,1626.46,1602.79,1648.32,1613.64,-14.34,-0.88,2258.0,39088.0,31.85,3.31,2309450.0,6480880.0
2023-06-30,851282.SI,烘焙食品,L3,1610.61,1604.51,1644.69,1625.77,12.13,0.75,2203.0,37023.0,32.09,3.33,2326810.0,6527490.0
2023-07-03,851282.SI,烘焙食品,L3,1627.16,1619.1,1674.53,1654.14,28.37,1.74,3215.0,50115.0,32.65,3.39,2367410.0,6630120.0
2023-07-04,851282.SI,烘焙食品,L3,1651.43,1628.45,1656.2,1644.48,-9.66,-0.58,2176.0,36431.0,32.64,3.37,2291110.0,6591010.0
2023-07-05,851282.SI,烘焙食品,L3,1643.82,1605.06,1645.83,1616.73,-27.75,-1.69,2109.0,37558.0,32.09,3.32,2252450.0,6479050.0
2023-07-06,851282.SI,烘焙食品,L3,1609.71,1596.31,1629.91,1607.87,-8.85,-0.55,1593.0,29737.0,31.86,3.3,2257750.0,6444720.0
2023-07-07,851282.SI,烘焙食品,L3,1605.88,1587.91,1614.5,1600.86,-7.01,-0.44,1818.0,27677.0,31.72,3.28,2247900.0,6416420.0
2023-07-10,851282.SI,烘焙食品,L3,1604.32,1595.38,1628.55,1613.2,12.34,0.77,1782.0,29309.0,31.97,3.31,2265230.0,6460340.0
2023-07-11,851282.SI,烘焙食品,L3,1615.9,1597.66,1626.08,1615.41,2.21,0.14,1419.0,26213.0,32.01,3.31,2268330.0,6474740.0
2023-07-12,851282.SI,烘焙食品,L3,1616.26,1596.58,1624.31,1602.15,-13.25,-0.82,1436.0,23511.0,31.75,3.29,2249630.0,6427600.0
2023-07-13,851282.SI,烘焙食品,L3,1603.82,1594.69,1633.49,1624.44,22.28,1.39,2198.0,37450.0,32.19,3.33,2280920.0,6513550.0
2023-07-14,851282.SI,烘焙食品,L3,1622.91,1565.37,1629.96,1576.98,-47.46,-2.92,2818.0,59008.0,31.25,3.23,2214280.0,6317440.0
2023-07-17,851282.SI,烘焙食品,L3,1574.74,1542.63,1578.11,1559.99,-16.99,-1.08,1867.0,32064.0,30.91,3.2,2190430.0,6247680.0
2023-07-18,851282.SI,烘焙食品,L3,1561.83,1508.18,1569.44,1530.37,-29.62,-1.9,3927.0,59181.0,30.33,3.14,2148840.0,6129180.0
2023-07-19,851282.SI,烘焙食品,L3,1527.15,1512.2,1547.84,1526.73,-3.64,-0.24,2508.0,36759.0,30.25,3.13,2143730.0,6111580.0
2023-07-20,851282.SI,烘焙食品,L3,1532.37,1520.26,1559.89,1537.33,10.6,0.69,3937.0,57755.0,30.46,3.15,2158620.0,6140560.0
2023-07-21,851282.SI,烘焙食品,L3,1534.07,1528.5,1603.87,1577.05,39.72,2.58,6976.0,101426.0,31.25,3.23,2213950.0,6287710.0
2023-07-24,851282.SI,烘焙食品,L3,1569.17,1545.5,1583.78,1568.05,-9.0,-0.57,4550.0,64558.0,31.07,3.22,2201320.0,6265440.0
2023-07-25,851282.SI,烘焙食品,L3,1577.26,1564.98,1602.05,1585.21,17.16,1.09,4813.0,73877.0,31.41,3.25,2225400.0,6341550.0
2023-07-26,851282.SI,烘焙食品,L3,1581.83,1567.61,1596.58,1588.87,3.67,0.23,3432.0,51095.0,31.48,3.26,2230550.0,6359240.0
2023-07-27,851282.SI,烘焙食品,L3,1585.34,1576.54,1615.52,1588.31,-0.56,-0.04,4054.0,59419.0,31.47,3.26,2229760.0,6357270.0
2023-07-28,851282.SI,烘焙食品,L3,1583.38,1575.49,1637.54,1625.1,36.8,2.32,4811.0,79311.0,32.2,3.33,2281410.0,6503530.0
2023-07-31,851282.SI,烘焙食品,L3,1640.9,1626.82,1679.62,1667.0,41.9,2.58,5918.0,114832.0,33.03,3.42,2340240.0,6675310.0
2023-08-01,851282.SI,烘焙食品,L3,1664.56,1636.78,1670.3,1648.25,-18.76,-1.13,3999.0,74643.0,32.66,3.38,2313900.0,6604720.0
2023-08-02,851282.SI,烘焙食品,L3,1641.16,1622.65,1658.06,1641.27,-6.97,-0.42,3012.0,49326.0,32.52,3.37,2304120.0,6581180.0
2023-08-03,851282.SI,烘焙食品,L3,1638.38,1628.37,1675.96,1667.97,26.69,1.63,5556.0,88121.0,33.05,3.42,2341590.0,6678040.0
2023-08-04,851282.SI,烘焙食品,L3,1665.19,1637.45,1681.86,1643.01,-24.96,-1.5,4951.0,81670.0,32.56,3.37,2306560.0,6586880.0
2023-08-07,851282.SI,烘焙食品,L3,1639.37,1617.8,1653.74,1634.28,-8.73,-0.53,3796.0,60848.0,32.38,3.35,2294300.0,6543390.0
2023-08-08,851282.SI,烘焙食品,L3,1631.96,1609.39,1644.04,1631.76,-2.52,-0.15,3448.0,55791.0,32.33,3.35,2290760.0,6537160.0
2023-08-09,851282.SI,烘焙食品,L3,1628.4,1609.67,1641.63,1616.43,-15.33,-0.94,2569.0,43282.0,32.03,3.32,2269230.0,6475890.0
2023-08-10,851282.SI,烘焙食品,L3,1616.9,1599.2,1631.08,1620.98,4.55,0.28,2501.0,40849.0,32.12,3.33,2275620.0,6499480.0
2023-08-11,851282.SI,烘焙食品,L3,1616.83,1585.03,1629.8,1588.08,-32.9,-2.03,2356.0,38355.0,31.47,3.26,2229430.0,6370150.0
2023-08-14,851282.SI,烘焙食品,L3,1575.76,1547.37,1600.0,1576.4,-11.67,-0.73,2575.0,47519.0,31.24,3.24,2213050.0,6309600.0
2023-08-15,851282.SI,烘焙食品,L3,1577.11,1546.61,1585.31,1561.04,-15.36,-0.97,2120.0,35419.0,30.93,3.27,2191480.0,6249050.0
2023-08-16,851282.SI,烘焙食品,L3,1556.49,1542.28,1581.93,1560.71,-0.33,-0.02,2108.0,38397.0,30.93,3.27,2191020.0,6245870.0
2023-08-17,851282.SI,烘焙食品,L3,1557.83,1538.72,1579.28,1573.64,12.93,0.83,2314.0,37259.0,31.18,3.3,2209170.0,6295980.0
2023-08-18,851282.SI,烘焙食品,L3,1570.5,1535.86,1586.17,1537.21,-36.43,-2.31,2433.0,38004.0,30.46,3.23,2158030.0,6149900.0
2023-08-21,851282.SI,烘焙食品,L3,1534.97,1516.75,1551.01,1520.98,-16.23,-1.06,2285.0,35750.0,30.14,3.2,2135240.0,6081750.0
2023-08-22,851282.SI,烘焙食品,L3,1523.75,1483.22,1537.38,1505.68,-15.3,-1.01,2704.0,43799.0,29.84,3.17,2113760.0,6015000.0
2023-08-23,851282.SI,烘焙食品,L3,1494.5,1431.14,1500.16,1438.84,-66.84,-4.44,4752.0,58236.0,28.51,3.07,2019930.0,5762260.0
2023-08-24,851282.SI,烘焙食品,L3,1438.04,1423.09,1474.48,1466.72,27.88,1.94,4092.0,55834.0,29.06,3.12,2059060.0,5873840.0
2023-08-25,851282.SI,烘焙食品,L3,1461.06,1437.28,1480.19,1453.4,-13.31,-0.91,2834.0,41285.0,28.8,3.1,2040370.0,5818950.0
2023-08-28,851282.SI,烘焙食品,L3,1519.47,1439.2,1529.93,1450.31,-3.09,-0.21,4229.0,63943.0,28.74,3.09,2036030.0,5805660.0
2023-08-29,851282.SI,烘焙食品,L3,1444.08,1437.5,1480.24,1473.21,22.91,1.58,3301.0,46787.0,29.19,3.14,2068180.0,5898230.0
2023-08-30,851282.SI,烘焙食品,L3,1480.34,1475.97,1525.56,1497.2,23.98,1.63,2924.0,63899.0,29.67,3.23,2101850.0,6006960.0
2023-08-31,851282.SI,烘焙食品,L3,1500.12,1477.95,1517.6,1501.93,4.73,0.32,3469.0,65171.0,29.76,3.24,2108490.0,6020660.0
2023-09-01,851282.SI,烘焙食品,L3,1507.17,1502.45,1536.31,1519.01,17.08,1.14,3365.0,55826.0,30.41,3.27,2132470.0,6089070.0
2023-09-04,851282.SI,烘焙食品,L3,1525.48,1518.41,1557.98,1547.42,28.41,1.87,3472.0,57818.0,30.98,3.34,2172360.0,6197440.0
2023-09-05,851282.SI,烘焙食品,L3,1544.28,1526.48,1556.3,1536.99,-10.43,-0.67,2223.0,36793.0,30.77,3.31,2157720.0,6155440.0
2023-09-06,851282.SI,烘焙食品,L3,1531.93,1512.56,1540.35,1525.6,-11.39,-0.74,2112.0,34299.0,30.54,3.29,2141720.0,6115000.0
2023-09-07,851282.SI,烘焙食品,L3,1523.35,1500.05,1534.0,1508.06,-17.54,-1.15,2056.0,34508.0,30.19,3.25,2117100.0,6043470.0
2023-09-08,851282.SI,烘焙食品,L3,1507.66,1491.65,1517.7,1496.3,-11.75,-0.78,1661.0,27842.0,29.95,3.23,2100600.0,5995280.0
2023-09-11,851282.SI,烘焙食品,L3,1497.78,1486.1,1523.9,1509.23,12.93,0.86,3022.0,45902.0,30.21,3.25,2118740.0,6049990.0
2023-09-12,851282.SI,烘焙食品,L3,1508.48,1495.16,1528.54,1514.63,5.4,0.36,2240.0,37421.0,30.32,3.27,2126330.0,6077380.0
2023-09-13,851282.SI,烘焙食品,L3,1514.63,1493.75,1521.01,1503.72,-10.91,-0.72,1817.0,28021.0,30.1,3.24,2111020.0,6030260.0
2023-09-14,851282.SI,烘焙食品,L3,1504.12,1454.72,1507.32,1471.64,-32.09,-2.13,2687.0,43957.0,29.46,3.17,2065970.0,5894360.0
2023-09-15,851282.SI,烘焙食品,L3,1471.88,1452.78,1485.29,1465.87,-5.76,-0.39,2115.0,34446.0,29.34,3.16,2057880.0,5876350.0
2023-09-18,851282.SI,烘焙食品,L3,1464.44,1450.0,1503.06,1493.96,28.09,1.92,3407.0,51603.0,29.91,3.22,2097310.0,5982460.0
2023-09-19,851282.SI,烘焙食品,L3,1491.04,1463.34,1494.8,1475.16,-18.8,-1.26,1966.0,30635.0,29.53,3.18,2070920.0,5907000.0
2023-09-20,851282.SI,烘焙食品,L3,1472.67,1460.11,1492.2,1468.18,-6.99,-0.47,1975.0,30137.0,29.39,3.16,2061230.0,5878840.0
2023-09-21,851282.SI,烘焙食品,L3,1467.05,1437.0,1470.94,1443.46,-24.72,-1.68,2172.0,31890.0,28.9,3.11,2026530.0,5781810.0
2023-09-22,851282.SI,烘焙食品,L3,1443.48,1433.66,1466.43,1461.92,18.46,1.28,2143.0,31822.0,29.27,3.15,2053890.0,5854120.0
2023-09-25,851282.SI,烘焙食品,L3,1462.66,1444.67,1468.59,1453.66,-8.26,-0.56,1792.0,27921.0,29.11,3.13,2042290.0,5824200.0
2023-09-26,851282.SI,烘焙食品,L3,1451.31,1436.24,1459.09,1441.12,-12.53,-0.86,1686.0,24119.0,28.86,3.1,2024680.0,5769010.0
2023-09-27,851282.SI,烘焙食品,L3,1438.83,1430.05,1467.39,1449.35,8.23,0.57,2380.0,32164.0,29.02,3.12,2036240.0,5814960.0
2023-09-28,851282.SI,烘焙食品,L3,1450.64,1423.36,1464.07,1434.23,-15.12,-1.04,3590.0,46459.0,28.72,3.09,2015000.0,5748480.0
2023-10-09,851282.SI,烘焙食品,L3,1431.48,1389.98,1439.48,1411.03,-23.2,-1.62,2826.0,42057.0,28.25,3.04,1982400.0,5648180.0
2023-10-10,851282.SI,烘焙食品,L3,1415.93,1401.34,1430.76,1413.17,2.14,0.15,2287.0,33362.0,28.3,3.04,1985400.0,5653160.0
2023-10-11,851282.SI,烘焙食品,L3,1411.78,1403.39,1435.43,1419.31,6.15,0.44,2394.0,35699.0,28.42,3.06,1994040.0,5688100.0
2023-10-12,851282.SI,烘焙食品,L3,1422.45,1409.07,1443.08,1423.74,4.43,0.31,1910.0,30369.0,28.51,3.07,2000260.0,5711960.0
2023-10-13,851282.SI,烘焙食品,L3,1425.33,1396.5,1436.07,1420.4,-3.34,-0.23,2932.0,39340.0,28.44,3.06,1995560.0,5700490.0
2023-10-16,851282.SI,烘焙食品,L3,1416.56,1380.9,1422.56,1395.71,-24.69,-1.74,3039.0,41216.0,27.95,3.01,1960880.0,5596720.0
2023-10-17,851282.SI,烘焙食品,L3,1401.28,1382.95,1409.53,1392.61,-3.1,-0.22,2113.0,26778.0,27.88,3.0,1956520.0,5584480.0
2023-10-18,851282.SI,烘焙食品,L3,1389.29,1365.7,1394.86,1371.01,-21.6,-1.55,1821.0,25998.0,27.45,2.95,1926170.0,5495600.0
2023-10-19,851282.SI,烘焙食品,L3,1367.2,1356.37,1384.72,1360.27,-10.74,-0.78,1669.0,23579.0,27.24,2.93,1911080.0,5449400.0
2023-10-20,851282.SI,烘焙食品,L3,1360.23,1341.95,1370.67,1346.95,-13.32,-0.98,2128.0,29119.0,26.97,2.9,1892370.0,5390250.0
2023-10-23,851282.SI,烘焙食品,L3,1345.17,1313.67,1355.67,1323.35,-23.6,-1.75,2040.0,28798.0,26.5,2.85,1859210.0,5298450.0
2023-10-24,851282.SI,烘焙食品,L3,1333.76,1327.78,1377.23,1366.03,42.68,3.23,3585.0,45191.0,27.35,2.91,1919180.0,5464780.0
2023-10-25,851282.SI,烘焙食品,L3,1371.07,1366.4,1403.48,1390.19,24.16,1.77,2851.0,46032.0,27.84,2.97,1953120.0,5557480.0
2023-10-26,851282.SI,烘焙食品,L3,1375.07,1325.45,1393.25,1360.4,-29.79,-2.14,3344.0,69484.0,27.24,2.89,1911270.0,5426620.0
2023-10-27,851282.SI,烘焙食品,L3,1358.67,1348.09,1425.31,1415.37,54.97,4.04,4540.0,81508.0,28.34,2.95,1988500.0,5662000.0
2023-10-30,851282.SI,烘焙食品,L3,1412.98,1382.3,1437.43,1406.4,-8.97,-0.63,4385.0,82257.0,28.16,2.87,1975890.0,5599070.0
2023-10-31,851282.SI,烘焙食品,L3,1409.23,1394.5,1423.69,1408.22,1.82,0.13,3270.0,51636.0,28.2,2.87,1978450.0,5600620.0
2023-11-01,851282.SI,烘焙食品,L3,1418.82,1396.03,1427.82,1409.42,1.2,0.09,3081.0,50370.0,26.75,2.87,1980140.0,5606050.0
2023-11-02,851282.SI,烘焙食品,L3,1406.33,1386.26,1415.88,1394.3,-15.12,-1.07,2816.0,46890.0,26.46,2.84,1958890.0,5541790.0
2023-11-03,851282.SI,烘焙食品,L3,1396.16,1385.71,1425.07,1411.28,16.98,1.22,3812.0,74196.0,26.79,2.88,1982750.0,5618350.0
2023-11-06,851282.SI,烘焙食品,L3,1417.79,1395.98,1429.06,1414.12,2.84,0.2,3316.0,54342.0,26.84,2.88,1986740.0,5633680.0
2023-11-07,851282.SI,烘焙食品,L3,1414.82,1395.71,1421.8,1412.15,-1.97,-0.14,2394.0,38938.0,26.8,2.88,1983970.0,5624180.0
2023-11-08,851282.SI,烘焙食品,L3,1414.65,1398.66,1423.0,1409.92,-2.23,-0.16,2131.0,34573.0,26.76,2.87,1980840.0,5615840.0
2023-11-09,851282.SI,烘焙食品,L3,1409.92,1397.12,1425.36,1404.89,-5.02,-0.36,2223.0,38352.0,26.67,2.86,1973780.0,5594920.0
2023-11-10,851282.SI,烘焙食品,L3,1400.67,1386.94,1409.29,1401.22,-3.67,-0.26,1546.0,24352.0,26.6,2.86,1968620.0,5577680.0
2023-11-13,851282.SI,烘焙食品,L3,1406.63,1392.52,1415.99,1408.66,7.45,0.53,2114.0,33080.0,26.74,2.87,1979080.0,5601920.0
2023-11-14,851282.SI,烘焙食品,L3,1408.84,1394.29,1423.34,1409.2,0.53,0.04,2382.0,41261.0,26.75,2.87,1979820.0,5604350.0
2023-11-15,851282.SI,烘焙食品,L3,1418.24,1407.4,1430.71,1420.86,11.67,0.83,2989.0,51436.0,26.97,2.9,1996220.0,5648510.0
2023-11-16,851282.SI,烘焙食品,L3,1418.91,1403.99,1426.87,1412.15,-8.71,-0.61,2127.0,37154.0,26.8,2.88,1983970.0,5611660.0
2023-11-17,851282.SI,烘焙食品,L3,1410.82,1399.41,1419.36,1409.03,-3.11,-0.22,1730.0,28664.0,26.74,2.87,1979600.0,5603550.0
2023-11-20,851282.SI,烘焙食品,L3,1412.56,1397.4,1423.16,1414.81,5.78,0.41,2114.0,34420.0,26.85,2.88,1987710.0,5627940.0
2023-11-21,851282.SI,烘焙食品,L3,1416.52,1407.31,1433.38,1416.16,1.35,0.1,2829.0,44960.0,26.88,2.89,1989610.0,5640640.0
2023-11-22,851282.SI,烘焙食品,L3,1413.45,1401.48,1422.57,1404.79,-11.38,-0.8,2040.0,30718.0,26.66,2.86,1973630.0,5595530.0
2023-11-23,851282.SI,烘焙食品,L3,1405.72,1392.3,1416.88,1409.42,4.63,0.33,1885.0,28502.0,26.75,2.87,1980140.0,5610890.0
2023-11-24,851282.SI,烘焙食品,L3,1409.39,1395.54,1428.41,1413.86,4.44,0.31,4169.0,58292.0,26.84,2.88,1986380.0,5627370.0
2023-11-27,851282.SI,烘焙食品,L3,1409.11,1382.55,1421.37,1402.15,-11.71,-0.83,4584.0,67139.0,26.61,2.86,1969920.0,5574240.0
2023-11-28,851282.SI,烘焙食品,L3,1399.92,1387.84,1422.49,1413.65,11.5,0.82,3203.0,46560.0,26.83,2.88,1986080.0,5621410.0
2023-11-29,851282.SI,烘焙食品,L3,1412.92,1389.18,1418.94,1399.58,-14.06,-0.99,2876.0,39682.0,26.56,2.85,1966320.0,5560550.0
2023-11-30,851282.SI,烘焙食品,L3,1398.3,1384.69,1415.55,1407.72,8.13,0.58,3783.0,55456.0,26.72,2.87,1977750.0,5603340.0
2023-12-01,851282.SI,烘焙食品,L3,1407.08,1391.74,1433.42,1407.63,-0.09,-0.01,5228.0,82162.0,26.72,2.87,1977620.0,5593770.0
2023-12-04,851282.SI,烘焙食品,L3,1404.23,1373.29,1414.46,1384.84,-22.79,-1.62,4524.0,71787.0,26.28,2.82,1945610.0,5492710.0
2023-12-05,851282.SI,烘焙食品,L3,1380.25,1371.27,1430.45,1398.79,13.95,1.01,8093.0,128095.0,26.55,2.85,1965210.0,5591510.0
2023-12-06,851282.SI,烘焙食品,L3,1390.89,1365.81,1416.73,1381.3,-17.49,-1.25,7671.0,121726.0,26.22,2.82,1940640.0,5495450.0
2023-12-07,851282.SI,烘焙食品,L3,1377.95,1350.68,1389.54,1378.16,-3.14,-0.23,6021.0,94173.0,26.16,2.81,1936220.0,5476460.0
2023-12-08,851282.SI,烘焙食品,L3,1370.29,1348.57,1387.73,1355.74,-22.42,-1.63,5211.0,81259.0,25.73,2.76,1904730.0,5401070.0
2023-12-11,851282.SI,烘焙食品,L3,1344.56,1314.0,1358.11,1350.69,-5.05,-0.37,4832.0,75138.0,25.64,2.75,1897630.0,5383780.0
2023-12-12,851282.SI,烘焙食品,L3,1352.21,1339.65,1370.66,1358.8,8.1,0.6,3753.0,57854.0,25.79,2.77,1909020.0,5410720.0
2023-12-13,851282.SI,烘焙食品,L3,1357.35,1323.07,1364.36,1325.79,-33.01,-2.43,3875.0,53511.0,25.16,2.7,1862650.0,5275680.0
2023-12-14,851282.SI,烘焙食品,L3,1327.86,1317.65,1345.25,1322.31,-3.48,-0.26,2965.0,43967.0,25.1,2.7,1857750.0,5245170.0
2023-12-15,851282.SI,烘焙食品,L3,1326.26,1312.95,1341.03,1321.62,-0.68,-0.05,2983.0,43942.0,25.09,2.69,1856790.0,5246990.0
2023-12-18,851282.SI,烘焙食品,L3,1314.94,1290.78,1321.23,1296.85,-24.78,-1.87,3122.0,43359.0,24.61,2.64,1821980.0,5142620.0
2023-12-19,851282.SI,烘焙食品,L3,1297.35,1287.67,1309.85,1301.96,5.12,0.39,2166.0,30399.0,24.71,2.65,1829170.0,5160260.0
2023-12-20,851282.SI,烘焙食品,L3,1305.01,1278.28,1310.68,1282.06,-19.9,-1.53,2394.0,34523.0,24.33,2.61,1801210.0,5081410.0
2023-12-21,851282.SI,烘焙食品,L3,1278.79,1270.45,1308.92,1301.48,19.42,1.51,3348.0,51801.0,24.7,2.65,1828490.0,5162390.0
2023-12-22,851282.SI,烘焙食品,L3,1300.68,1280.71,1311.51,1289.04,-12.44,-0.96,3034.0,44984.0,24.47,2.63,1811020.0,5110830.0
2023-12-25,851282.SI,烘焙食品,L3,1290.32,1274.2,1300.57,1288.7,-0.34,-0.03,2798.0,43312.0,24.46,2.63,1810540.0,5112800.0
2023-12-26,851282.SI,烘焙食品,L3,1290.58,1267.98,1295.74,1273.99,-14.72,-1.14,2233.0,33651.0,24.18,2.6,1789870.0,5051250.0
2023-12-27,851282.SI,烘焙食品,L3,1276.89,1265.73,1308.13,1301.99,28.0,2.2,3769.0,62315.0,24.71,2.65,1829200.0,5148210.0
2023-12-28,851282.SI,烘焙食品,L3,1300.13,1286.9,1333.04,1323.69,21.7,1.67,4052.0,63215.0,25.12,2.7,1859700.0,5245120.0
2023-12-29,851282.SI,烘焙食品,L3,1326.11,1317.23,1348.07,1338.51,14.82,1.12,3702.0,55959.0,25.41,2.73,1880520.0,5293280.0
2024-01-02,851282.SI,烘焙食品,L3,1338.22,1320.53,1352.06,1337.75,-0.77,-0.06,3837.0,57907.0,25.39,2.73,1879440.0,5287810.0
2024-01-03,851282.SI,烘焙食品,L3,1334.68,1317.89,1344.33,1334.67,-3.08,-0.23,2891.0,49206.0,25.33,2.72,1875120.0,5271290.0
2024-01-04,851282.SI,烘焙食品,L3,1333.74,1311.54,1339.23,1322.99,-11.67,-0.87,2733.0,40342.0,25.11,2.7,1858720.0,5225850.0
2024-01-05,851282.SI,烘焙食品,L3,1323.14,1298.28,1328.85,1305.58,-17.41,-1.32,2317.0,36050.0,24.78,2.66,1834260.0,5152340.0
2024-01-08,851282.SI,烘焙食品,L3,1303.3,1277.29,1318.1,1287.02,-18.57,-1.42,3079.0,50212.0,24.43,2.62,1808170.0,5062170.0
2024-01-09,851282.SI,烘焙食品,L3,1291.29,1281.12,1323.29,1305.15,18.13,1.41,3769.0,69868.0,24.77,2.66,1833650.0,5127280.0
2024-01-10,851282.SI,烘焙食品,L3,1303.23,1285.55,1340.64,1329.97,24.82,1.9,5345.0,81772.0,25.24,2.71,1868520.0,5227310.0
2024-01-11,851282.SI,烘焙食品,L3,1321.36,1314.18,1348.97,1337.8,7.83,0.59,5701.0,80959.0,25.39,2.73,1879520.0,5271330.0
2024-01-12,851282.SI,烘焙食品,L3,1333.91,1324.5,1364.77,1339.96,2.16,0.16,4716.0,69234.0,25.43,2.73,1882550.0,5286360.0
2024-01-15,851282.SI,烘焙食品,L3,1338.59,1322.16,1365.63,1349.78,9.82,0.73,5253.0,92697.0,25.62,2.75,1896350.0,5314840.0
2024-01-16,851282.SI,烘焙食品,L3,1348.06,1322.67,1367.7,1348.43,-1.35,-0.1,4500.0,73485.0,25.59,2.75,1894450.0,5314580.0
2024-01-17,851282.SI,烘焙食品,L3,1346.32,1314.65,1353.69,1318.28,-30.14,-2.24,3368.0,53411.0,25.02,2.69,1852100.0,5191010.0
2024-01-18,851282.SI,烘焙食品,L3,1310.3,1258.3,1315.7,1296.55,-21.73,-1.65,4571.0,66532.0,24.61,2.64,1821570.0,5103320.0
2024-01-19,851282.SI,烘焙食品,L3,1293.71,1277.38,1308.9,1284.28,-12.28,-0.95,2722.0,42661.0,24.38,2.62,1804320.0,5059440.0
2024-01-22,851282.SI,烘焙食品,L3,1280.89,1186.0,1284.53,1192.7,-91.58,-7.13,4268.0,60884.0,22.64,2.43,1675660.0,4709740.0
2024-01-23,851282.SI,烘焙食品,L3,1195.09,1145.88,1203.86,1167.95,-24.75,-2.08,4819.0,61905.0,22.17,2.38,1640880.0,4632670.0
2024-01-24,851282.SI,烘焙食品,L3,1167.18,1137.29,1200.27,1185.7,17.75,1.52,4615.0,60401.0,22.51,2.42,1665820.0,4712990.0
2024-01-25,851282.SI,烘焙食品,L3,1185.88,1173.7,1238.04,1234.42,48.72,4.11,4078.0,57028.0,23.42,2.52,1732870.0,4897630.0
2024-01-26,851282.SI,烘焙食品,L3,1232.41,1220.62,1263.07,1241.12,6.7,0.54,3512.0,55272.0,23.55,2.53,1742270.0,4900900.0
2024-01-29,851282.SI,烘焙食品,L3,1244.8,1208.8,1258.19,1214.16,-26.96,-2.17,2977.0,48616.0,23.04,2.48,1704430.0,4800040.0
2024-01-30,851282.SI,烘焙食品,L3,1204.0,1163.75,1213.12,1169.1,-45.07,-3.71,3102.0,51221.0,22.18,2.38,1641170.0,4619110.0
2024-01-31,851282.SI,烘焙食品,L3,1164.79,1112.33,1174.04,1117.49,-51.61,-4.41,4033.0,56487.0,21.2,2.28,1568720.0,4418900.0
2024-02-01,851282.SI,烘焙食品,L3,1117.54,1085.48,1134.11,1108.75,-8.74,-0.78,3796.0,48896.0,21.04,2.26,1556450.0,4381030.0
2024-02-02,851282.SI,烘焙食品,L3,1110.16,1028.16,1127.26,1072.71,-36.04,-3.25,5359.0,61776.0,20.35,2.19,1506030.0,4231160.0
2024-02-05,851282.SI,烘焙食品,L3,1063.33,979.87,1070.08,1000.83,-71.88,-6.7,6140.0,67865.0,18.99,2.04,1405120.0,3958340.0
2024-02-06,851282.SI,烘焙食品,L3,990.92,948.11,1048.0,1027.69,26.86,2.68,7032.0,77530.0,19.5,2.1,1442830.0,4085560.0
2024-02-07,851282.SI,烘焙食品,L3,1028.43,1000.83,1081.73,1052.6,24.91,2.42,7748.0,83687.0,19.97,2.15,1477800.0,4187310.0
2024-02-08,851282.SI,烘焙食品,L3,1058.35,1049.09,1126.92,1098.29,45.69,4.34,7448.0,85290.0,20.84,2.24,1541950.0,4365530.0
2024-02-19,851282.SI,烘焙食品,L3,1108.52,1082.11,1132.17,1105.13,6.85,0.62,5605.0,66842.0,20.97,2.25,1551560.0,4391310.0
2024-02-20,851282.SI,烘焙食品,L3,1102.47,1079.07,1114.0,1102.83,-2.3,-0.21,3848.0,45142.0,20.92,2.25,1548330.0,4379060.0
2024-02-21,851282.SI,烘焙食品,L3,1099.57,1086.0,1170.21,1140.97,38.14,3.46,5337.0,67488.0,21.65,2.33,1601880.0,4540840.0
2024-02-22,851282.SI,烘焙食品,L3,1133.0,1119.63,1148.01,1142.43,1.46,0.13,3748.0,47169.0,21.68,2.33,1603920.0,4543260.0
2024-02-23,851282.SI,烘焙食品,L3,1139.25,1123.16,1161.52,1150.43,8.0,0.7,4127.0,53323.0,21.83,2.35,1615160.0,4567220.0
2024-02-26,851282.SI,烘焙食品,L3,1145.59,1131.11,1167.06,1145.81,-4.62,-0.4,4041.0,52451.0,21.74,2.34,1608670.0,4557530.0
2024-02-27,851282.SI,烘焙食品,L3,1141.21,1132.95,1166.52,1165.38,19.57,1.71,3707.0,48252.0,22.11,2.38,1636140.0,4633620.0
2024-02-28,851282.SI,烘焙食品,L3,1168.48,1115.51,1189.5,1118.22,-47.16,-4.05,5828.0,75883.0,21.22,2.28,1569930.0,4449480.0
2024-02-29,851282.SI,烘焙食品,L3,1113.09,1105.82,1146.13,1141.84,23.62,2.11,4609.0,58800.0,21.66,2.33,1603100.0,4540820.0
2024-03-01,851282.SI,烘焙食品,L3,1142.18,1123.41,1146.77,1133.47,-8.37,-0.73,3767.0,45598.0,21.51,2.31,1591340.0,4512120.0
2024-03-04,851282.SI,烘焙食品,L3,1134.83,1113.51,1140.93,1127.23,-6.24,-0.55,3585.0,44324.0,21.39,2.3,1582590.0,4479950.0
2024-03-05,851282.SI,烘焙食品,L3,1121.22,1103.46,1126.87,1112.79,-14.44,-1.28,3040.0,37218.0,21.11,2.27,1562310.0,4421850.0
2024-03-06,851282.SI,烘焙食品,L3,1108.39,1095.24,1120.3,1109.22,-3.57,-0.32,2743.0,31623.0,21.05,2.26,1557300.0,4404950.0
2024-03-07,851282.SI,烘焙食品,L3,1108.84,1096.07,1120.63,1099.37,-9.85,-0.89,2819.0,34498.0,20.86,2.24,1543460.0,4360400.0
2024-03-08,851282.SI,烘焙食品,L3,1100.18,1080.55,1109.84,1097.44,-1.93,-0.18,2486.0,29948.0,20.82,2.24,1540760.0,4356090.0
2024-03-11,851282.SI,烘焙食品,L3,1098.4,1093.71,1134.69,1132.66,35.22,3.21,3799.0,46292.0,21.49,2.31,1590210.0,4507500.0
2024-03-12,851282.SI,烘焙食品,L3,1129.58,1119.8,1163.22,1159.83,27.17,2.4,4453.0,58396.0,21.64,2.36,1628350.0,4610600.0
2024-03-13,851282.SI,烘焙食品,L3,1158.44,1145.25,1177.3,1155.11,-4.72,-0.41,3627.0,51538.0,21.55,2.35,1621730.0,4600190.0
2024-03-14,851282.SI,烘焙食品,L3,1150.94,1136.68,1165.33,1147.12,-7.99,-0.69,2588.0,33719.0,21.4,2.33,1610500.0,4568170.0
2024-03-15,851282.SI,烘焙食品,L3,1144.15,1136.41,1160.36,1156.98,9.87,0.86,2567.0,34585.0,21.59,2.35,1624360.0,4606420.0
2024-03-18,851282.SI,烘焙食品,L3,1155.6,1136.05,1166.75,1158.51,1.53,0.13,3381.0,48783.0,21.62,2.36,1626500.0,4611040.0
2024-03-19,851282.SI,烘焙食品,L3,1156.81,1149.54,1172.86,1158.33,-0.19,-0.02,3217.0,43625.0,21.61,2.36,1626240.0,4610730.0
2024-03-20,851282.SI,烘焙食品,L3,1160.03,1151.65,1167.62,1162.58,4.25,0.37,2529.0,32635.0,21.69,2.37,1632210.0,4627990.0
2024-03-21,851282.SI,烘焙食品,L3,1163.8,1145.77,1175.68,1162.27,-0.31,-0.03,3869.0,46892.0,22.08,2.35,1631780.0,4635550.0
2024-03-22,851282.SI,烘焙食品,L3,1159.29,1119.75,1165.73,1127.12,-35.15,-3.02,4465.0,51643.0,21.41,2.28,1582430.0,4490510.0
2024-03-25,851282.SI,烘焙食品,L3,1121.3,1097.56,1128.79,1100.07,-27.05,-2.4,3340.0,40110.0,20.9,2.22,1544460.0,4381980.0
2024-03-26,851282.SI,烘焙食品,L3,1093.92,1085.14,1109.42,1102.79,2.71,0.25,3295.0,41418.0,20.87,2.23,1548270.0,4403940.0
2024-03-27,851282.SI,烘焙食品,L3,1101.78,1086.48,1123.39,1087.46,-15.33,-1.39,3629.0,45790.0,20.58,2.2,1525480.0,4342660.0
2024-03-28,851282.SI,烘焙食品,L3,1084.09,1073.35,1100.88,1090.86,3.4,0.31,3345.0,43467.0,20.64,2.21,1530250.0,4354520.0
2024-03-29,851282.SI,烘焙食品,L3,1090.27,1078.49,1103.61,1096.22,5.36,0.49,2600.0,32683.0,20.67,2.21,1537760.0,4365110.0
2024-04-01,851282.SI,烘焙食品,L3,1099.37,1097.2,1130.76,1126.9,30.68,2.8,3579.0,46527.0,21.24,2.27,1580810.0,4495120.0
2024-04-02,851282.SI,烘焙食品,L3,1127.18,1109.58,1136.83,1123.2,-3.7,-0.33,3090.0,40152.0,21.17,2.27,1575620.0,4476860.0
2024-04-03,851282.SI,烘焙食品,L3,1122.85,1112.02,1135.7,1126.08,2.87,0.26,3319.0,41616.0,21.23,2.27,1579650.0,4490060.0
2024-04-08,851282.SI,烘焙食品,L3,1128.29,1100.27,1139.02,1106.15,-19.93,-1.77,4312.0,61029.0,20.85,2.23,1551690.0,4399590.0
2024-04-09,851282.SI,烘焙食品,L3,1101.93,1094.48,1137.04,1132.68,26.54,2.4,4615.0,61773.0,20.94,2.29,1588920.0,4510170.0
2024-04-10,851282.SI,烘焙食品,L3,1130.6,1100.93,1137.07,1110.61,-22.07,-1.95,3749.0,49910.0,20.6,2.24,1557950.0,4425890.0
2024-04-11,851282.SI,烘焙食品,L3,1106.99,1093.34,1127.87,1114.45,3.84,0.35,3427.0,47200.0,20.67,2.25,1563330.0,4434800.0
2024-04-12,851282.SI,烘焙食品,L3,1113.13,1099.49,1124.5,1106.51,-7.93,-0.71,3136.0,42183.0,20.53,2.23,1552200.0,4404150.0
2024-04-15,851282.SI,烘焙食品,L3,1104.02,1061.72,1117.5,1082.17,-24.35,-2.2,4360.0,52125.0,20.08,2.18,1518050.0,4306310.0
2024-04-16,851282.SI,烘焙食品,L3,1076.06,1034.41,1084.5,1042.57,-39.59,-3.66,4643.0,52289.0,19.34,2.1,1462510.0,4152150.0
2024-04-17,851282.SI,烘焙食品,L3,1055.28,1050.97,1087.93,1079.41,36.84,3.53,3686.0,44411.0,20.02,2.18,1514190.0,4294030.0
2024-04-18,851282.SI,烘焙食品,L3,1076.8,1064.79,1111.2,1095.1,15.69,1.45,4405.0,50429.0,20.46,2.2,1589540.0,4359550.0
2024-04-19,851282.SI,烘焙食品,L3,1092.09,1069.43,1106.03,1085.13,-9.97,-0.91,4737.0,59997.0,20.28,2.17,1575070.0,4314530.0
2024-04-22,851282.SI,烘焙食品,L3,1080.67,1068.19,1105.96,1093.83,8.69,0.8,3943.0,47987.0,20.44,2.19,1587690.0,4365400.0
2024-04-23,851282.SI,烘焙食品,L3,1090.28,1084.12,1110.88,1100.94,7.12,0.65,3284.0,43367.0,20.57,2.2,1598020.0,4386780.0
2024-04-24,851282.SI,烘焙食品,L3,1100.78,1076.38,1110.91,1099.42,-1.52,-0.14,4190.0,45526.0,20.54,2.2,1595810.0,4376810.0
2024-04-25,851282.SI,烘焙食品,L3,1087.36,1078.59,1101.95,1089.31,-10.11,-0.92,3512.0,37966.0,20.35,2.18,1581130.0,4349900.0
2024-04-26,851282.SI,烘焙食品,L3,1087.44,1073.78,1110.37,1100.25,10.94,1.0,4534.0,51903.0,20.57,2.19,1597010.0,4385360.0
2024-04-29,851282.SI,烘焙食品,L3,1103.21,1097.61,1139.9,1133.93,33.69,3.06,5019.0,70026.0,22.82,2.26,1645900.0,4519660.0
2024-04-30,851282.SI,烘焙食品,L3,1133.06,1119.93,1144.43,1130.82,-3.11,-0.27,3741.0,52252.0,22.75,2.25,1641380.0,4501170.0
2024-05-06,851282.SI,烘焙食品,L3,1141.26,1135.44,1166.08,1156.25,25.43,2.25,4848.0,64762.0,23.01,2.3,1678290.0,4590870.0
2024-05-07,851282.SI,烘焙食品,L3,1156.74,1142.58,1173.87,1166.29,10.04,0.87,3790.0,58452.0,23.21,2.32,1692860.0,4623140.0
2024-05-08,851282.SI,烘焙食品,L3,1163.77,1142.27,1175.21,1149.35,-16.94,-1.45,4099.0,58434.0,22.87,2.28,1668270.0,4560630.0
2024-05-09,851282.SI,烘焙食品,L3,1147.12,1143.65,1166.6,1158.33,8.98,0.78,3065.0,41526.0,23.05,2.3,1681310.0,4594860.0
2024-05-10,851282.SI,烘焙食品,L3,1160.53,1141.68,1180.47,1146.69,-11.63,-1.0,3971.0,57608.0,22.82,2.28,1664420.0,4546130.0
2024-05-13,851282.SI,烘焙食品,L3,1141.94,1120.11,1146.95,1129.86,-16.84,-1.47,3194.0,44985.0,22.48,2.24,1639980.0,4480060.0
2024-05-14,851282.SI,烘焙食品,L3,1129.08,1125.37,1153.94,1144.42,14.57,1.29,3266.0,45365.0,22.77,2.27,1661130.0,4539700.0
2024-05-15,851282.SI,烘焙食品,L3,1146.64,1125.0,1149.48,1128.89,-15.53,-1.36,2539.0,34136.0,22.46,2.24,1638590.0,4483100.0
2024-05-16,851282.SI,烘焙食品,L3,1130.45,1121.85,1151.82,1139.06,10.17,0.9,3673.0,46783.0,22.67,2.26,1653340.0,4514690.0
2024-05-17,851282.SI,烘焙食品,L3,1138.27,1133.6,1170.11,1160.46,21.4,1.88,5058.0,58140.0,23.09,2.31,1684400.0,4596420.0
2024-05-20,851282.SI,烘焙食品,L3,1161.74,1153.02,1188.56,1167.41,6.95,0.6,4633.0,61021.0,23.23,2.32,1694490.0,4631340.0
2024-05-21,851282.SI,烘焙食品,L3,1164.86,1150.61,1175.75,1163.86,-3.55,-0.3,3560.0,44814.0,23.16,2.31,1689340.0,4619240.0
2024-05-22,851282.SI,烘焙食品,L3,1165.05,1145.42,1170.68,1154.03,-9.83,-0.84,2716.0,33420.0,22.96,2.29,1675070.0,4572380.0
2024-05-23,851282.SI,烘焙食品,L3,1153.85,1119.86,1157.04,1124.22,-29.81,-2.58,3497.0,44759.0,22.37,2.23,1631810.0,4457580.0
2024-05-24,851282.SI,烘焙食品,L3,1123.67,1117.01,1140.21,1121.81,-2.42,-0.21,2750.0,35471.0,22.32,2.23,1628300.0,4450110.0
2024-05-27,851282.SI,烘焙食品,L3,1120.87,1104.43,1136.37,1130.37,8.57,0.76,3459.0,46215.0,22.49,2.25,1640730.0,4476460.0
2024-05-28,851282.SI,烘焙食品,L3,1128.31,1110.77,1131.28,1114.26,-16.11,-1.43,2736.0,36249.0,22.17,2.21,1617350.0,4414040.0
2024-05-29,851282.SI,烘焙食品,L3,1112.57,1104.94,1122.78,1112.6,-1.66,-0.15,2451.0,30889.0,22.14,2.21,1614940.0,4407380.0
2024-05-30,851282.SI,烘焙食品,L3,1094.19,1083.14,1106.79,1096.67,-15.93,-1.43,2736.0,35905.0,21.82,2.18,1591820.0,4347630.0
2024-05-31,851282.SI,烘焙食品,L3,1094.74,1089.76,1107.32,1098.11,1.43,0.13,2356.0,29367.0,21.85,2.18,1593900.0,4351360.0
2024-06-03,851282.SI,烘焙食品,L3,1099.0,1075.23,1103.59,1086.35,-11.75,-1.07,2739.0,30816.0,21.62,2.16,1576840.0,4304460.0
2024-06-04,851282.SI,烘焙食品,L3,1082.73,1070.42,1092.06,1086.06,-0.29,-0.03,2388.0,28897.0,21.61,2.16,1576410.0,4302800.0
2024-06-05,851282.SI,烘焙食品,L3,1083.76,1063.84,1087.33,1064.62,-21.44,-1.97,2688.0,31072.0,21.19,2.12,1545290.0,4220400.0
2024-06-06,851282.SI,烘焙食品,L3,1064.61,1026.27,1071.54,1034.96,-29.66,-2.79,3793.0,41848.0,20.6,2.06,1502240.0,4103360.0
2024-06-07,851282.SI,烘焙食品,L3,1038.92,1026.17,1054.84,1041.09,6.13,0.59,2821.0,32195.0,20.72,2.07,1511140.0,4126410.0
2024-06-11,851282.SI,烘焙食品,L3,1036.08,1019.95,1047.83,1042.96,1.86,0.18,2176.0,24171.0,20.75,2.07,1513850.0,4133160.0
2024-06-12,851282.SI,烘焙食品,L3,1041.61,1036.56,1055.81,1046.59,3.63,0.35,1972.0,21830.0,20.83,2.08,1519120.0,4147140.0
2024-06-13,851282.SI,烘焙食品,L3,1045.64,1027.36,1051.95,1031.26,-15.33,-1.46,2214.0,21879.0,20.52,2.05,1496870.0,4086080.0
2024-06-14,851282.SI,烘焙食品,L3,1028.37,1015.87,1044.39,1040.24,8.98,0.87,3721.0,29558.0,20.7,2.07,1509900.0,4123670.0
2024-06-17,851282.SI,烘焙食品,L3,1034.14,1021.56,1040.8,1031.2,-9.04,-0.87,2699.0,25266.0,20.52,2.05,1496780.0,4088940.0
2024-06-18,851282.SI,烘焙食品,L3,1029.42,1023.59,1039.53,1028.26,-2.94,-0.29,1998.0,19858.0,20.46,2.05,1492510.0,4074600.0
2024-06-19,851282.SI,烘焙食品,L3,1029.18,1010.5,1032.95,1013.37,-14.88,-1.45,1972.0,20995.0,20.17,2.02,1470910.0,4007480.0
2024-06-20,851282.SI,烘焙食品,L3,1012.85,990.55,1018.23,992.12,-21.26,-2.1,2145.0,21145.0,19.75,1.97,1441680.0,3924740.0
2024-06-21,851282.SI,烘焙食品,L3,994.15,986.49,1003.8,993.68,1.57,0.16,1718.0,17092.0,19.78,1.98,1443960.0,3935550.0
2024-06-24,851282.SI,烘焙食品,L3,989.76,961.62,992.72,969.46,-24.22,-2.44,2484.0,24987.0,19.3,1.93,1408760.0,3836830.0
2024-06-25,851282.SI,烘焙食品,L3,967.91,963.88,985.61,975.58,6.12,0.63,1770.0,20167.0,19.42,1.94,1417650.0,3860340.0
2024-06-26,851282.SI,烘焙食品,L3,972.96,967.91,1001.73,999.52,23.94,2.45,2092.0,22691.0,19.89,1.99,1452440.0,3959580.0
2024-06-27,851282.SI,烘焙食品,L3,994.13,975.54,1001.01,978.97,-20.55,-2.06,1649.0,17570.0,19.49,1.95,1422580.0,3881150.0
2024-06-28,851282.SI,烘焙食品,L3,975.18,965.98,990.85,970.66,-8.31,-0.85,1987.0,20686.0,19.32,1.93,1410510.0,3847000.0
2024-07-01,851282.SI,烘焙食品,L3,970.88,957.61,984.73,978.04,7.38,0.76,2169.0,23574.0,19.47,1.95,1421230.0,3878800.0
2024-07-02,851282.SI,烘焙食品,L3,976.48,967.73,989.78,975.59,-2.45,-0.25,2003.0,21493.0,19.42,1.94,1417850.0,3869030.0
2024-07-03,851282.SI,烘焙食品,L3,973.2,970.23,995.1,981.72,6.13,0.63,2365.0,23457.0,19.54,1.95,1426760.0,3894820.0
2024-07-04,851282.SI,烘焙食品,L3,981.5,945.85,984.9,949.36,-32.36,-3.3,2486.0,26743.0,18.9,1.89,1379740.0,3774980.0
2024-07-05,851282.SI,烘焙食品,L3,947.58,934.1,958.18,951.23,1.87,0.2,1925.0,21527.0,18.93,1.89,1382460.0,3779710.0
2024-07-08,851282.SI,烘焙食品,L3,946.28,920.67,950.82,925.93,-25.3,-2.66,2100.0,23506.0,18.43,1.84,1345700.0,3680670.0
2024-07-09,851282.SI,烘焙食品,L3,924.41,904.55,935.47,927.16,1.23,0.13,2167.0,23143.0,18.46,1.84,1347480.0,3687620.0
2024-07-10,851282.SI,烘焙食品,L3,924.91,913.45,941.21,930.36,3.21,0.35,1592.0,17131.0,18.52,1.85,1352140.0,3701990.0
2024-07-11,851282.SI,烘焙食品,L3,943.0,936.69,959.5,953.72,23.35,2.51,2206.0,24077.0,18.98,1.9,1386080.0,3794890.0
2024-07-12,851282.SI,烘焙食品,L3,954.11,944.95,965.15,953.15,-0.57,-0.06,1661.0,21854.0,18.97,1.9,1385250.0,3800270.0
2024-07-15,851282.SI,烘焙食品,L3,957.51,943.95,963.87,949.78,-3.37,-0.35,2051.0,20539.0,18.91,1.89,1380360.0,3788830.0
2024-07-16,851282.SI,烘焙食品,L3,946.25,937.17,954.3,941.64,-8.14,-0.86,1602.0,15969.0,18.74,1.87,1368520.0,3752510.0
2024-07-17,851282.SI,烘焙食品,L3,943.41,936.42,960.15,954.5,12.86,1.37,2374.0,21547.0,19.0,1.9,1387220.0,3809260.0
2024-07-18,851282.SI,烘焙食品,L3,954.47,939.01,962.95,957.99,3.49,0.37,2203.0,21769.0,19.07,1.91,1392280.0,3823760.0
2024-07-19,851282.SI,烘焙食品,L3,957.51,946.16,965.76,960.3,2.31,0.24,1675.0,18556.0,19.11,1.91,1395640.0,3835580.0
2024-07-22,851282.SI,烘焙食品,L3,961.65,946.71,966.93,955.56,-4.74,-0.49,1663.0,19591.0,19.02,1.9,1388760.0,3821180.0
2024-07-23,851282.SI,烘焙食品,L3,958.48,936.91,960.64,939.2,-16.36,-1.71,1623.0,17138.0,18.69,1.87,1364980.0,3752510.0
2024-07-24,851282.SI,烘焙食品,L3,939.61,915.93,944.37,921.15,-18.05,-1.92,2246.0,25673.0,18.33,1.83,1338750.0,3681400.0
2024-07-25,851282.SI,烘焙食品,L3,917.78,911.9,939.28,929.53,8.38,0.91,1795.0,19031.0,18.5,1.85,1350920.0,3720720.0
2024-07-26,851282.SI,烘焙食品,L3,933.05,926.84,945.56,935.6,6.08,0.65,1521.0,16235.0,18.62,1.86,1359750.0,3741960.0
2024-07-29,851282.SI,烘焙食品,L3,934.93,920.01,942.12,931.11,-4.5,-0.48,1608.0,18152.0,18.53,1.85,1353220.0,3725390.0
2024-07-30,851282.SI,烘焙食品,L3,933.31,918.65,939.55,928.7,-2.41,-0.26,1754.0,21596.0,18.48,1.85,1349720.0,3716690.0
2024-07-31,851282.SI,烘焙食品,L3,929.47,924.91,969.98,967.74,39.04,4.2,3843.0,41116.0,19.92,1.94,1454800.0,3972710.0
2024-08-01,851282.SI,烘焙食品,L3,969.98,956.45,981.5,962.88,-4.86,-0.5,3905.0,40282.0,19.82,1.93,1447500.0,3952850.0
2024-08-02,851282.SI,烘焙食品,L3,960.85,954.13,977.22,962.2,-0.68,-0.07,3216.0,34136.0,19.81,1.93,1446470.0,3949400.0
2024-08-05,851282.SI,烘焙食品,L3,959.58,952.97,987.43,961.76,-0.43,-0.05,3785.0,41665.0,19.8,1.93,1445820.0,3943820.0
2024-08-06,851282.SI,烘焙食品,L3,968.63,964.84,992.75,986.64,24.88,2.59,4292.0,49363.0,20.31,1.98,1483220.0,4045940.0
2024-08-07,851282.SI,烘焙食品,L3,985.15,974.66,994.04,982.23,-4.41,-0.45,3541.0,38800.0,20.22,1.97,1476580.0,4028700.0
2024-08-08,851282.SI,烘焙食品,L3,980.8,975.13,1007.52,1001.74,19.52,1.99,4588.0,47123.0,20.62,2.01,1505920.0,4107300.0
2024-08-09,851282.SI,烘焙食品,L3,997.07,981.63,1006.01,984.56,-17.19,-1.72,3975.0,42466.0,20.27,1.98,1480090.0,4044380.0
2024-08-12,851282.SI,烘焙食品,L3,978.99,972.34,997.79,984.47,-0.09,-0.01,3735.0,40553.0,20.26,1.98,1479960.0,4046320.0
2024-08-13,851282.SI,烘焙食品,L3,993.41,961.35,997.68,974.16,-10.31,-1.05,4463.0,40486.0,20.05,1.97,1464450.0,3996200.0
2024-08-14,851282.SI,烘焙食品,L3,974.31,958.04,979.3,963.72,-10.43,-1.07,3092.0,29891.0,19.84,1.95,1448760.0,3951830.0
2024-08-15,851282.SI,烘焙食品,L3,963.71,948.53,975.12,957.83,-5.89,-0.61,3570.0,34065.0,19.72,1.93,1439900.0,3926220.0
2024-08-16,851282.SI,烘焙食品,L3,956.64,932.01,959.33,938.07,-19.76,-2.06,3527.0,35588.0,19.31,1.9,1410200.0,3843300.0
2024-08-19,851282.SI,烘焙食品,L3,936.1,929.16,947.84,933.67,-4.4,-0.47,2340.0,23383.0,19.22,1.89,1403580.0,3827000.0
2024-08-20,851282.SI,烘焙食品,L3,934.21,917.22,937.66,921.61,-12.06,-1.29,2308.0,22143.0,18.97,1.86,1385450.0,3776140.0
2024-08-21,851282.SI,烘焙食品,L3,920.5,910.75,927.78,914.66,-6.95,-0.75,2135.0,20156.0,18.83,1.85,1375000.0,3748920.0
2024-08-22,851282.SI,烘焙食品,L3,916.63,894.73,927.86,899.44,-15.21,-1.66,3787.0,32674.0,18.51,1.82,1352140.0,3686460.0
2024-08-23,851282.SI,烘焙食品,L3,892.73,879.18,905.44,892.4,-7.04,-0.78,3306.0,30519.0,18.37,1.82,1341540.0,3667510.0
2024-08-26,851282.SI,烘焙食品,L3,890.7,876.63,903.17,887.8,-4.6,-0.52,3534.0,32590.0,18.27,1.82,1334630.0,3650050.0
2024-08-27,851282.SI,烘焙食品,L3,885.83,874.04,902.49,891.04,3.24,0.36,5048.0,41683.0,18.34,1.83,1339500.0,3661640.0
2024-08-28,851282.SI,烘焙食品,L3,886.46,881.16,905.5,897.3,6.26,0.7,4808.0,42467.0,18.47,1.84,1348910.0,3682310.0
2024-08-29,851282.SI,烘焙食品,L3,892.37,884.1,906.34,899.18,1.89,0.21,4233.0,39380.0,18.51,1.84,1351740.0,3695340.0
2024-08-30,851282.SI,烘焙食品,L3,899.05,888.16,938.83,922.13,22.95,2.55,5498.0,58065.0,18.98,1.91,1386240.0,3788030.0
2024-09-02,851282.SI,烘焙食品,L3,918.64,893.26,924.14,895.49,-26.64,-2.89,4458.0,45658.0,18.77,1.86,1346200.0,3683110.0
2024-09-03,851282.SI,烘焙食品,L3,894.67,887.24,909.36,901.38,5.89,0.66,3343.0,32411.0,18.89,1.87,1355050.0,3707360.0
2024-09-04,851282.SI,烘焙食品,L3,900.69,887.71,911.8,895.59,-5.8,-0.64,3087.0,31104.0,18.77,1.86,1346330.0,3684400.0
2024-09-05,851282.SI,烘焙食品,L3,895.78,893.48,915.6,910.14,14.55,1.62,3125.0,31700.0,19.27,1.89,1394340.0,3741140.0
2024-09-06,851282.SI,烘焙食品,L3,910.95,889.98,913.04,891.42,-18.72,-2.06,2348.0,22146.0,18.87,1.85,1365660.0,3666120.0
2024-09-09,851282.SI,烘焙食品,L3,889.41,878.24,899.01,888.39,-3.02,-0.34,2370.0,22581.0,18.81,1.84,1361030.0,3648070.0
2024-09-10,851282.SI,烘焙食品,L3,889.73,867.19,898.15,885.52,-2.87,-0.32,2717.0,27556.0,18.75,1.83,1356630.0,3632360.0
2024-09-11,851282.SI,烘焙食品,L3,884.69,874.56,896.63,885.64,0.12,0.01,2347.0,26274.0,18.75,1.83,1356820.0,3636080.0
2024-09-12,851282.SI,烘焙食品,L3,885.46,868.62,893.43,871.62,-14.02,-1.58,2501.0,24363.0,18.45,1.81,1335340.0,3573290.0
2024-09-13,851282.SI,烘焙食品,L3,868.94,847.07,874.59,851.72,-19.9,-2.28,2808.0,28414.0,18.03,1.76,1304850.0,3505060.0
2024-09-18,851282.SI,烘焙食品,L3,851.31,825.16,856.41,842.84,-8.88,-1.04,2711.0,24973.0,17.84,1.75,1291250.0,3466400.0
2024-09-19,851282.SI,烘焙食品,L3,847.32,843.73,894.93,880.8,37.96,4.5,4574.0,46749.0,18.65,1.82,1349400.0,3611730.0
2024-09-20,851282.SI,烘焙食品,L3,880.25,864.46,885.01,875.86,-4.94,-0.56,2797.0,28585.0,18.54,1.81,1341830.0,3595640.0
2024-09-23,851282.SI,烘焙食品,L3,876.57,866.68,885.78,875.09,-0.78,-0.09,2055.0,21270.0,18.53,1.81,1340640.0,3598240.0
2024-09-24,851282.SI,烘焙食品,L3,882.58,875.32,913.4,912.34,37.26,4.26,3937.0,39924.0,19.31,1.89,1397720.0,3744870.0
2024-09-25,851282.SI,烘焙食品,L3,922.94,909.6,938.35,913.98,1.64,0.18,4132.0,45950.0,19.35,1.89,1400230.0,3749740.0
2024-09-26,851282.SI,烘焙食品,L3,911.94,908.84,986.58,983.77,69.79,7.64,6582.0,72117.0,20.83,2.04,1507150.0,4024360.0
2024-09-27,851282.SI,烘焙食品,L3,1018.85,999.37,1043.91,1025.45,41.68,4.24,7797.0,87105.0,21.71,2.12,1571000.0,4196540.0
2024-09-30,851282.SI,烘焙食品,L3,1064.58,1041.27,1127.82,1120.8,95.35,9.3,12909.0,148018.0,23.73,2.32,1717070.0,4580690.0
2024-10-08,851282.SI,烘焙食品,L3,1243.19,1087.66,1248.16,1152.13,31.34,2.8,15779.0,196078.0,24.39,2.39,1765080.0,4696270.0
2024-10-09,851282.SI,烘焙食品,L3,1117.95,1039.71,1124.57,1044.73,-107.4,-9.32,10035.0,112461.0,22.12,2.16,1600550.0,4278280.0
2024-10-10,851282.SI,烘焙食品,L3,1052.82,1038.19,1086.53,1057.56,12.83,1.23,6868.0,75267.0,22.64,2.2,1638080.0,4334520.0
2024-10-11,851282.SI,烘焙食品,L3,1055.38,1021.08,1076.32,1036.2,-21.36,-2.02,5843.0,61429.0,22.18,2.15,1604990.0,4241770.0
2024-10-14,851282.SI,烘焙食品,L3,1033.11,1010.75,1053.52,1044.63,8.43,0.81,5579.0,58849.0,22.36,2.17,1618040.0,4271440.0
2024-10-15,851282.SI,烘焙食品,L3,1039.94,1017.78,1053.22,1019.41,-25.21,-2.41,4494.0,53062.0,21.82,2.12,1578990.0,4173360.0
2024-10-16,851282.SI,烘焙食品,L3,1010.86,1002.91,1031.2,1018.15,-1.26,-0.12,3358.0,38772.0,21.79,2.11,1577030.0,4165680.0
2024-10-17,851282.SI,烘焙食品,L3,1021.53,1003.11,1030.82,1005.56,-12.59,-1.24,3357.0,36791.0,21.52,2.09,1557530.0,4121160.0
2024-10-18,851282.SI,烘焙食品,L3,1005.1,998.56,1047.7,1030.94,25.38,2.52,5243.0,55929.0,22.07,2.14,1596840.0,4215900.0
2024-10-21,851282.SI,烘焙食品,L3,1032.19,1020.28,1050.85,1037.61,6.67,0.65,4918.0,54244.0,22.21,2.16,1607180.0,4231450.0
2024-10-22,851282.SI,烘焙食品,L3,1038.44,1031.88,1067.67,1063.91,26.3,2.53,5894.0,65108.0,22.77,2.21,1647900.0,4326590.0
2024-10-23,851282.SI,烘焙食品,L3,1063.07,1049.87,1076.19,1060.94,-2.97,-0.28,5480.0,54405.0,22.71,2.2,1643350.0,4325040.0
2024-10-24,851282.SI,烘焙食品,L3,1058.23,1047.93,1069.07,1055.96,-4.98,-0.47,3132.0,33450.0,22.6,2.19,1635640.0,4311160.0
2024-10-25,851282.SI,烘焙食品,L3,1057.82,1051.94,1079.52,1074.69,18.73,1.77,4224.0,47688.0,23.0,2.23,1664660.0,4383470.0
2024-10-28,851282.SI,烘焙食品,L3,1075.96,1068.38,1096.84,1093.98,19.29,1.79,5652.0,59303.0,23.42,2.25,1694540.0,4464660.0
2024-10-29,851282.SI,烘焙食品,L3,1094.08,1056.29,1104.48,1061.43,-32.56,-2.98,6962.0,67201.0,22.72,2.18,1644110.0,4334440.0
2024-10-30,851282.SI,烘焙食品,L3,1066.8,1058.21,1099.29,1072.67,11.24,1.06,5348.0,64339.0,22.96,2.16,1661530.0,4379550.0
2024-10-31,851282.SI,烘焙食品,L3,1072.73,1058.8,1093.08,1073.34,0.67,0.06,6561.0,70250.0,22.97,2.16,1662560.0,4370570.0
2024-11-01,851282.SI,烘焙食品,L3,1074.64,1060.2,1100.32,1080.53,7.19,0.67,8357.0,92250.0,23.81,2.18,1673700.0,4388230.0
2024-11-04,851282.SI,烘焙食品,L3,1082.65,1069.86,1113.77,1105.59,25.06,2.32,11809.0,119978.0,24.37,2.23,1712510.0,4488630.0
2024-11-05,851282.SI,烘焙食品,L3,1099.84,1088.57,1131.79,1121.78,16.19,1.46,11041.0,116681.0,24.72,2.26,1737590.0,4550690.0
2024-11-06,851282.SI,烘焙食品,L3,1121.23,1102.95,1140.61,1127.51,5.73,0.51,9605.0,108980.0,24.85,2.27,1746460.0,4560530.0
2024-11-07,851282.SI,烘焙食品,L3,1122.62,1117.55,1206.62,1190.55,63.05,5.59,13302.0,168673.0,26.24,2.4,1844120.0,4801570.0
2024-11-08,851282.SI,烘焙食品,L3,1196.39,1158.95,1213.98,1180.73,-9.82,-0.82,13690.0,163566.0,26.02,2.38,1828910.0,4761560.0
2024-11-11,851282.SI,烘焙食品,L3,1162.42,1143.91,1177.37,1168.1,-12.63,-1.07,9378.0,111357.0,25.74,2.35,1809350.0,4713490.0
2024-11-12,851282.SI,烘焙食品,L3,1167.77,1148.3,1186.67,1159.55,-8.55,-0.73,7761.0,91951.0,25.55,2.34,1796100.0,4688390.0
2024-11-13,851282.SI,烘焙食品,L3,1153.95,1128.45,1162.49,1149.9,-9.65,-0.83,5833.0,65486.0,25.34,2.32,1781160.0,4650830.0
2024-11-14,851282.SI,烘焙食品,L3,1147.92,1120.47,1155.51,1125.02,-24.89,-2.16,4671.0,54284.0,24.79,2.27,1742610.0,4556410.0
2024-11-15,851282.SI,烘焙食品,L3,1120.4,1108.97,1146.03,1114.64,-10.38,-0.92,4681.0,52686.0,24.57,2.25,1726530.0,4521790.0
2024-11-18,851282.SI,烘焙食品,L3,1115.14,1083.26,1129.7,1093.66,-20.97,-1.88,5114.0,55732.0,24.1,2.2,1694050.0,4438330.0
2024-11-19,851282.SI,烘焙食品,L3,1096.12,1085.98,1113.82,1109.98,16.32,1.49,4287.0,47263.0,24.46,2.24,1719320.0,4508770.0
2024-11-20,851282.SI,烘焙食品,L3,1109.5,1097.96,1126.78,1116.15,6.17,0.56,4737.0,55397.0,24.6,2.25,1728870.0,4538270.0
2024-11-21,851282.SI,烘焙食品,L3,1115.17,1099.37,1131.84,1116.48,0.34,0.03,5964.0,70406.0,24.61,2.25,1729400.0,4527570.0
2024-11-22,851282.SI,烘焙食品,L3,1112.39,1064.72,1129.57,1077.74,-38.75,-3.47,10116.0,112960.0,23.75,2.17,1669380.0,4347320.0
2024-11-25,851282.SI,烘焙食品,L3,1076.67,1067.82,1110.69,1103.0,25.26,2.34,9136.0,97438.0,24.31,2.22,1708500.0,4436980.0
2024-11-26,851282.SI,烘焙食品,L3,1105.03,1095.79,1137.11,1121.97,18.97,1.72,7033.0,80414.0,24.73,2.26,1737880.0,4498320.0
2024-11-27,851282.SI,烘焙食品,L3,1127.77,1106.34,1144.38,1142.73,20.77,1.85,6240.0,68961.0,25.18,2.3,1770060.0,4562680.0
2024-11-28,851282.SI,烘焙食品,L3,1152.71,1145.32,1173.27,1160.06,17.32,1.52,7415.0,83874.0,25.57,2.34,1796880.0,4606450.0
2024-11-29,851282.SI,烘焙食品,L3,1176.81,1172.11,1235.63,1223.68,63.62,5.48,10690.0,134653.0,26.97,2.47,1895430.0,4830610.0
2024-12-02,851282.SI,烘焙食品,L3,1242.74,1228.8,1271.8,1250.16,26.48,2.16,12738.0,155321.0,27.55,2.52,1936450.0,4913840.0
2024-12-03,851282.SI,烘焙食品,L3,1259.23,1237.74,1274.48,1258.03,7.87,0.63,11763.0,160755.0,27.73,2.53,1948640.0,4923070.0
2024-12-04,851282.SI,烘焙食品,L3,1257.41,1220.97,1306.18,1274.91,16.88,1.34,19646.0,310297.0,28.1,2.57,1974790.0,4966020.0
2024-12-05,851282.SI,烘焙食品,L3,1252.34,1225.51,1261.52,1240.8,-34.11,-2.68,8361.0,111535.0,27.35,2.5,1921960.0,4866530.0
2024-12-06,851282.SI,烘焙食品,L3,1222.48,1208.11,1246.36,1224.53,-16.27,-1.31,14383.0,212935.0,26.99,2.47,1896750.0,4829590.0
2024-12-09,851282.SI,烘焙食品,L3,1207.28,1193.61,1241.95,1203.65,-20.88,-1.71,13773.0,180476.0,26.53,2.42,1864410.0,4767680.0
2024-12-10,851282.SI,烘焙食品,L3,1255.4,1231.95,1315.17,1254.98,51.33,4.26,22795.0,326899.0,27.66,2.53,1943920.0,4965270.0
2024-12-11,851282.SI,烘焙食品,L3,1252.0,1239.63,1336.86,1317.19,62.21,4.96,25473.0,342573.0,29.03,2.65,2040270.0,5217300.0
2024-12-12,851282.SI,烘焙食品,L3,1320.81,1299.8,1424.73,1402.91,85.73,6.51,35484.0,462888.0,30.92,2.83,2173060.0,5546170.0
2024-12-13,851282.SI,烘焙食品,L3,1383.89,1337.05,1422.34,1358.48,-44.43,-3.17,29273.0,381124.0,29.94,2.74,2104240.0,5376310.0
2024-12-16,851282.SI,烘焙食品,L3,1349.47,1309.13,1403.52,1348.98,-9.5,-0.7,24964.0,308651.0,29.73,2.72,2089530.0,5338520.0
2024-12-17,851282.SI,烘焙食品,L3,1330.35,1270.28,1342.96,1284.5,-64.48,-4.78,16337.0,195138.0,28.31,2.59,1989650.0,5097810.0
2024-12-18,851282.SI,烘焙食品,L3,1275.27,1246.08,1290.16,1258.4,-26.11,-2.03,12178.0,151936.0,27.73,2.53,1949210.0,5010360.0
2024-12-19,851282.SI,烘焙食品,L3,1243.43,1214.29,1257.59,1245.51,-12.89,-1.02,10191.0,119978.0,27.45,2.51,1929240.0,4967790.0
2024-12-20,851282.SI,烘焙食品,L3,1249.89,1243.71,1290.86,1260.71,15.21,1.22,10185.0,125635.0,27.78,2.54,1952800.0,5028470.0
2024-12-23,851282.SI,烘焙食品,L3,1258.97,1204.29,1273.1,1208.9,-51.81,-4.11,10013.0,117574.0,26.64,2.44,1872540.0,4833930.0
2024-12-24,851282.SI,烘焙食品,L3,1209.03,1197.77,1243.05,1233.0,24.1,1.99,8817.0,100583.0,27.17,2.48,1909860.0,4932650.0
2024-12-25,851282.SI,烘焙食品,L3,1231.5,1187.71,1270.52,1243.1,10.1,0.82,11369.0,139862.0,27.4,2.5,1925520.0,4954110.0
2024-12-26,851282.SI,烘焙食品,L3,1237.88,1225.44,1265.6,1245.76,2.66,0.21,9209.0,112027.0,27.45,2.51,1929630.0,4965500.0
2024-12-27,851282.SI,烘焙食品,L3,1243.63,1215.06,1261.75,1233.78,-11.97,-0.96,10405.0,128661.0,27.19,2.49,1911090.0,4912790.0
2024-12-30,851282.SI,烘焙食品,L3,1223.05,1195.69,1237.18,1211.12,-22.67,-1.84,8782.0,105095.0,26.69,2.44,1875980.0,4834790.0
2024-12-31,851282.SI,烘焙食品,L3,1213.45,1188.35,1240.3,1191.29,-19.83,-1.64,8437.0,101968.0,26.25,2.4,1845270.0,4756530.0
2025-01-02,851282.SI,烘焙食品,L3,1186.11,1183.51,1258.85,1208.42,17.13,1.44,13341.0,163153.0,26.63,2.43,1871800.0,4820690.0
2025-01-03,851282.SI,烘焙食品,L3,1211.12,1128.67,1220.34,1134.44,-73.98,-6.12,12733.0,134942.0,25.0,2.29,1757210.0,4531650.0
2025-01-06,851282.SI,烘焙食品,L3,1126.5,1082.55,1138.93,1102.46,-31.98,-2.82,7433.0,83452.0,24.3,2.22,1707680.0,4412380.0
2025-01-07,851282.SI,烘焙食品,L3,1102.08,1086.69,1119.82,1111.94,9.48,0.86,5773.0,64646.0,24.51,2.24,1722360.0,4442090.0
2025-01-08,851282.SI,烘焙食品,L3,1107.44,1079.0,1132.85,1119.35,7.4,0.67,7693.0,87379.0,24.67,2.25,1733830.0,4468940.0
2025-01-09,851282.SI,烘焙食品,L3,1111.23,1101.39,1146.77,1121.99,2.64,0.24,7905.0,93656.0,24.73,2.26,1737920.0,4468460.0
2025-01-10,851282.SI,烘焙食品,L3,1117.75,1067.24,1126.82,1068.51,-53.48,-4.77,7701.0,83968.0,23.55,2.15,1655080.0,4276480.0
2025-01-13,851282.SI,烘焙食品,L3,1060.3,1042.11,1088.63,1081.18,12.67,1.19,6574.0,72441.0,23.83,2.18,1674720.0,4309120.0
2025-01-14,851282.SI,烘焙食品,L3,1084.25,1082.47,1131.75,1125.39,44.21,4.09,8765.0,101652.0,24.8,2.27,1743190.0,4480330.0
2025-01-15,851282.SI,烘焙食品,L3,1124.46,1114.88,1153.36,1137.0,11.6,1.03,7691.0,94884.0,25.06,2.29,1761160.0,4561650.0
2025-01-16,851282.SI,烘焙食品,L3,1133.97,1122.8,1161.05,1144.33,7.33,0.64,9348.0,114588.0,25.22,2.31,1772520.0,4576420.0
2025-01-17,851282.SI,烘焙食品,L3,1134.17,1121.64,1166.59,1148.08,3.75,0.33,8301.0,103389.0,25.3,2.31,1778340.0,4595150.0
2025-01-20,851282.SI,烘焙食品,L3,1154.85,1139.99,1169.47,1150.75,2.67,0.23,6039.0,74834.0,25.36,2.32,1782470.0,4602990.0
2025-01-21,851282.SI,烘焙食品,L3,1158.24,1130.61,1175.62,1159.32,8.57,0.74,6749.0,92074.0,25.55,2.34,1795740.0,4637060.0
2025-01-22,851282.SI,烘焙食品,L3,1154.51,1133.34,1169.23,1144.01,-15.31,-1.32,7468.0,96763.0,25.21,2.3,1772020.0,4563890.0
2025-01-23,851282.SI,烘焙食品,L3,1154.45,1135.73,1164.44,1137.89,-6.11,-0.53,6704.0,80262.0,25.08,2.29,1762550.0,4548700.0
2025-01-24,851282.SI,烘焙食品,L3,1133.95,1119.43,1147.54,1134.85,-3.04,-0.27,6140.0,71976.0,25.01,2.29,1757840.0,4547830.0
2025-01-27,851282.SI,烘焙食品,L3,1139.86,1121.56,1163.89,1127.63,-7.22,-0.64,5397.0,67373.0,24.85,2.27,1746660.0,4523000.0
2025-02-05,851282.SI,烘焙食品,L3,1133.74,1098.82,1142.17,1108.4,-19.23,-1.71,5416.0,63808.0,24.43,2.23,1716870.0,4437350.0
2025-02-06,851282.SI,烘焙食品,L3,1105.78,1087.62,1122.14,1106.71,-1.69,-0.15,5735.0,70447.0,24.39,2.23,1714260.0,4432480.0
2025-02-07,851282.SI,烘焙食品,L3,1104.96,1098.12,1132.77,1118.79,12.08,1.09,7460.0,80179.0,24.66,2.25,1732970.0,4476180.0
2025-02-10,851282.SI,烘焙食品,L3,1119.5,1110.01,1147.69,1143.17,24.37,2.18,8366.0,90628.0,25.19,2.3,1770720.0,4561150.0
2025-02-11,851282.SI,烘焙食品,L3,1146.73,1127.39,1165.88,1138.99,-4.18,-0.37,6673.0,76751.0,25.1,2.29,1764250.0,4538780.0
2025-02-12,851282.SI,烘焙食品,L3,1138.81,1123.51,1151.83,1139.21,0.22,0.02,6746.0,75491.0,25.11,2.29,1764600.0,4540950.0
2025-02-13,851282.SI,烘焙食品,L3,1137.77,1124.23,1155.14,1138.32,-0.89,-0.08,8184.0,88910.0,25.09,2.29,1763220.0,4536590.0
2025-02-14,851282.SI,烘焙食品,L3,1139.64,1117.41,1149.36,1125.26,-13.06,-1.15,7116.0,83124.0,24.8,2.27,1742980.0,4496680.0
2025-02-17,851282.SI,烘焙食品,L3,1123.83,1110.19,1136.85,1128.66,3.4,0.3,7045.0,80380.0,24.87,2.27,1748250.0,4503100.0
2025-02-18,851282.SI,烘焙食品,L3,1125.85,1094.63,1132.01,1098.4,-30.26,-2.68,6730.0,73342.0,24.21,2.21,1701380.0,4393970.0
2025-02-19,851282.SI,烘焙食品,L3,1099.59,1085.15,1114.59,1109.96,11.56,1.05,5014.0,58563.0,24.46,2.24,1719290.0,4437160.0
2025-02-20,851282.SI,烘焙食品,L3,1108.56,1105.36,1136.59,1128.12,18.16,1.64,5483.0,67072.0,24.86,2.27,1747420.0,4502830.0
2025-02-21,851282.SI,烘焙食品,L3,1124.24,1105.22,1139.45,1119.78,-8.34,-0.74,5730.0,69461.0,24.68,2.26,1734500.0,4466810.0
2025-02-24,851282.SI,烘焙食品,L3,1115.57,1114.22,1140.64,1127.57,7.78,0.7,5529.0,63610.0,24.85,2.27,1746560.0,4494020.0
2025-02-25,851282.SI,烘焙食品,L3,1121.27,1107.91,1133.23,1114.02,-13.55,-1.2,5212.0,57233.0,24.55,2.24,1725580.0,4443040.0
2025-02-26,851282.SI,烘焙食品,L3,1117.4,1107.71,1133.31,1125.71,11.69,1.05,5865.0,66014.0,24.81,2.27,1743690.0,4485770.0
2025-02-27,851282.SI,烘焙食品,L3,1127.63,1126.17,1170.44,1163.46,37.74,3.35,12578.0,148447.0,25.64,2.34,1802150.0,4623880.0
2025-02-28,851282.SI,烘焙食品,L3,1160.48,1143.28,1190.71,1153.31,-10.15,-0.87,11945.0,144704.0,25.42,2.32,1786430.0,4581010.0
2025-03-03,851282.SI,烘焙食品,L3,1155.03,1139.74,1183.45,1149.91,-3.39,-0.29,9112.0,116238.0,25.34,2.32,1781170.0,4563380.0
2025-03-04,851282.SI,烘焙食品,L3,1144.45,1127.14,1151.87,1140.24,-9.67,-0.84,5869.0,70520.0,25.13,2.3,1766200.0,4537600.0
2025-03-05,851282.SI,烘焙食品,L3,1141.24,1116.33,1148.34,1136.08,-4.17,-0.37,6065.0,68020.0,25.04,2.29,1759740.0,4528140.0
2025-03-06,851282.SI,烘焙食品,L3,1134.69,1124.78,1150.77,1142.1,6.02,0.53,5904.0,69583.0,25.17,2.3,1769060.0,4561290.0
2025-03-07,851282.SI,烘焙食品,L3,1138.39,1127.11,1153.01,1134.11,-7.98,-0.7,4792.0,58241.0,24.99,2.28,1756700.0,4533310.0
2025-03-10,851282.SI,烘焙食品,L3,1129.98,1125.16,1148.85,1143.81,9.69,0.85,3952.0,52872.0,25.21,2.3,1771860.0,4567350.0
2025-03-11,851282.SI,烘焙食品,L3,1133.34,1122.69,1161.55,1153.09,9.28,0.81,5498.0,63738.0,25.74,2.32,1786240.0,4598690.0
2025-03-12,851282.SI,烘焙食品,L3,1152.75,1141.43,1163.38,1148.78,-4.31,-0.37,4688.0,55923.0,25.64,2.31,1779560.0,4581310.0
2025-03-13,851282.SI,烘焙食品,L3,1146.86,1131.66,1158.16,1146.74,-2.04,-0.18,4377.0,50572.0,25.6,2.31,1776400.0,4582220.0
2025-03-14,851282.SI,烘焙食品,L3,1149.14,1147.96,1217.44,1211.53,64.79,5.65,13770.0,165809.0,27.04,2.44,1876760.0,4819240.0
2025-03-17,851282.SI,烘焙食品,L3,1216.42,1201.5,1233.92,1208.62,-2.9,-0.24,12884.0,146820.0,26.98,2.43,1873620.0,4802190.0
2025-03-18,851282.SI,烘焙食品,L3,1206.42,1186.3,1215.18,1195.43,-13.2,-1.09,7774.0,87242.0,26.69,2.41,1853160.0,4756280.0
2025-03-19,851282.SI,烘焙食品,L3,1192.44,1177.28,1197.73,1185.49,-9.94,-0.83,5072.0,57535.0,26.47,2.39,1837750.0,4719170.0
2025-03-20,851282.SI,烘焙食品,L3,1188.65,1176.79,1199.43,1179.61,-5.88,-0.5,5443.0,62476.0,26.33,2.37,1828640.0,4701840.0
2025-03-21,851282.SI,烘焙食品,L3,1176.62,1158.82,1189.58,1167.66,-11.94,-1.01,6245.0,65959.0,26.47,2.34,1810120.0,4650200.0
2025-03-24,851282.SI,烘焙食品,L3,1167.42,1148.31,1184.99,1167.23,-0.43,-0.04,6162.0,69631.0,26.46,2.34,1809450.0,4654430.0
2025-03-25,851282.SI,烘焙食品,L3,1167.79,1139.53,1173.66,1155.85,-11.38,-0.98,5761.0,61940.0,26.2,2.32,1791800.0,4615940.0
2025-03-26,851282.SI,烘焙食品,L3,1155.83,1146.97,1169.54,1161.41,5.57,0.48,5113.0,54547.0,25.98,2.33,1800430.0,4636050.0
2025-03-27,851282.SI,烘焙食品,L3,1161.85,1149.33,1176.25,1156.68,-4.73,-0.41,5138.0,52737.0,25.87,2.32,1793090.0,4616670.0
2025-03-28,851282.SI,烘焙食品,L3,1154.3,1126.59,1163.82,1130.79,-25.89,-2.24,5348.0,59184.0,25.45,2.26,1752960.0,4524370.0
2025-03-31,851282.SI,烘焙食品,L3,1123.39,1104.54,1139.26,1116.85,-13.94,-1.23,5342.0,58671.0,25.3,2.24,1731350.0,4462480.0
2025-04-01,851282.SI,烘焙食品,L3,1117.59,1116.49,1145.46,1133.3,16.45,1.47,4593.0,49921.0,25.67,2.27,1756860.0,4535790.0
2025-04-02,851282.SI,烘焙食品,L3,1132.46,1126.03,1151.44,1136.34,3.03,0.27,4057.0,42139.0,25.74,2.28,1761560.0,4544490.0
2025-04-03,851282.SI,烘焙食品,L3,1128.87,1123.9,1157.15,1148.78,12.45,1.1,5190.0,56099.0,26.02,2.3,1780850.0,4590020.0
2025-04-07,851282.SI,烘焙食品,L3,1101.29,1030.96,1126.15,1055.65,-93.14,-8.11,9074.0,93443.0,23.91,2.11,1636480.0,4203920.0
2025-04-08,851282.SI,烘焙食品,L3,1044.34,1040.93,1121.4,1118.18,62.53,5.92,10278.0,110122.0,25.33,2.24,1733420.0,4446170.0
2025-04-09,851282.SI,烘焙食品,L3,1110.03,1067.75,1150.66,1138.75,20.57,1.84,9398.0,105059.0,25.8,2.28,1765310.0,4530160.0
2025-04-10,851282.SI,烘焙食品,L3,1135.52,1127.12,1194.48,1172.4,33.65,2.95,11475.0,141879.0,26.56,2.35,1817470.0,4651560.0
2025-04-11,851282.SI,烘焙食品,L3,1165.8,1144.39,1175.78,1154.2,-18.2,-1.55,7737.0,91947.0,26.15,2.31,1789240.0,4585030.0
2025-04-14,851282.SI,烘焙食品,L3,1157.67,1153.09,1195.94,1179.04,24.84,2.15,9809.0,116565.0,26.71,2.36,1827750.0,4680100.0
2025-04-15,851282.SI,烘焙食品,L3,1184.2,1162.1,1227.89,1196.11,17.07,1.45,11866.0,152592.0,27.1,2.4,1854220.0,4740010.0
2025-04-16,851282.SI,烘焙食品,L3,1185.82,1170.33,1241.97,1229.83,33.73,2.82,17269.0,211789.0,27.86,2.46,1906500.0,4849380.0
2025-04-17,851282.SI,烘焙食品,L3,1216.98,1202.67,1282.09,1267.42,37.59,3.06,23982.0,303483.0,28.72,2.54,1964770.0,4974450.0
2025-04-18,851282.SI,烘焙食品,L3,1254.29,1193.99,1264.32,1199.79,-67.63,-5.34,18010.0,233040.0,27.19,2.4,1859930.0,4745970.0
2025-04-21,851282.SI,烘焙食品,L3,1177.06,1163.49,1221.02,1200.87,1.08,0.09,18084.0,216045.0,27.21,2.39,1861610.0,4754740.0
2025-04-22,851282.SI,烘焙食品,L3,1201.19,1176.62,1218.3,1194.09,-6.78,-0.56,16493.0,191677.0,27.06,2.41,1851090.0,4729660.0
2025-04-23,851282.SI,烘焙食品,L3,1183.82,1152.77,1193.37,1157.98,-36.11,-3.02,14625.0,165400.0,26.24,2.33,1795120.0,4603470.0
2025-04-24,851282.SI,烘焙食品,L3,1155.9,1142.25,1182.67,1162.5,4.51,0.39,12104.0,140456.0,26.34,2.34,1802110.0,4620110.0
2025-04-25,851282.SI,烘焙食品,L3,1153.98,1146.06,1183.5,1155.71,-6.79,-0.58,10388.0,122801.0,26.19,2.33,1791590.0,4615120.0
2025-04-28,851282.SI,烘焙食品,L3,1144.74,1099.88,1151.92,1108.58,-47.14,-4.08,9899.0,114890.0,25.09,2.23,1718520.0,4440610.0
2025-04-29,851282.SI,烘焙食品,L3,1120.77,1112.07,1158.8,1144.95,36.37,3.28,7823.0,132895.0,23.4,2.28,1774910.0,4556010.0
2025-04-30,851282.SI,烘焙食品,L3,1141.08,1133.75,1171.29,1148.2,3.25,0.28,7127.0,103549.0,23.47,2.28,1779950.0,4554090.0
2025-05-06,851282.SI,烘焙食品,L3,1152.27,1139.15,1166.62,1160.28,12.07,1.05,6177.0,87687.0,24.72,2.31,1798670.0,4593100.0
2025-05-07,851282.SI,烘焙食品,L3,1165.84,1159.75,1189.81,1177.08,16.8,1.45,9267.0,114975.0,25.08,2.34,1824720.0,4665430.0
2025-05-08,851282.SI,烘焙食品,L3,1173.59,1160.13,1188.38,1179.46,2.38,0.2,7492.0,90945.0,25.13,2.35,1828410.0,4667130.0
2025-05-09,851282.SI,烘焙食品,L3,1178.4,1171.55,1209.35,1196.97,17.51,1.48,6995.0,108763.0,25.5,2.38,1855560.0,4732090.0
2025-05-12,851282.SI,烘焙食品,L3,1195.61,1182.53,1209.01,1193.11,-3.86,-0.32,6613.0,92484.0,25.42,2.37,1849570.0,4714580.0
2025-05-13,851282.SI,烘焙食品,L3,1199.42,1183.76,1206.8,1193.44,0.33,0.03,5371.0,69433.0,25.42,2.37,1850080.0,4714150.0
2025-05-14,851282.SI,烘焙食品,L3,1191.13,1176.11,1201.85,1190.47,-2.96,-0.25,5095.0,62519.0,25.36,2.37,1845480.0,4701680.0
2025-05-15,851282.SI,烘焙食品,L3,1188.16,1182.01,1218.65,1205.55,15.07,1.27,6327.0,86467.0,25.68,2.4,1868850.0,4754730.0
2025-05-16,851282.SI,烘焙食品,L3,1201.35,1190.99,1232.49,1225.19,19.64,1.63,5890.0,87240.0,26.08,2.44,1901080.0,4823340.0
2025-05-19,851282.SI,烘焙食品,L3,1229.79,1222.77,1304.59,1270.23,45.05,3.68,10235.0,172525.0,27.04,2.53,1970970.0,4999800.0
2025-05-20,851282.SI,烘焙食品,L3,1275.52,1262.72,1320.62,1293.41,23.18,1.82,11719.0,182524.0,27.53,2.57,2006940.0,5087410.0
2025-05-21,851282.SI,烘焙食品,L3,1283.93,1254.73,1312.81,1275.66,-17.75,-1.37,8387.0,136841.0,27.16,2.54,1979400.0,5020140.0
2025-05-22,851282.SI,烘焙食品,L3,1269.82,1246.32,1286.94,1253.62,-22.05,-1.73,6128.0,87197.0,26.69,2.49,1945190.0,4937170.0
2025-05-23,851282.SI,烘焙食品,L3,1253.2,1220.29,1258.58,1224.17,-29.44,-2.35,6008.0,82494.0,26.06,2.44,1899500.0,4823060.0
2025-05-26,851282.SI,烘焙食品,L3,1225.93,1214.92,1258.32,1240.43,16.25,1.33,4913.0,77565.0,26.41,2.47,1924730.0,4880160.0
2025-05-27,851282.SI,烘焙食品,L3,1239.14,1231.92,1267.58,1249.77,9.34,0.75,7526.0,99318.0,26.6,2.49,1939220.0,4909300.0
2025-05-28,851282.SI,烘焙食品,L3,1246.46,1237.13,1266.66,1254.61,4.84,0.39,5896.0,81110.0,26.71,2.5,1946730.0,4933300.0
2025-05-29,851282.SI,烘焙食品,L3,1254.44,1231.09,1266.36,1252.01,-2.6,-0.21,6244.0,89541.0,26.65,2.49,1942690.0,4930100.0
2025-05-30,851282.SI,烘焙食品,L3,1250.97,1230.78,1268.02,1239.13,-12.88,-1.03,5261.0,70192.0,26.38,2.47,1922720.0,4895240.0
2025-06-03,851282.SI,烘焙食品,L3,1228.28,1209.64,1259.51,1251.06,11.92,0.96,5994.0,86579.0,26.63,2.49,1941220.0,4950940.0
2025-06-04,851282.SI,烘焙食品,L3,1253.49,1244.7,1307.78,1298.78,47.73,3.81,10784.0,146015.0,27.65,2.58,2015270.0,5127400.0
2025-06-05,851282.SI,烘焙食品,L3,1297.94,1257.3,1316.32,1262.74,-36.05,-2.78,9368.0,136687.0,26.88,2.51,1959340.0,4966860.0
2025-06-06,851282.SI,烘焙食品,L3,1265.63,1213.34,1270.03,1223.51,-39.23,-3.11,6753.0,107938.0,26.04,2.43,1898470.0,4816530.0
2025-06-09,851282.SI,烘焙食品,L3,1226.82,1216.58,1253.63,1245.46,21.96,1.79,5314.0,78808.0,26.51,2.48,1932540.0,4889350.0
2025-06-10,851282.SI,烘焙食品,L3,1250.74,1228.79,1276.83,1256.98,11.52,0.92,6111.0,90674.0,26.76,2.5,1950410.0,4919290.0
2025-06-11,851282.SI,烘焙食品,L3,1252.49,1248.6,1271.09,1259.44,2.46,0.2,3983.0,54557.0,26.81,2.51,1954230.0,4928880.0
2025-06-12,851282.SI,烘焙食品,L3,1257.1,1240.64,1270.24,1250.2,-9.25,-0.73,4184.0,60701.0,26.61,2.49,1939880.0,4896490.0
2025-06-13,851282.SI,烘焙食品,L3,1248.46,1209.05,1252.88,1214.65,-35.54,-2.84,6445.0,84255.0,25.86,2.42,1884730.0,4765960.0
2025-06-16,851282.SI,烘焙食品,L3,1210.32,1193.62,1219.52,1208.4,-6.25,-0.51,3595.0,53263.0,25.72,2.4,1875030.0,4746880.0
2025-06-17,851282.SI,烘焙食品,L3,1209.46,1188.77,1219.92,1197.4,-11.0,-0.91,3526.0,50094.0,25.49,2.38,1857960.0,4715440.0
2025-06-18,851282.SI,烘焙食品,L3,1196.86,1182.61,1206.56,1195.53,-1.87,-0.16,3163.0,44370.0,25.45,2.38,1855050.0,4705740.0
2025-06-19,851282.SI,烘焙食品,L3,1192.79,1161.72,1197.93,1171.1,-24.43,-2.04,4076.0,52016.0,24.93,2.33,1817140.0,4619910.0
2025-06-20,851282.SI,烘焙食品,L3,1168.05,1163.32,1187.37,1170.48,-0.62,-0.05,2876.0,37264.0,24.92,2.33,1816240.0,4620900.0
2025-06-23,851282.SI,烘焙食品,L3,1164.51,1148.9,1179.41,1175.55,5.08,0.43,3272.0,41364.0,25.02,2.34,1824120.0,4633360.0
2025-06-24,851282.SI,烘焙食品,L3,1178.78,1176.33,1204.05,1199.48,23.93,2.04,3677.0,49494.0,25.53,2.39,1861240.0,4721310.0
2025-06-25,851282.SI,烘焙食品,L3,1205.17,1190.38,1221.03,1211.2,11.72,0.98,6609.0,79991.0,25.78,2.41,1879420.0,4757930.0
2025-06-26,851282.SI,烘焙食品,L3,1206.16,1186.63,1222.72,1206.91,-4.29,-0.35,8220.0,104649.0,25.69,2.4,1872760.0,4737880.0
2025-06-27,851282.SI,烘焙食品,L3,1200.9,1192.31,1215.83,1202.34,-4.57,-0.38,5757.0,72199.0,25.59,2.4,1865680.0,4724580.0
2025-06-30,851282.SI,烘焙食品,L3,1201.35,1194.43,1219.71,1215.39,13.05,1.09,4670.0,59990.0,25.87,2.43,1885940.0,4769280.0
2025-07-01,851282.SI,烘焙食品,L3,1215.24,1205.32,1229.78,1223.07,7.68,0.63,4221.0,57107.0,26.04,2.44,1897850.0,4797010.0
2025-07-02,851282.SI,烘焙食品,L3,1221.84,1210.13,1242.5,1223.3,0.23,0.02,5577.0,73594.0,26.04,2.44,1898200.0,4800440.0
2025-07-03,851282.SI,烘焙食品,L3,1218.6,1205.06,1223.9,1218.07,-5.22,-0.43,3835.0,50052.0,25.93,2.43,1890100.0,4783690.0
2025-07-04,851282.SI,烘焙食品,L3,1217.14,1204.52,1229.71,1213.39,-4.69,-0.38,5741.0,70094.0,25.83,2.42,1882820.0,4767050.0
2025-07-07,851282.SI,烘焙食品,L3,1215.0,1204.32,1235.02,1225.5,12.11,1.0,6213.0,86138.0,26.09,2.45,1901610.0,4805900.0
2025-07-08,851282.SI,烘焙食品,L3,1223.49,1212.85,1236.93,1224.41,-1.08,-0.09,6468.0,75593.0,26.06,2.45,1899930.0,4807400.0
2025-07-09,851282.SI,烘焙食品,L3,1224.46,1213.76,1239.66,1226.03,1.62,0.13,5411.0,68566.0,26.1,2.45,1902450.0,4816330.0
2025-07-10,851282.SI,烘焙食品,L3,1225.8,1207.28,1239.7,1221.52,-4.51,-0.37,4266.0,57236.0,26.0,2.44,1895450.0,4803300.0
2025-07-11,851282.SI,烘焙食品,L3,1221.14,1210.84,1229.65,1221.64,0.11,0.01,4131.0,49462.0,26.01,2.44,1895620.0,4807120.0
2025-07-14,851282.SI,烘焙食品,L3,1217.16,1210.74,1233.83,1222.03,0.39,0.03,4190.0,48077.0,26.01,2.44,1896230.0,4810110.0
2025-07-15,851282.SI,烘焙食品,L3,1218.47,1190.39,1223.19,1201.28,-20.75,-1.7,5791.0,65837.0,25.57,2.4,1864030.0,4735270.0
2025-07-16,851282.SI,烘焙食品,L3,1200.66,1180.08,1214.41,1198.43,-2.85,-0.24,4149.0,59090.0,25.51,2.39,1859610.0,4732750.0
2025-07-17,851282.SI,烘焙食品,L3,1199.46,1190.18,1219.39,1198.79,0.37,0.03,4571.0,55722.0,25.52,2.39,1860180.0,4738780.0
2025-07-18,851282.SI,烘焙食品,L3,1200.72,1188.85,1206.75,1197.31,-1.48,-0.12,3438.0,40997.0,25.49,2.39,1857880.0,4736170.0
2025-07-21,851282.SI,烘焙食品,L3,1198.91,1181.16,1208.41,1196.32,-1.0,-0.08,5337.0,72747.0,25.47,2.39,1856330.0,4733510.0
2025-07-22,851282.SI,烘焙食品,L3,1194.77,1186.8,1207.68,1202.71,6.39,0.53,4738.0,59198.0,25.6,2.4,1866250.0,4754570.0
2025-07-23,851282.SI,烘焙食品,L3,1202.46,1194.21,1213.54,1196.94,-5.77,-0.48,4784.0,56084.0,25.48,2.39,1857300.0,4732350.0
2025-07-24,851282.SI,烘焙食品,L3,1197.94,1194.59,1212.7,1210.12,13.18,1.1,5001.0,54604.0,25.76,2.42,1877760.0,4784420.0
2025-07-25,851282.SI,烘焙食品,L3,1211.49,1196.37,1217.91,1200.55,-9.58,-0.79,4385.0,52208.0,25.56,2.4,1862900.0,4752750.0
2025-07-28,851282.SI,烘焙食品,L3,1205.27,1192.71,1209.6,1200.5,-0.04,0.0,3975.0,46396.0,25.56,2.4,1862830.0,4755340.0
2025-07-29,851282.SI,烘焙食品,L3,1208.4,1179.15,1213.77,1187.7,-12.8,-1.07,6033.0,73860.0,25.28,2.37,1842960.0,4711790.0
2025-07-30,851282.SI,烘焙食品,L3,1184.97,1181.25,1219.37,1215.67,27.97,2.35,6955.0,92246.0,25.88,2.43,1886360.0,4809830.0
2025-07-31,851282.SI,烘焙食品,L3,1211.91,1177.39,1214.42,1182.32,-33.34,-2.74,6294.0,75415.0,25.17,2.36,1834620.0,4693540.0
2025-08-01,851282.SI,烘焙食品,L3,1181.44,1170.83,1191.87,1181.42,-0.9,-0.08,4451.0,57943.0,25.15,2.36,1833220.0,4703190.0
2025-08-04,851282.SI,烘焙食品,L3,1178.89,1168.63,1191.76,1184.79,3.37,0.28,3665.0,48429.0,25.22,2.37,1838440.0,4710550.0
2025-08-05,851282.SI,烘焙食品,L3,1184.68,1183.23,1200.35,1194.26,9.48,0.8,3717.0,48571.0,25.42,2.38,1853150.0,4742800.0
2025-08-06,851282.SI,烘焙食品,L3,1194.37,1185.91,1209.52,1201.8,7.54,0.63,3463.0,48915.0,25.58,2.4,1864850.0,4770930.0
2025-08-07,851282.SI,烘焙食品,L3,1198.92,1179.02,1218.76,1212.91,11.11,0.92,5447.0,83245.0,25.82,2.42,1883630.0,4816400.0
2025-08-08,851282.SI,烘焙食品,L3,1209.55,1195.14,1217.76,1204.55,-8.37,-0.69,4367.0,60712.0,25.65,2.41,1870640.0,4793150.0
2025-08-11,851282.SI,烘焙食品,L3,1208.99,1196.33,1229.69,1217.41,12.87,1.07,8324.0,107809.0,25.92,2.44,1890620.0,4826700.0
2025-08-12,851282.SI,烘焙食品,L3,1218.0,1207.97,1235.81,1222.66,5.25,0.43,8743.0,115724.0,26.03,2.45,1898770.0,4833820.0
2025-08-13,851282.SI,烘焙食品,L3,1238.39,1216.66,1249.9,1237.91,15.25,1.25,9640.0,137978.0,26.36,2.48,1922450.0,4886820.0
2025-08-14,851282.SI,烘焙食品,L3,1230.03,1207.01,1253.41,1224.28,-13.62,-1.1,12140.0,171233.0,26.07,2.46,1901300.0,4813400.0
2025-08-15,851282.SI,烘焙食品,L3,1216.94,1208.37,1235.46,1222.13,-2.15,-0.18,9151.0,121239.0,26.0,2.45,1899390.0,4821200.0
2025-08-18,851282.SI,烘焙食品,L3,1220.92,1214.97,1246.13,1232.85,10.72,0.88,9378.0,118469.0,26.23,2.48,1916050.0,4861110.0
2025-08-19,851282.SI,烘焙食品,L3,1236.43,1228.14,1256.63,1252.6,19.75,1.6,8578.0,110234.0,26.65,2.52,1946750.0,4916880.0
2025-08-20,851282.SI,烘焙食品,L3,1252.48,1228.79,1287.53,1255.82,3.22,0.26,13531.0,192022.0,26.72,2.53,1951750.0,4946180.0
2025-08-21,851282.SI,烘焙食品,L3,1249.42,1230.55,1266.58,1246.28,-9.54,-0.76,10074.0,130371.0,26.51,2.51,1936930.0,4925460.0
2025-08-22,851282.SI,烘焙食品,L3,1245.28,1225.58,1250.07,1240.55,-5.74,-0.46,8139.0,98802.0,26.39,2.5,1928010.0,4897790.0
2025-08-25,851282.SI,烘焙食品,L3,1242.63,1235.58,1280.54,1268.32,27.78,2.24,11450.0,150160.0,26.98,2.55,1971180.0,4993090.0
2025-08-26,851282.SI,烘焙食品,L3,1264.21,1251.95,1289.26,1269.46,1.14,0.09,9852.0,129006.0,27.01,2.56,1972950.0,4991520.0
2025-08-27,851282.SI,烘焙食品,L3,1265.92,1239.77,1284.32,1250.93,-18.53,-1.46,10537.0,143230.0,26.61,2.55,1944160.0,4912910.0
2025-08-28,851282.SI,烘焙食品,L3,1249.42,1209.75,1273.34,1250.11,-0.82,-0.07,11170.0,147914.0,26.6,2.59,1942880.0,4917600.0
2025-08-29,851282.SI,烘焙食品,L3,1256.11,1247.29,1300.84,1266.56,16.44,1.32,8964.0,143108.0,26.95,2.62,1968440.0,4979500.0
2025-09-01,851282.SI,烘焙食品,L3,1266.65,1250.26,1289.5,1269.48,2.92,0.23,8044.0,113268.0,28.1,2.63,1972980.0,4987280.0
2025-09-02,851282.SI,烘焙食品,L3,1269.9,1248.7,1281.98,1261.24,-8.23,-0.65,7508.0,98778.0,27.92,2.61,1960180.0,4959640.0
2025-09-03,851282.SI,烘焙食品,L3,1262.11,1217.15,1271.27,1222.78,-38.46,-3.05,6730.0,90274.0,27.07,2.53,1900400.0,4826760.0
2025-09-04,851282.SI,烘焙食品,L3,1220.7,1209.75,1268.65,1256.43,33.65,2.75,10992.0,141289.0,27.81,2.6,1952700.0,4950120.0
2025-09-05,851282.SI,烘焙食品,L3,1263.58,1224.83,1269.39,1256.37,-0.06,0.0,8576.0,109187.0,27.81,2.6,1952600.0,4952420.0
2025-09-08,851282.SI,烘焙食品,L3,1255.63,1247.52,1284.11,1271.79,15.43,1.23,7294.0,97518.0,28.15,2.63,1976580.0,5012510.0
2025-09-09,851282.SI,烘焙食品,L3,1269.77,1255.51,1297.52,1282.3,10.51,0.83,11184.0,124330.0,28.38,2.66,1992910.0,5048750.0
2025-09-10,851282.SI,烘焙食品,L3,1277.98,1265.06,1292.2,1281.8,-0.5,-0.04,7743.0,96861.0,28.37,2.65,1992130.0,5048540.0
2025-09-11,851282.SI,烘焙食品,L3,1280.57,1258.51,1288.25,1279.45,-2.35,-0.18,8651.0,100673.0,28.32,2.65,1988470.0,5037910.0
2025-09-12,851282.SI,烘焙食品,L3,1277.8,1256.5,1285.88,1259.7,-19.75,-1.54,6665.0,80752.0,27.88,2.61,1957780.0,4967750.0
2025-09-15,851282.SI,烘焙食品,L3,1265.26,1254.61,1287.65,1263.83,4.13,0.33,6182.0,81679.0,27.98,2.62,1964190.0,4983890.0
2025-09-16,851282.SI,烘焙食品,L3,1267.58,1251.2,1278.24,1267.79,3.96,0.31,5859.0,74130.0,28.06,2.63,1970350.0,4999590.0
2025-09-17,851282.SI,烘焙食品,L3,1265.55,1237.83,1275.87,1243.3,-24.48,-1.93,6320.0,95080.0,27.52,2.57,1932300.0,4910490.0
2025-09-18,851282.SI,烘焙食品,L3,1243.3,1208.93,1247.84,1219.18,-24.12,-1.94,7190.0,93228.0,26.99,2.52,1894810.0,4830430.0
2025-09-19,851282.SI,烘焙食品,L3,1218.1,1200.2,1232.37,1215.79,-3.39,-0.28,5476.0,65599.0,26.91,2.52,1889540.0,4817140.0
2025-09-22,851282.SI,烘焙食品,L3,1212.57,1188.07,1217.8,1197.44,-18.35,-1.51,5690.0,64463.0,26.51,2.48,1861030.0,4747980.0
2025-09-23,851282.SI,烘焙食品,L3,1199.84,1155.39,1201.74,1175.44,-22.0,-1.84,6332.0,71806.0,26.02,2.43,1826830.0,4657890.0
2025-09-24,851282.SI,烘焙食品,L3,1171.25,1165.93,1192.98,1184.94,9.5,0.81,4451.0,51109.0,26.23,2.45,1841600.0,4693390.0
2025-09-25,851282.SI,烘焙食品,L3,1184.32,1171.35,1194.28,1179.69,-5.25,-0.44,3977.0,48399.0,26.11,2.44,1833440.0,4679790.0
2025-09-26,851282.SI,烘焙食品,L3,1179.35,1166.31,1195.93,1179.56,-0.14,-0.01,4256.0,52325.0,26.11,2.44,1833230.0,4679670.0
2025-09-29,851282.SI,烘焙食品,L3,1181.38,1151.72,1186.09,1173.95,-5.61,-0.48,5072.0,61701.0,25.99,2.43,1824520.0,4656840.0
2025-09-30,851282.SI,烘焙食品,L3,1173.11,1160.39,1177.83,1164.65,-9.3,-0.79,4032.0,51423.0,25.78,2.41,1810060.0,4620110.0
2025-10-09,851282.SI,烘焙食品,L3,1162.51,1144.95,1168.75,1158.89,-5.76,-0.49,4580.0,56457.0,25.65,2.4,1801110.0,4597600.0
2025-10-10,851282.SI,烘焙食品,L3,1157.48,1154.19,1185.63,1175.53,16.63,1.44,4807.0,60548.0,26.02,2.43,1826960.0,4659040.0
2025-10-13,851282.SI,烘焙食品,L3,1151.56,1144.8,1177.51,1172.04,-3.49,-0.3,4454.0,56665.0,25.94,2.43,1821540.0,4650470.0
2025-10-14,851282.SI,烘焙食品,L3,1173.42,1163.44,1186.52,1175.45,3.41,0.29,4784.0,63460.0,26.02,2.43,1826840.0,4661210.0
2025-10-15,851282.SI,烘焙食品,L3,1176.59,1169.11,1199.39,1191.42,15.98,1.36,4892.0,67869.0,26.37,2.47,1851670.0,4718960.0
2025-10-16,851282.SI,烘焙食品,L3,1189.56,1176.27,1207.76,1183.86,-7.57,-0.64,4516.0,60408.0,26.2,2.45,1839910.0,4697700.0
2025-10-17,851282.SI,烘焙食品,L3,1184.04,1172.95,1202.35,1185.06,1.2,0.1,6046.0,79238.0,26.23,2.45,1841780.0,4694830.0
2025-10-20,851282.SI,烘焙食品,L3,1189.05,1163.26,1195.5,1177.53,-7.53,-0.64,4891.0,67422.0,26.06,2.44,1830080.0,4653270.0
2025-10-21,851282.SI,烘焙食品,L3,1177.8,1168.4,1197.64,1194.57,17.04,1.45,5065.0,73644.0,26.44,2.47,1856560.0,4711850.0
2025-10-22,851282.SI,烘焙食品,L3,1191.71,1175.75,1202.59,1181.99,-12.58,-1.05,4699.0,71251.0,26.16,2.45,1837010.0,4665590.0
2025-10-23,851282.SI,烘焙食品,L3,1182.53,1167.87,1196.48,1183.79,1.79,0.15,5773.0,78548.0,26.2,2.45,1839800.0,4668380.0
2025-10-24,851282.SI,烘焙食品,L3,1186.01,1170.91,1192.44,1178.13,-5.66,-0.48,4427.0,58179.0,26.08,2.44,1833720.0,4658460.0
2025-10-27,851282.SI,烘焙食品,L3,1173.77,1165.2,1191.33,1182.11,3.98,0.34,5113.0,66732.0,26.17,2.43,1839920.0,4671050.0
2025-10-28,851282.SI,烘焙食品,L3,1181.34,1169.86,1192.06,1183.05,0.94,0.08,4736.0,62124.0,26.19,2.43,1841380.0,4669290.0
2025-10-29,851282.SI,烘焙食品,L3,1187.59,1165.86,1199.38,1186.56,3.5,0.3,5731.0,81749.0,26.27,2.43,1846840.0,4687130.0
2025-10-30,851282.SI,烘焙食品,L3,1187.46,1165.29,1197.03,1169.64,-16.92,-1.43,4809.0,66186.0,25.9,2.37,1820510.0,4625750.0
2025-10-31,851282.SI,烘焙食品,L3,1173.9,1168.81,1207.18,1195.84,26.2,2.24,6806.0,98083.0,26.48,2.39,1861290.0,4731520.0
2025-11-03,851282.SI,烘焙食品,L3,1200.84,1190.05,1223.17,1214.79,18.95,1.58,7219.0,95757.0,28.93,2.43,1890780.0,4798040.0
2025-11-04,851282.SI,烘焙食品,L3,1213.78,1195.89,1219.25,1205.82,-8.97,-0.74,5105.0,65720.0,28.71,2.41,1876820.0,4764620.0
2025-11-05,851282.SI,烘焙食品,L3,1201.97,1197.81,1234.54,1217.5,11.68,0.97,7119.0,89930.0,28.99,2.43,1894990.0,4804640.0
2025-11-06,851282.SI,烘焙食品,L3,1216.1,1202.28,1226.13,1216.08,-1.42,-0.12,5228.0,66633.0,28.96,2.43,1892780.0,4797860.0
2025-11-07,851282.SI,烘焙食品,L3,1216.02,1207.65,1229.17,1216.01,-0.06,-0.01,5593.0,72503.0,28.96,2.43,1892680.0,4794630.0
2025-11-10,851282.SI,烘焙食品,L3,1218.66,1209.26,1269.74,1258.82,42.8,3.52,10119.0,144131.0,29.98,2.52,1959310.0,4949360.0
2025-11-11,851282.SI,烘焙食品,L3,1256.8,1245.86,1288.82,1277.92,19.1,1.52,10836.0,145781.0,30.43,2.56,1989040.0,5017640.0
2025-11-12,851282.SI,烘焙食品,L3,1274.03,1264.88,1299.33,1276.76,-1.16,-0.09,8190.0,113291.0,30.4,2.55,1987230.0,5014240.0
2025-11-13,851282.SI,烘焙食品,L3,1274.83,1256.0,1302.17,1291.02,14.26,1.12,8537.0,117895.0,30.67,2.57,2028170.0,5070060.0
2025-11-14,851282.SI,烘焙食品,L3,1288.49,1267.69,1324.51,1277.62,-13.4,-1.04,9591.0,135938.0,30.35,2.54,2007110.0,5053190.0
2025-11-17,851282.SI,烘焙食品,L3,1279.76,1264.59,1303.68,1287.11,9.49,0.74,7791.0,110783.0,30.58,2.56,2022020.0,5107030.0
2025-11-18,851282.SI,烘焙食品,L3,1289.47,1252.18,1300.34,1262.63,-24.48,-1.9,7224.0,97285.0,30.24,2.53,1999650.0,5011080.0
2025-11-19,851282.SI,烘焙食品,L3,1260.59,1245.99,1286.28,1270.01,7.38,0.58,5886.0,85826.0,30.41,2.54,2011340.0,5097410.0
2025-11-20,851282.SI,烘焙食品,L3,1277.98,1233.3,1285.39,1242.86,-27.14,-2.14,6890.0,100497.0,29.76,2.49,1968350.0,4950630.0
2025-11-21,851282.SI,烘焙食品,L3,1235.62,1200.14,1262.63,1213.27,-29.59,-2.38,7783.0,103930.0,29.06,2.43,1921480.0,4908360.0
2025-11-24,851282.SI,烘焙食品,L3,1223.23,1213.81,1250.26,1226.01,12.74,1.05,7912.0,119454.0,29.36,2.46,1941660.0,4971530.0
2025-11-25,851282.SI,烘焙食品,L3,1229.59,1210.7,1243.54,1233.52,7.5,0.61,6906.0,99152.0,29.54,2.47,1953540.0,4988180.0
2025-11-26,851282.SI,烘焙食品,L3,1233.43,1216.97,1252.97,1226.57,-6.94,-0.56,6498.0,95993.0,29.37,2.46,1942550.0,4934710.0
2025-11-27,851282.SI,烘焙食品,L3,1227.27,1212.96,1245.3,1226.37,-0.21,-0.02,5987.0,85188.0,29.37,2.46,1942220.0,4901360.0
2025-11-28,851282.SI,烘焙食品,L3,1226.49,1214.62,1254.02,1246.13,19.77,1.61,6646.0,93805.0,29.84,2.5,1973520.0,4980500.0
2025-12-01,851282.SI,烘焙食品,L3,1243.02,1233.6,1267.05,1251.14,5.0,0.4,6517.0,96331.0,29.96,2.51,1981450.0,5008350.0
2025-12-02,851282.SI,烘焙食品,L3,1247.09,1230.68,1268.42,1258.43,7.29,0.58,6890.0,97442.0,30.14,2.52,1992990.0,5047840.0
2025-12-03,851282.SI,烘焙食品,L3,1261.61,1238.12,1279.76,1252.89,-5.54,-0.44,7354.0,113527.0,30.0,2.51,1984220.0,5037140.0
2025-12-04,851282.SI,烘焙食品,L3,1247.59,1212.16,1260.99,1215.94,-36.95,-2.95,8677.0,110006.0,29.12,2.44,1925710.0,4890220.0
2025-12-05,851282.SI,烘焙食品,L3,1215.03,1202.27,1246.16,1236.98,21.04,1.73,7924.0,107823.0,29.62,2.48,1959030.0,4983910.0
2025-12-08,851282.SI,烘焙食品,L3,1246.94,1221.08,1257.07,1236.43,-0.55,-0.04,10051.0,144762.0,29.61,2.48,1958160.0,4989020.0
2025-12-09,851282.SI,烘焙食品,L3,1232.87,1216.77,1255.32,1235.69,-0.74,-0.06,9070.0,125747.0,29.59,2.48,1956990.0,4999000.0
2025-12-10,851282.SI,烘焙食品,L3,1242.56,1215.59,1256.59,1221.81,-13.88,-1.12,8840.0,121131.0,29.26,2.45,1935010.0,4942730.0
2025-12-11,851282.SI,烘焙食品,L3,1222.92,1182.09,1228.17,1184.99,-36.82,-3.01,9557.0,111025.0,28.38,2.37,1876690.0,4788660.0
2025-12-12,851282.SI,烘焙食品,L3,1188.49,1167.82,1205.93,1181.56,-3.43,-0.29,8492.0,100676.0,28.3,2.37,1871260.0,4766930.0
2025-12-15,851282.SI,烘焙食品,L3,1180.65,1177.19,1214.17,1203.07,21.51,1.82,7790.0,100800.0,28.81,2.41,1905330.0,4893790.0
2025-12-16,851282.SI,烘焙食品,L3,1203.07,1198.36,1245.35,1214.55,11.48,0.95,9498.0,139708.0,29.09,2.43,1923510.0,4946720.0
2025-12-17,851282.SI,烘焙食品,L3,1217.46,1198.89,1250.81,1230.36,15.81,1.3,10305.0,141513.0,29.46,2.46,1948550.0,4993240.0
2025-12-18,851282.SI,烘焙食品,L3,1223.76,1215.87,1256.89,1236.7,6.34,0.51,8700.0,119250.0,29.62,2.48,1958580.0,5003080.0
2025-12-19,851282.SI,烘焙食品,L3,1236.29,1220.05,1286.5,1276.09,39.4,3.19,12263.0,166435.0,30.56,2.56,2020980.0,5151300.0
2025-12-22,851282.SI,烘焙食品,L3,1275.11,1251.96,1290.82,1277.11,1.02,0.08,8381.0,124628.0,30.58,2.56,2022820.0,5134640.0
2025-12-23,851282.SI,烘焙食品,L3,1299.08,1257.56,1308.95,1269.42,-7.69,-0.6,8159.0,136557.0,30.4,2.54,2010640.0,5111730.0
2025-12-24,851282.SI,烘焙食品,L3,1263.06,1248.88,1287.86,1269.94,0.52,0.04,6639.0,106150.0,30.41,2.54,2011470.0,5115630.0
2025-12-25,851282.SI,烘焙食品,L3,1271.4,1261.22,1292.53,1275.45,5.51,0.43,5977.0,90629.0,30.54,2.56,2020190.0,5141800.0
2025-12-26,851282.SI,烘焙食品,L3,1271.59,1257.42,1285.94,1269.83,-5.62,-0.44,5371.0,77766.0,30.41,2.54,2011300.0,5119740.0
2025-12-29,851282.SI,烘焙食品,L3,1267.42,1245.0,1277.28,1255.62,-14.21,-1.12,5865.0,80300.0,30.07,2.52,1988780.0,5040650.0
2025-12-30,851282.SI,烘焙食品,L3,1253.28,1231.18,1261.68,1243.08,-12.54,-1.0,5326.0,75038.0,29.77,2.49,1968920.0,4992990.0
2025-12-31,851282.SI,烘焙食品,L3,1241.67,1234.75,1267.09,1255.95,12.88,1.04,5105.0,72964.0,30.08,2.52,1989310.0,5036480.0
2026-01-05,851282.SI,烘焙食品,L3,1254.7,1229.41,1265.03,1244.7,-11.25,-0.9,6286.0,89715.0,29.81,2.49,1971500.0,4997040.0
2026-01-06,851282.SI,烘焙食品,L3,1246.49,1235.11,1264.97,1253.09,8.38,0.67,5494.0,75925.0,30.01,2.51,1984780.0,5027980.0
2026-01-07,851282.SI,烘焙食品,L3,1251.57,1238.26,1266.93,1251.32,-1.77,-0.14,5256.0,69967.0,29.97,2.51,1981960.0,5030540.0
2026-01-08,851282.SI,烘焙食品,L3,1249.0,1235.55,1269.32,1257.33,6.02,0.48,5908.0,84868.0,30.11,2.52,1991500.0,5044300.0
2026-01-09,851282.SI,烘焙食品,L3,1256.05,1248.9,1278.8,1269.78,12.45,0.99,5946.0,81189.0,30.41,2.54,2011220.0,5078240.0
2026-01-12,851282.SI,烘焙食品,L3,1272.46,1261.41,1303.68,1293.01,23.23,1.83,8560.0,119951.0,30.96,2.59,2048010.0,5164630.0
2026-01-13,851282.SI,烘焙食品,L3,1292.84,1264.46,1305.03,1269.54,-23.47,-1.81,7870.0,111670.0,30.4,2.54,2010840.0,5075900.0
2026-01-14,851282.SI,烘焙食品,L3,1269.78,1250.41,1292.07,1271.47,1.93,0.15,7952.0,106329.0,30.45,2.55,2013890.0,5074900.0
2026-01-15,851282.SI,烘焙食品,L3,1264.34,1249.17,1281.99,1265.93,-5.54,-0.44,5246.0,77402.0,30.32,2.54,2005110.0,5062630.0
2026-01-16,851282.SI,烘焙食品,L3,1269.02,1240.47,1271.72,1247.44,-18.49,-1.46,5376.0,68961.0,29.87,2.5,1975830.0,4995650.0
2026-01-19,851282.SI,烘焙食品,L3,1245.48,1240.53,1303.86,1293.11,45.67,3.66,7615.0,107555.0,30.97,2.59,2048170.0,5169450.0
2026-01-20,851282.SI,烘焙食品,L3,1290.25,1285.18,1319.45,1307.13,14.02,1.08,6500.0,88295.0,31.3,2.62,2070370.0,5220910.0
2026-01-21,851282.SI,烘焙食品,L3,1298.9,1273.16,1308.12,1297.04,-10.09,-0.77,5270.0,73964.0,31.27,2.6,2028180.0,5143000.0
2026-01-22,851282.SI,烘焙食品,L3,1293.7,1277.88,1307.38,1298.9,1.86,0.14,4548.0,65169.0,31.31,2.6,2031100.0,5154640.0
2026-01-23,851282.SI,烘焙食品,L3,1302.41,1287.98,1315.31,1300.85,1.95,0.15,4749.0,66116.0,31.36,2.61,2034140.0,5164530.0
2026-01-26,851282.SI,烘焙食品,L3,1298.67,1275.47,1312.54,1298.4,-2.45,-0.19,5589.0,72422.0,31.3,2.6,2030310.0,5150840.0
2026-01-27,851282.SI,烘焙食品,L3,1297.08,1255.89,1300.26,1274.43,-23.97,-1.85,6289.0,73840.0,30.72,2.55,1992830.0,5057640.0
2026-01-28,851282.SI,烘焙食品,L3,1267.75,1252.29,1278.9,1259.27,-15.16,-1.19,4712.0,57945.0,30.36,2.52,1969120.0,5002700.0
2026-01-29,851282.SI,烘焙食品,L3,1257.36,1246.6,1291.29,1279.68,20.41,1.62,5636.0,73593.0,30.85,2.56,2001040.0,5086800.0
2026-01-30,851282.SI,烘焙食品,L3,1276.49,1260.28,1294.58,1279.08,-0.6,-0.05,5757.0,71652.0,30.83,2.56,2000100.0,5089560.0
2026-02-02,851282.SI,烘焙食品,L3,1275.61,1250.48,1306.96,1260.3,-18.77,-1.47,7480.0,99424.0,30.38,2.53,1970740.0,5016480.0
2026-02-03,851282.SI,烘焙食品,L3,1262.51,1231.66,1284.27,1261.92,1.62,0.13,6673.0,92804.0,30.42,2.53,1973270.0,5017620.0
2026-02-04,851282.SI,烘焙食品,L3,1264.15,1251.65,1294.15,1286.81,24.89,1.97,5894.0,81319.0,31.02,2.58,2012190.0,5116030.0
2026-02-05,851282.SI,烘焙食品,L3,1284.81,1275.15,1321.57,1295.22,8.41,0.65,7026.0,95203.0,31.22,2.59,2025340.0,5157400.0
2026-02-06,851282.SI,烘焙食品,L3,1291.24,1278.13,1314.24,1286.88,-8.34,-0.64,5067.0,68064.0,31.02,2.58,2012300.0,5123410.0
2026-02-09,851282.SI,烘焙食品,L3,1291.86,1277.23,1307.08,1300.08,13.2,1.03,5187.0,68911.0,31.34,2.6,2032940.0,5171630.0
2026-02-10,851282.SI,烘焙食品,L3,1299.73,1276.96,1306.42,1290.39,-9.69,-0.75,4322.0,58273.0,31.11,2.59,2017780.0,5124730.0
2026-02-11,851282.SI,烘焙食品,L3,1290.75,1274.2,1300.22,1288.21,-2.17,-0.17,3985.0,52017.0,31.05,2.58,2014380.0,5122620.0
2026-02-12,851282.SI,烘焙食品,L3,1289.75,1263.02,1298.38,1268.83,-19.39,-1.51,5241.0,60011.0,30.59,2.54,1984070.0,5043300.0
2026-02-13,851282.SI,烘焙食品,L3,1271.87,1256.78,1281.32,1258.79,-10.04,-0.79,3860.0,45518.0,30.34,2.52,1968370.0,4998690.0
2026-02-24,851282.SI,烘焙食品,L3,1264.99,1244.24,1275.56,1255.74,-3.05,-0.24,4176.0,54487.0,30.27,2.52,1963600.0,4982820.0
2026-02-25,851282.SI,烘焙食品,L3,1258.02,1250.42,1273.0,1260.88,5.14,0.41,3991.0,49659.0,30.39,2.53,1971640.0,5004210.0
2026-02-26,851282.SI,烘焙食品,L3,1261.93,1246.55,1269.21,1257.31,-3.56,-0.28,4292.0,47866.0,30.31,2.52,1966070.0,4990540.0
2026-02-27,851282.SI,烘焙食品,L3,1256.42,1244.09,1268.75,1256.69,-0.63,-0.05,3456.0,44299.0,30.29,2.52,1965090.0,4994510.0
2026-03-02,851282.SI,烘焙食品,L3,1242.59,1215.32,1259.42,1228.64,-28.05,-2.23,5380.0,69771.0,29.62,2.46,1921220.0,4894260.0
2026-03-03,851282.SI,烘焙食品,L3,1231.67,1203.11,1246.71,1206.37,-22.27,-1.81,4903.0,60832.0,29.08,2.42,1886410.0,4811630.0
2026-03-04,851282.SI,烘焙食品,L3,1197.32,1172.28,1210.19,1182.95,-23.42,-1.94,5005.0,59883.0,28.52,2.37,1849780.0,4720420.0
2026-03-05,851282.SI,烘焙食品,L3,1193.99,1175.82,1209.13,1184.4,1.45,0.12,4450.0,49754.0,28.55,2.37,1852050.0,4717760.0
2026-03-06,851282.SI,烘焙食品,L3,1183.22,1176.95,1219.73,1217.35,32.95,2.78,4420.0,52202.0,29.35,2.44,1903570.0,4843600.0
2026-03-09,851282.SI,烘焙食品,L3,1207.36,1186.11,1216.88,1196.93,-20.42,-1.68,4558.0,58741.0,28.85,2.4,1871640.0,4763790.0
2026-03-10,851282.SI,烘焙食品,L3,1205.93,1195.3,1218.93,1211.85,14.93,1.25,3608.0,45539.0,29.5,2.43,1894980.0,4808680.0
2026-03-11,851282.SI,烘焙食品,L3,1212.92,1191.02,1217.72,1199.55,-12.31,-1.02,3710.0,46328.0,29.2,2.4,1875730.0,4759990.0
2026-03-12,851282.SI,烘焙食品,L3,1200.1,1177.13,1210.85,1187.39,-12.15,-1.01,5483.0,54029.0,28.9,2.38,1856730.0,4725360.0
2026-03-13,851282.SI,烘焙食品,L3,1188.25,1178.68,1208.36,1186.81,-0.59,-0.05,6067.0,58627.0,28.89,2.38,1855810.0,4719100.0
2026-03-16,851282.SI,烘焙食品,L3,1187.48,1176.66,1209.72,1197.1,10.29,0.87,4675.0,53388.0,29.14,2.4,1871900.0,4763850.0
2026-03-17,851282.SI,烘焙食品,L3,1198.21,1179.13,1211.37,1182.8,-14.3,-1.19,3832.0,46143.0,28.79,2.37,1849550.0,4707610.0
2026-03-18,851282.SI,烘焙食品,L3,1184.68,1165.64,1205.06,1192.26,9.46,0.8,4506.0,54662.0,29.02,2.39,1864340.0,4734800.0
2026-03-19,851282.SI,烘焙食品,L3,1186.12,1153.95,1193.84,1158.86,-33.4,-2.8,4751.0,57375.0,28.21,2.32,1812120.0,4611890.0
2026-03-20,851282.SI,烘焙食品,L3,1160.87,1130.45,1170.49,1133.18,-25.68,-2.22,4999.0,58480.0,27.58,2.27,1771960.0,4525360.0
2026-03-23,851282.SI,烘焙食品,L3,1120.27,1066.24,1125.34,1076.21,-56.98,-5.03,7184.0,82607.0,26.2,2.16,1682870.0,4296470.0
2026-03-24,851282.SI,烘焙食品,L3,1092.58,1078.7,1116.59,1114.62,38.41,3.57,4714.0,54703.0,27.13,2.23,1742930.0,4436460.0
2026-03-25,851282.SI,烘焙食品,L3,1117.4,1110.09,1133.14,1124.8,10.18,0.91,3927.0,44868.0,27.38,2.25,1758860.0,4472800.0
2026-03-26,851282.SI,烘焙食品,L3,1124.43,1110.63,1140.95,1116.04,-8.77,-0.78,3302.0,38984.0,27.17,2.24,1745150.0,4440740.0
2026-03-27,851282.SI,烘焙食品,L3,1109.2,1101.4,1135.12,1127.2,11.17,1.0,3238.0,37800.0,27.53,2.26,1762610.0,4479160.0
2026-03-30,851282.SI,烘焙食品,L3,1118.55,1113.54,1150.83,1140.26,13.05,1.16,4049.0,50567.0,27.59,2.29,1783020.0,4522680.0
2026-03-31,851282.SI,烘焙食品,L3,1142.63,1124.21,1159.3,1128.79,-11.47,-1.01,4157.0,50719.0,27.31,2.26,1765090.0,4481890.0
2026-04-01,851282.SI,烘焙食品,L3,1142.23,1126.21,1152.19,1140.08,11.29,1.0,4096.0,51656.0,27.59,2.29,1782740.0,4526570.0
2026-04-02,851282.SI,烘焙食品,L3,1139.13,1118.47,1151.42,1134.21,-5.87,-0.51,4120.0,52019.0,27.45,2.27,1773560.0,4504780.0
2026-04-03,851282.SI,烘焙食品,L3,1134.75,1103.36,1145.29,1114.32,-19.89,-1.75,4196.0,49299.0,26.96,2.24,1742460.0,4429710.0
2026-04-07,851282.SI,烘焙食品,L3,1112.56,1101.7,1135.57,1121.39,7.07,0.63,4631.0,54985.0,27.14,2.25,1753520.0,4452380.0
2026-04-08,851282.SI,烘焙食品,L3,1135.09,1129.23,1155.5,1149.15,27.76,2.48,4607.0,57575.0,27.81,2.31,1796930.0,4559740.0
2026-04-09,851282.SI,烘焙食品,L3,1145.52,1125.3,1157.54,1137.71,-11.44,-1.0,3958.0,48699.0,27.53,2.29,1779040.0,4511260.0
2026-04-10,851282.SI,烘焙食品,L3,1142.15,1131.99,1158.23,1140.98,3.27,0.29,3628.0,45616.0,27.61,2.29,1784150.0,4529610.0
2026-04-13,851282.SI,烘焙食品,L3,1136.14,1122.1,1142.99,1132.24,-8.74,-0.77,3152.0,41185.0,27.4,2.27,1770480.0,4496360.0
2026-04-14,851282.SI,烘焙食品,L3,1138.28,1107.64,1142.2,1124.14,-8.1,-0.72,3673.0,50579.0,27.2,2.26,1757820.0,4473020.0
2026-04-15,851282.SI,烘焙食品,L3,1129.48,1117.26,1141.35,1129.26,5.12,0.46,3162.0,42841.0,27.05,2.26,1765830.0,4491300.0
2026-04-16,851282.SI,烘焙食品,L3,1131.4,1120.54,1147.08,1142.97,13.71,1.21,3683.0,44010.0,27.38,2.29,1787270.0,4534010.0
2026-04-17,851282.SI,烘焙食品,L3,1140.83,1121.58,1145.25,1133.36,-9.61,-0.84,2884.0,37420.0,27.0,2.27,1772240.0,4497330.0
2026-04-20,851282.SI,烘焙食品,L3,1132.76,1127.73,1150.5,1142.58,9.22,0.81,3314.0,44549.0,27.22,2.29,1786660.0,4530760.0
2026-04-21,851282.SI,烘焙食品,L3,1142.58,1134.36,1161.06,1147.1,4.51,0.4,3470.0,44051.0,27.32,2.3,1793720.0,4544840.0
2026-04-22,851282.SI,烘焙食品,L3,1145.14,1132.17,1151.78,1140.19,-6.9,-0.6,2614.0,32701.0,27.16,2.28,1782920.0,4516190.0
2026-04-23,851282.SI,烘焙食品,L3,1137.23,1128.93,1155.4,1140.17,-0.02,0.0,3405.0,44466.0,27.16,2.28,1782890.0,4518750.0
2026-04-24,851282.SI,烘焙食品,L3,1138.26,1124.96,1151.71,1142.24,2.07,0.18,3679.0,46923.0,27.21,2.29,1786120.0,4523820.0
2026-04-27,851282.SI,烘焙食品,L3,1134.83,1116.52,1161.41,1152.77,10.53,0.92,5803.0,77888.0,27.46,2.31,1802600.0,4560710.0
2026-04-28,851282.SI,烘焙食品,L3,1133.99,1111.47,1151.44,1127.89,-24.88,-2.16,4869.0,72897.0,26.87,2.26,1763680.0,4467520.0
2026-04-29,851282.SI,烘焙食品,L3,1128.4,1125.01,1165.32,1158.45,30.56,2.71,5508.0,87493.0,29.59,2.32,1811480.0,4586330.0
2026-04-30,851282.SI,烘焙食品,L3,1166.09,1146.64,1182.86,1157.72,-0.73,-0.06,11334.0,147225.0,29.57,2.31,1810330.0,4585410.0
2026-05-06,851282.SI,烘焙食品,L3,1159.34,1135.02,1166.5,1149.94,-7.78,-0.67,9134.0,116306.0,30.73,2.3,1798160.0,4558380.0
2026-05-07,851282.SI,烘焙食品,L3,1152.2,1134.36,1163.95,1142.79,-7.15,-0.62,6128.0,79497.0,30.54,2.28,1786980.0,4527650.0
2026-05-08,851282.SI,烘焙食品,L3,1142.71,1130.48,1153.82,1140.97,-1.82,-0.16,4905.0,62993.0,30.49,2.28,1784130.0,4518780.0
2026-05-11,851282.SI,烘焙食品,L3,1145.12,1122.06,1151.29,1139.5,-1.47,-0.13,6799.0,82981.0,30.45,2.28,1781840.0,4523640.0
2026-05-12,851282.SI,烘焙食品,L3,1137.47,1114.14,1145.24,1121.53,-17.97,-1.58,5731.0,72384.0,29.97,2.24,1753740.0,4457250.0
2026-05-13,851282.SI,烘焙食品,L3,1123.43,1111.28,1134.82,1121.49,-0.04,0.0,5024.0,62131.0,29.97,2.24,1753670.0,4457320.0
2026-05-14,851282.SI,烘焙食品,L3,1124.15,1105.36,1132.27,1114.69,-6.8,-0.61,5346.0,63731.0,29.79,2.23,1743030.0,4426110.0
2026-05-15,851282.SI,烘焙食品,L3,1114.49,1095.59,1120.75,1104.37,-10.32,-0.93,4931.0,55722.0,29.52,2.21,1726890.0,4393180.0
2026-05-18,851282.SI,烘焙食品,L3,1101.91,1078.68,1112.4,1095.07,-9.29,-0.84,4501.0,54241.0,29.27,2.19,1712360.0,4360350.0
2026-05-19,851282.SI,烘焙食品,L3,1092.75,1087.3,1113.46,1102.9,7.83,0.71,3439.0,43845.0,29.48,2.2,1724600.0,4393780.0
2026-05-20,851282.SI,烘焙食品,L3,1098.11,1083.29,1106.42,1091.7,-11.2,-1.02,3692.0,41849.0,29.18,2.18,1707090.0,4359310.0
2026-05-21,851282.SI,烘焙食品,L3,1094.03,1071.91,1107.19,1077.69,-14.01,-1.28,4534.0,55051.0,28.8,2.15,1685170.0,4312650.0
2026-05-22,851282.SI,烘焙食品,L3,1076.88,1057.09,1085.26,1072.3,-5.39,-0.5,4044.0,49163.0,28.66,2.14,1676750.0,4298970.0
2026-05-25,851282.SI,烘焙食品,L3,1069.13,1051.79,1079.95,1059.12,-13.17,-1.23,3771.0,43858.0,28.31,2.12,1656150.0,4258740.0
2026-05-26,851282.SI,烘焙食品,L3,1058.45,1037.98,1076.14,1059.93,0.8,0.08,4080.0,52226.0,28.33,2.12,1657400.0,4225400.0
