日期,开盘,收盘,最高,最低,成交量,成交额,振幅,涨跌幅,涨跌额,换手率
2023-05-26,25.3685803700,26.4429460400,26.9559314500,25.3008275800,5168321,140031418.9300,0.00,3.406500,0.00,4.514500
2023-05-29,26.1332190000,25.6589494700,26.2300087000,25.2717906700,4089355,108251140.0100,3.62,-2.964900,-0.78,3.572000
2023-05-30,25.5524808000,26.2784035500,27.0914370300,25.5137649200,5157815,141001518.5200,6.15,2.414200,0.62,4.505300
2023-05-31,26.1041820900,25.7460602000,26.3751932500,25.5040859500,2685188,71709052.2000,3.31,-2.025800,-0.53,2.345500
2023-06-01,25.6105546200,25.7073443200,26.2300087000,25.4072962500,3080649,82310148.0000,3.20,-0.150400,-0.04,2.690900
2023-06-02,25.6976653500,26.3655142800,26.6655623500,25.6976653500,2677031,72642841.4100,3.77,2.560200,0.66,2.338400
2023-06-05,26.2687245800,26.2590456100,26.6655623500,25.9106026900,2009100,54454699.0000,2.86,-0.403800,-0.11,1.754900
2023-06-06,26.2300087000,25.6492705000,26.5203778000,25.5718387400,2170733,58228743.8400,3.61,-2.322200,-0.61,1.896100
2023-06-07,25.5911966800,24.9717426000,25.6395915300,24.8072001100,3050800,78986942.0000,3.25,-2.641500,-0.68,2.664900
2023-06-08,24.8749529000,24.7394473200,25.3395434600,24.7007314400,2156998,55622224.2400,2.56,-0.930200,-0.23,1.884100
2023-06-09,24.8265580500,25.2911486100,25.7750971100,24.7104104100,2773458,72354739.6600,4.30,2.230000,0.55,2.422600
2023-06-12,25.2911486100,27.8173597800,27.8173597800,24.8749529000,8222058,228844103.5800,11.63,9.988500,2.53,7.182000
2023-06-13,27.6237803800,28.4077769500,28.8433306000,27.3914851000,9700199,284008730.7500,5.22,2.122500,0.59,8.473100
2023-06-14,28.2529134300,27.9722233000,28.4948876800,27.6141014100,5497324,158783565.3300,3.10,-1.533200,-0.44,4.801900
2023-06-15,28.0302971200,28.6497512000,28.8046147200,27.7012121400,6679724,196824688.9900,3.94,2.422100,0.68,5.834700
2023-06-16,28.7465409000,28.7852567800,29.4821426200,28.5336035600,5534331,165031805.5800,3.31,0.473000,0.14,4.834200
2023-06-19,28.8626885400,29.9176962700,30.1887074300,28.8626885400,5876664,180618206.5300,4.61,3.934100,1.13,5.133100
2023-06-20,29.4724636500,29.6079692300,30.0725597900,29.2304894000,3173760,96853048.7000,2.81,-1.035300,-0.31,2.772200
2023-06-21,29.6176482000,29.2111314600,30.2564602200,29.2111314600,3289241,100546751.9600,3.53,-1.340300,-0.40,2.873100
2023-06-26,29.1143417600,28.3109872500,30.0241649400,28.1658027000,3605114,107370414.5900,6.36,-3.081500,-0.90,3.149000
2023-06-27,28.5045666500,28.5336035600,28.8239726600,28.0690130000,2860191,83982293.8300,2.67,0.786300,0.22,2.498300
2023-06-28,28.6509464000,28.4749337600,28.7976236000,27.7219908000,2434976,70368959.3200,3.77,-0.205600,-0.06,2.126900
2023-06-29,28.4749337600,28.8954084000,29.4234463200,28.2500287200,2683205,79067309.8000,4.12,1.476600,0.42,2.343700
2023-06-30,28.8856299200,29.0714210400,29.2083197600,28.2793641600,2911900,85974092.0000,3.21,0.609100,0.18,2.543500
2023-07-03,29.0518640800,28.7682881600,29.7754716000,28.5727185600,3171944,94434470.5500,4.14,-1.042700,-0.30,2.770600
2023-07-04,28.8367375200,31.6431612800,31.6431612800,28.4749337600,7293551,231735570.0700,11.01,9.993200,2.87,6.370700
2023-07-05,31.1933512000,30.1177184000,31.5649334400,29.9808196800,10846157,339447864.1200,5.01,-4.820800,-1.53,9.473800
2023-07-06,30.0883829600,30.2252816800,30.5968639200,29.2278767200,6643808,203971761.8100,4.55,0.357100,0.11,5.803200
2023-07-07,30.2155032000,29.8928133600,30.6750917600,29.6483513600,4189764,128973828.7000,3.40,-1.100000,-0.33,3.659600
2023-07-10,29.7070222400,29.6092374400,30.6164208800,29.5114526400,4266276,130432497.9600,3.70,-0.948600,-0.28,3.726500
2023-07-11,29.4332248000,31.5551549600,31.7800600000,29.2083197600,10560406,333242767.8100,8.69,6.572000,1.95,9.224200
2023-07-12,31.3400284000,31.7898384800,33.9997749600,30.9880031200,16109410,533089488.7600,9.54,0.743700,0.23,14.071100
2023-07-13,31.9560726400,31.4671486400,32.0343004800,30.5088576000,9577111,305318110.1300,4.80,-1.015100,-0.32,8.365300
2023-07-14,31.5355980000,31.7996169600,32.6112308000,30.9977816000,8437585,275762752.4500,5.13,1.056600,0.33,7.370000
2023-07-17,31.8778448000,31.6138258400,31.9560726400,30.8804398400,5159748,165759709.3600,3.38,-0.584300,-0.19,4.506900
2023-07-18,31.4084777600,33.3250598400,33.4424016000,31.1444588000,12068571,403308167.6700,7.27,5.412900,1.71,10.541600
2023-07-19,33.2370535200,32.8459143200,33.2370535200,31.8778448000,7238858,240934495.7400,4.08,-1.437800,-0.48,6.322900
2023-07-20,33.1001548000,32.1223068000,33.2174965600,32.0734144000,4465747,148263726.8900,3.48,-2.203000,-0.72,3.900700
2023-07-21,31.7702815200,31.3302499200,32.3080979200,31.2031296800,4804060,154917818.1100,3.44,-2.465800,-0.79,4.196200
2023-07-24,31.5258195200,30.6457563200,31.5355980000,30.5088576000,3615431,114134762.2000,3.28,-2.184800,-0.68,3.158000
2023-07-25,31.2520220800,32.7187940800,33.3446168000,31.1737942400,7703127,254907981.0500,7.08,6.764500,2.07,6.728500
2023-07-26,32.5916738400,31.3106929600,32.7774649600,31.1444588000,4495921,146235063.4800,4.99,-4.303600,-1.41,3.927100
2023-07-27,31.9365156800,33.2566104800,34.4398065600,31.8289524000,11563781,397366527.2500,8.34,6.214900,1.95,10.100600
2023-07-28,33.2272750400,32.7579080000,33.4424016000,30.9391107200,8618444,287787485.7900,7.53,-1.499600,-0.50,7.528000
2023-07-31,32.8556928000,34.1464521600,34.7722748800,32.6699016800,9174175,319520594.8500,6.42,4.238800,1.39,8.013400
2023-08-01,33.7944268800,37.4613568800,37.5591416800,33.4032876800,13201244,490227722.5100,12.17,9.707900,3.31,11.530900
2023-08-02,36.5910721600,38.5076542400,39.8766414400,36.0825912000,13814695,538574175.2200,10.13,2.793000,1.05,12.066800
2023-08-03,37.6471480000,37.4515784000,39.6615148800,36.9919898400,9790121,378863481.6700,6.93,-2.742500,-1.06,8.551400
2023-08-04,37.9111669600,36.9626544000,37.9405024000,36.7670848000,6814859,260231661.3200,3.13,-1.305500,-0.49,5.952600
2023-08-07,36.7670848000,37.2168948800,38.4294264000,36.1803760000,8103587,309520305.6500,6.08,0.687800,0.25,7.078300
2023-08-08,36.9626544000,38.9672428000,39.7006288000,36.3466101600,11305835,448023959.2900,9.01,4.703100,1.75,9.875300
2023-08-09,38.6249960000,37.6569264800,38.8890149600,37.0604392000,6744829,261132991.7400,4.69,-3.362600,-1.31,5.891400
2023-08-10,38.2534137600,36.5715152000,38.3511985600,35.5936672000,8965903,333694737.8300,7.32,-2.882400,-1.09,7.831500
2023-08-11,37.0115468000,35.7892368000,37.1093316000,35.6914520000,4885707,180759534.0700,3.88,-2.139000,-0.78,4.267500
2023-08-14,35.7207874400,36.1901544800,36.3270532000,34.9580660000,5115619,186951100.5700,3.83,1.120200,0.40,4.175200
2023-08-15,36.0825912000,35.6034456800,36.5715152000,35.0265153600,4164553,151866009.1500,4.27,-1.621200,-0.59,3.399000
2023-08-16,35.5741102400,34.7527179200,35.6914520000,34.1366736800,6016194,213867391.6100,4.37,-2.389500,-0.85,4.910300
2023-08-17,34.4593635200,36.1608190400,36.7377493600,34.1953445600,6988562,256798700.2200,7.32,4.051800,1.41,5.703900
2023-08-18,36.0434772800,35.2709773600,36.1608190400,35.2220849600,3610153,131094826.4200,2.60,-2.460800,-0.89,2.946500
2023-08-21,35.1927495200,34.7820533600,35.4763254400,34.4202496000,3914868,139192630.2600,2.99,-1.386200,-0.49,3.195200
2023-08-22,35.3687621600,35.3492052000,36.3074962400,33.9215471200,4966841,178492570.8700,6.86,1.630600,0.57,4.053800
2023-08-23,35.0265153600,33.5304079200,35.0851862400,33.5304079200,4725712,164462424.7000,4.40,-5.145200,-1.82,3.857000
2023-08-24,33.3935092000,33.5499648800,34.2344584800,33.0512624000,4937977,169826645.5300,3.53,0.058300,0.02,4.030200
2023-08-25,33.2957244000,32.0343004800,33.7357560000,31.6627182400,6410055,212350293.1600,6.18,-4.517600,-1.52,5.231700
2023-08-28,33.7357560000,30.7924335200,34.1073382400,30.5577500000,9244984,295145470.4600,11.08,-3.876700,-1.24,7.545500
2023-08-29,30.3132880000,32.6894586400,33.2272750400,30.2937310400,6951714,229501556.5300,9.53,6.160700,1.90,5.673800
2023-08-30,32.6405662400,32.7676864800,33.1197117600,32.2592055200,4927700,164751318.0000,2.63,0.239300,0.08,4.021900
2023-08-31,32.5232244800,32.4156612000,33.1197117600,32.0734144000,3472100,115115639.0000,3.19,-1.074300,-0.35,2.833800
2023-09-01,32.4841105600,32.5818953600,33.3641737600,31.8778448000,4560896,152102498.5100,4.59,0.512800,0.17,3.722500
2023-09-04,32.8850282400,33.4717370400,33.5890788000,31.9658511200,6302085,211806997.5200,4.98,2.731100,0.89,5.143600
2023-09-05,33.4228446400,34.5180344000,35.1243001600,33.0610408800,7502605,265050603.3600,6.16,3.125900,1.05,6.123400
2023-09-06,34.1660091200,34.4495850400,34.8016103200,33.9606610400,3502986,122900210.6500,2.44,-0.198300,-0.07,2.859000
2023-09-07,34.2344584800,33.2174965600,34.4006926400,32.8556928000,5085019,173214695.7100,4.48,-3.576500,-1.23,4.150300
2023-09-08,33.1783826400,34.5375913600,34.7136040000,32.8068004000,4706521,164323558.3200,5.74,3.974100,1.32,3.841300
2023-09-11,34.4789204800,35.1047432000,36.2292684000,33.7553129600,6692681,241109795.8700,7.16,1.642100,0.57,5.462400
2023-09-12,34.9482875200,34.9287305600,36.0434772800,34.8113888000,4308246,155407834.3200,3.51,-0.501400,-0.18,2.247700
2023-09-13,34.9189520800,33.8335408000,34.9189520800,33.2468320000,3542912,122682819.3200,4.79,-3.135500,-1.10,1.848400
2023-09-14,33.2663889600,32.4841105600,33.9704395200,32.3961042400,3595906,120951081.9000,4.65,-3.988400,-1.35,1.876100
2023-09-15,32.7090156000,33.7064205600,34.2149015200,32.1516422400,4953046,169557276.1400,6.35,3.762800,1.22,2.584100
2023-09-18,34.4984774400,36.1705975200,36.5715152000,34.4984774400,11435037,415878284.3700,6.15,7.310700,2.46,5.965900
2023-09-19,36.3955025600,36.6008506400,37.1582240000,35.4274330400,9258633,344118468.9100,4.79,1.189500,0.43,4.830400
2023-09-20,35.9163570400,36.3759456000,37.1288885600,35.6914520000,6022611,225019241.4400,3.93,-0.614500,-0.22,3.142100
2023-09-21,36.0825912000,35.0460723200,36.3172747200,34.3224648000,6394935,230179293.1700,5.48,-3.655900,-1.33,3.336400
2023-09-22,35.0460723200,34.6451546400,35.3003128000,34.0095534400,4817669,169561593.5600,3.68,-1.144000,-0.40,2.513500
2023-09-25,35.3003128000,36.1314836000,37.1582240000,35.2025280000,8036492,297151803.5400,5.64,4.290100,1.49,4.192800
2023-09-26,34.5180344000,34.7136040000,35.6816735200,33.6184142400,5365987,190919828.2400,5.71,-3.924200,-1.42,2.799600
2023-09-27,34.4202496000,34.0780028000,34.9189520800,33.7161990400,4169738,145886449.1800,3.46,-1.831000,-0.64,2.175400
2023-09-28,34.0780028000,36.1314836000,36.8942050400,33.9313256000,6947808,253714132.9100,8.69,6.025800,2.05,3.624800
2023-10-09,38.1458504800,38.5858820800,39.7495212000,36.8550911200,11294417,441364475.4100,8.01,6.793000,2.45,5.892500
2023-10-10,38.5858820800,38.2142998400,38.7032238400,37.2462303200,6344821,245921399.0100,3.78,-0.963000,-0.37,3.290200
2023-10-11,38.1458504800,37.5591416800,38.2631922400,37.2071164000,5298454,203828910.1700,2.76,-1.714400,-0.66,2.747600
2023-10-12,37.2071164000,39.3877174400,39.3877174400,36.8648696000,7815709,306447978.7700,6.72,4.868500,1.83,4.052900
2023-10-13,39.0356921600,42.3212614400,43.3284448800,38.7912301600,13923138,600200401.1100,11.52,7.447900,2.93,7.220000
2023-10-16,42.4581601600,44.0031600000,46.0566408000,40.8838248800,13949724,617402124.5500,12.22,3.974100,1.68,7.233700
2023-10-17,43.0057550400,45.3036978400,45.9686344800,41.8127804800,13148178,587868663.1900,9.44,2.955600,1.30,6.818100
2023-10-18,44.5703118400,48.6968304000,48.7750582400,43.6902486400,14363616,675962330.0200,11.22,7.489700,3.39,7.448400
2023-10-19,46.9269255200,43.8271473600,48.3545836000,43.8271473600,15801319,748644913.3700,9.30,-10.000000,-4.87,8.193900
2023-10-20,41.0696160000,39.4463883200,43.6706916800,39.4463883200,14169720,587128275.5200,9.64,-9.995500,-4.38,7.347800
2023-10-23,38.1751859200,39.8570844800,41.3629704000,38.1751859200,13582135,556166443.0100,8.08,1.041200,0.41,7.043100
2023-10-24,39.6517364000,41.7052172000,42.4190462400,39.3094896000,13684202,574028757.5700,7.80,4.636900,1.85,7.096000
2023-10-25,41.8518944000,44.1889511200,45.6166092000,40.5122426400,13700819,597811105.5700,12.24,5.955500,2.48,7.104700
2023-10-26,43.3186664000,43.3773372800,45.4699320000,42.8786348000,12018613,541225155.7600,5.86,-1.836700,-0.81,6.232300
2023-10-27,43.6706916800,40.4926856800,44.6387612000,39.1139200000,15205939,650699128.8400,12.74,-6.650100,-2.88,7.718100
2023-10-30,40.9718312000,40.5806920000,41.5683184800,40.1504388800,10660701,444482501.2900,3.50,0.217300,0.09,5.411100
2023-10-31,40.0917680000,40.7078122400,41.0207236000,39.1530339200,11167977,459968564.1100,4.60,0.313300,0.13,5.668600
2023-11-01,40.0917680000,41.3336349600,42.0474640000,39.5050592000,10173657,428724544.7500,6.25,1.537400,0.63,5.163900
2023-11-02,41.6172108800,40.6393628800,42.0474640000,40.6198059200,7953297,336058164.0100,3.45,-1.679700,-0.69,4.036900
2023-11-03,40.3460084800,41.6563248000,41.7443311200,39.8668629600,8092677,340478098.3500,4.62,2.502400,1.02,4.107600
2023-11-06,42.2234766400,44.6974320800,45.2743624000,41.2651856000,15246468,672483790.4100,9.62,7.300500,3.04,7.738700
2023-11-07,44.6974320800,45.1472421600,46.4184445600,43.8075904000,15178286,701241269.4500,5.84,1.006300,0.45,7.704100
2023-11-08,45.1570206400,43.8271473600,45.2156915200,43.3871157600,12033211,539722579.8000,4.05,-2.924000,-1.32,6.101700
2023-11-09,44.9810080000,41.6269893600,44.9810080000,40.3362300000,12926992,554899212.2000,10.60,-5.020100,-2.20,6.554900
2023-11-10,42.5363880000,39.9353123200,43.7586980000,38.9965782400,18138630,753390406.4700,11.44,-4.063900,-1.69,9.197600
2023-11-13,38.6249960000,37.2560088000,39.4072744000,36.8648696000,16537756,640238619.6100,6.37,-6.709100,-2.68,8.385900
2023-11-14,37.1582240000,37.5493632000,37.7351543200,36.1901544800,11691741,443389378.2600,4.15,0.787400,0.29,5.928600
2023-11-15,37.5982556000,39.2899326400,39.3486035200,36.3563886400,16673650,645555950.5200,7.97,4.635400,1.74,8.454800
2023-11-16,38.8987934400,37.9893948000,39.2703756800,37.8427176000,10237570,402441593.0000,3.63,-3.310100,-1.30,5.191200
2023-11-17,37.4026860000,38.7521162400,39.1628124000,37.2168948800,10132507,399692843.7300,5.12,2.007700,0.76,5.137900
2023-11-20,38.7423377600,38.3414200800,38.9085719200,37.9405024000,7954524,311698064.5600,2.50,-1.059800,-0.41,4.033500
2023-11-21,38.3218631200,37.3733505600,38.3218631200,37.3733505600,7009710,270525736.6900,2.47,-2.524900,-0.97,3.554400
2023-11-22,36.8746480800,35.0558508000,37.3146796800,35.0167368800,12927511,474036378.4500,6.15,-6.200900,-2.32,6.555200
2023-11-23,34.9189520800,36.3759456000,37.4515784000,34.7136040000,14651267,544336140.9400,7.81,3.765700,1.32,7.429300
2023-11-24,36.1803760000,36.2488253600,36.4248380000,35.1243001600,10012797,365279554.8700,3.58,-0.349500,-0.13,5.077200
2023-11-27,36.2879392800,36.4443949600,37.0017683200,35.1829710400,9539208,351096294.0100,5.02,0.539500,0.20,4.837100
2023-11-28,36.1999329600,37.4026860000,37.5493632000,36.1119266400,11101451,420430402.3200,3.94,2.629500,0.96,5.629200
2023-11-29,37.3929075200,35.7599013600,37.3929075200,35.7599013600,9096594,339305046.2400,4.37,-4.392200,-1.64,4.612600
2023-11-30,35.7696798400,35.3198697600,36.0043633600,34.8505027200,5462777,197035274.0200,3.23,-1.230500,-0.44,2.770000
2023-12-01,35.3198697600,34.6940470400,35.3198697600,34.5180344000,5356945,190872576.2700,2.27,-1.771900,-0.63,2.716400
2023-12-04,34.7038255200,34.8211672800,35.2807558400,34.5669268000,4460228,159227924.1700,2.06,0.366400,0.13,2.261700
2023-12-05,34.8505027200,33.3543952800,34.8505027200,33.3543952800,6642366,229664929.9900,4.30,-4.212300,-1.47,3.368200
2023-12-06,33.1392687200,32.6796801600,33.7944268800,32.5623384000,7377096,248856032.2100,3.69,-2.022900,-0.67,3.740700
2023-12-07,32.7579080000,32.1320852800,32.8068004000,32.1125283200,5128369,169758947.2700,2.12,-1.675600,-0.55,2.600500
2023-12-08,32.2592055200,31.6431612800,32.6014523200,31.6138258400,5277370,172122107.1000,3.07,-1.521600,-0.49,2.676000
2023-12-11,31.5160410400,34.1562306400,34.6647116000,31.3889208000,14635677,502453096.4800,10.35,7.941900,2.51,7.421400
2023-12-12,34.1562306400,34.8700596800,35.3003128000,33.7357560000,10826498,383920493.4100,4.58,2.089900,0.71,5.489800
2023-12-13,34.5180344000,33.8237623200,34.7136040000,33.5401864000,6322171,220031385.5400,3.37,-3.000600,-1.05,3.205800
2023-12-14,33.8628762400,33.9411040800,34.4006926400,33.4717370400,4331828,150199227.5200,2.75,0.346900,0.12,2.196600
2023-12-15,33.9411040800,33.3348383200,33.9997749600,33.1197117600,3437131,117374815.9100,2.59,-1.786200,-0.61,1.742900
2023-12-18,33.3152813600,32.8068004000,33.6184142400,32.7579080000,3006030,101800807.1200,2.58,-1.584000,-0.53,1.524300
2023-12-19,32.6992371200,33.1001548000,33.2468320000,32.5916738400,3071440,103365039.1700,2.00,0.894200,0.29,1.557400
2023-12-20,33.2272750400,32.1125283200,33.4032876800,32.0636359200,3361844,111808455.8400,4.05,-2.983800,-0.99,1.694300
2023-12-21,31.7898384800,31.8191739200,32.3863257600,31.4475916800,4115400,134065668.0000,2.92,-0.913500,-0.29,2.074000
2023-12-22,31.8876232800,31.4182562400,31.9854080800,31.2715790400,3322016,107239004.4500,2.24,-1.260000,-0.40,1.674200
2023-12-25,31.4182562400,32.9534776000,33.1294902400,31.2911360000,7203063,240460114.0800,5.85,4.886400,1.54,3.630100
2023-12-26,33.1686041600,31.8289524000,33.2077180800,31.5844904000,4663586,153001169.0300,4.93,-3.412500,-1.12,2.350300
2023-12-27,31.9756296000,31.5258195200,32.0440789600,31.1542372800,3737507,120356855.2900,2.80,-0.952400,-0.30,1.883600
2023-12-28,31.3204714400,32.0831928800,32.2005346400,30.8999968000,4350432,140745639.4000,4.13,1.768000,0.56,2.192500
2023-12-29,32.0734144000,32.5818953600,32.8165788800,31.8680663200,4490574,149337456.5000,2.96,1.554400,0.50,2.263100
2024-01-02,32.8165788800,32.3472118400,32.8556928000,31.9951865600,3701385,122467075.3000,2.64,-0.720300,-0.23,1.865400
2024-01-03,32.2885409600,31.4671486400,32.2885409600,31.1933512000,3370000,108982375.6300,3.39,-2.720700,-0.88,1.698400
2024-01-04,31.6431612800,31.1151233600,31.7800600000,31.0075600800,2495793,79782915.7700,2.45,-1.118700,-0.35,1.257800
2024-01-05,31.1151233600,30.6066424000,31.5258195200,30.4110728000,3371533,106302184.4500,3.58,-1.634200,-0.51,1.699100
2024-01-08,30.6261993600,29.1398704000,30.6555348000,29.1398704000,4612171,139894692.8100,4.95,-4.792300,-1.47,2.324400
2024-01-09,29.1985412800,29.5896804800,30.3132880000,29.1985412800,4949875,151222000.6900,3.83,1.543600,0.45,2.494600
2024-01-10,29.3354400000,28.6705033600,29.6581298400,28.6118324800,4373114,129465741.0900,3.54,-3.106400,-0.92,2.203900
2024-01-11,28.6020540000,29.1496488800,29.2572121600,28.3575920000,3616194,107030999.6500,3.14,1.671200,0.48,1.822400
2024-01-12,29.1594273600,29.1594273600,29.8634779200,28.9540792800,3410381,102639681.5800,3.12,0.033500,0.01,1.718700
2024-01-15,29.2083197600,28.3869274400,29.2083197600,28.1424654400,5149387,149482538.8800,3.66,-2.649200,-0.77,2.595100
2024-01-16,28.3673704800,28.0153452000,28.5336046400,27.6242060000,3734718,107127161.8400,3.20,-1.309000,-0.37,1.882200
2024-01-17,28.1620224000,26.8125921600,28.1718008800,26.8125921600,3976207,111295176.6100,4.85,-4.293200,-1.20,2.003900
2024-01-18,26.7050288800,26.7539212800,27.1743959200,26.0303137600,4895459,132380378.7100,4.27,-0.218800,-0.06,2.467100
2024-01-19,26.6756934400,26.3334466400,27.0863896000,26.3334466400,3485235,95011109.5000,2.81,-1.571600,-0.42,1.756400
2024-01-22,26.2649972800,24.6808835200,26.5974656000,24.4755354400,4386507,114601352.6000,8.06,-6.275500,-1.65,2.210700
2024-01-23,24.7591113600,24.9155670400,25.1306936000,24.4462000000,4994700,126717254.0000,2.77,0.950900,0.23,2.517200
2024-01-24,25.1111366400,25.1306936000,25.6000606400,24.2310734400,4513108,115283097.3100,5.49,0.863400,0.22,2.274500
2024-01-25,25.2284784000,25.4533834400,25.5218328000,24.7395544000,4921228,127119162.0100,3.11,1.284000,0.32,2.480100
2024-01-26,25.3849340800,24.6515480800,25.5022758400,24.4755354400,5103300,129899684.9000,4.03,-3.150200,-0.80,2.571900
2024-01-29,24.8373392000,24.0648392800,25.0720227200,23.9572760000,3867300,96555245.0000,4.52,-2.380000,-0.59,1.949000
2024-01-30,23.5368013600,23.3412317600,24.4364215200,23.2923393600,4898440,119216106.0000,4.75,-3.006900,-0.72,2.468600
2024-01-31,23.3901241600,22.3242698400,23.9474975200,22.3047128800,5696173,134330965.6100,7.04,-4.356900,-1.02,2.870700
2024-02-01,22.3047128800,21.7082256000,22.5589533600,21.6299977600,7848737,176720449.0000,4.16,-2.759500,-0.62,3.955500
2024-02-02,21.7180040800,20.4174662400,22.1384787200,19.8014220000,8110021,173444586.7100,10.77,-5.945900,-1.29,4.087200
2024-02-05,20.0458840000,18.4813272000,20.2414536000,18.3737639200,9458014,182597334.4900,9.15,-9.482800,-1.94,4.766500
2024-02-06,18.1879728000,19.3124980000,19.7036372000,16.9754412800,10773780,202859084.0400,14.76,4.497400,0.83,5.429600
2024-02-07,19.4493967200,19.5080676000,20.5739219200,18.5986689600,10619716,214931679.1600,10.23,1.012700,0.20,5.352000
2024-02-08,19.9480992000,21.4637636000,21.4637636000,19.1560423200,11622558,245119422.0000,11.83,10.025100,1.96,5.857400
2024-02-19,21.4637636000,23.4194596000,23.5465798400,21.3464218400,13386915,313264873.3200,10.25,9.111600,1.96,6.746600
2024-02-20,23.5661368000,22.7349660000,23.5661368000,22.4416116000,9032478,209791450.6300,4.80,-2.922800,-0.68,4.552100
2024-02-21,22.3731622400,24.1724025600,25.0133518400,22.3047128800,13385893,329778841.2400,11.91,6.322600,1.44,6.746000
2024-02-22,23.8594912000,24.4950924000,24.6222126400,23.4683520000,10174386,251947248.4400,4.77,1.335000,0.32,5.127500
2024-02-23,24.6026556800,25.5707252000,25.7760732800,24.2310734400,10884776,278786957.5200,6.31,4.391200,1.08,5.485600
2024-02-26,26.0694276800,25.9325289600,26.4703453600,25.2871492800,11445894,303257462.5300,4.63,1.414900,0.36,5.768300
2024-02-27,25.6978454400,27.1255035200,27.1646174400,25.4827188800,9092426,246982938.0300,6.49,4.600300,1.19,4.582300
2024-02-28,26.9886048000,24.5733202400,27.2526237600,24.4462000000,13644708,363098271.9800,10.35,-9.408800,-2.55,6.876500
2024-02-29,24.0550608000,25.8640796000,25.9031935200,24.0550608000,7742884,201434623.5500,7.52,5.252700,1.29,3.902200
2024-03-01,26.0498707200,26.1476555200,26.2845542400,25.4436049600,6664694,177107110.5300,3.25,1.096400,0.28,3.358800
2024-03-04,26.1574340000,25.6782884800,26.3334466400,24.9155670400,8057594,209506780.5100,5.42,-1.795100,-0.47,4.060800
2024-03-05,25.4044910400,25.4729404000,26.1574340000,24.7982252800,6331002,164512593.5500,5.29,-0.799700,-0.21,3.190600
2024-03-06,25.4924973600,25.6000606400,25.9618644000,25.2382568800,5865609,153619379.4900,2.84,0.499000,0.13,2.956100
2024-03-07,25.7956302400,26.0498707200,27.3112946400,25.7858517600,11229736,305200822.5800,5.96,1.757100,0.45,5.659400
2024-03-08,26.0303137600,25.9031935200,26.2356618400,25.5511682400,6486573,171214104.0500,2.63,-0.563100,-0.15,3.269000
2024-03-11,25.9911998400,26.4018960000,26.5779086400,25.6293960800,8191338,219434085.8500,3.66,1.925300,0.50,4.128200
2024-03-12,26.5485732000,29.0420856000,29.0420856000,26.4605668800,17940395,513206866.1800,9.78,10.000000,2.64,9.041400
2024-03-13,29.0616425600,30.4501867200,31.9462941600,28.6118324800,25885002,800917413.2500,11.48,4.848500,1.41,13.045200
2024-03-14,29.5310096000,29.7070222400,30.0688260000,29.2572121600,12348294,373888310.8200,2.67,-2.440600,-0.74,6.223100
2024-03-15,29.6581298400,30.6750917600,30.9097752800,29.3354400000,11719255,361938685.5300,5.30,3.258700,0.97,5.906100
2024-03-18,31.3889208000,31.9169587200,32.4938890400,30.6066424000,15081954,487732401.2800,6.15,4.048500,1.24,7.600800
2024-03-19,32.8850282400,32.1614207200,33.6770851200,31.9365156800,19136564,642601137.0700,5.45,0.765900,0.24,9.644200
2024-03-20,31.3400284000,31.4378132000,31.8387308800,30.9293322400,10743690,344542557.9200,2.83,-2.249900,-0.72,5.414500
2024-03-21,31.3400284000,31.9169587200,32.2885409600,30.8217689600,10178788,330445621.2100,4.67,1.524100,0.48,5.129800
2024-03-22,31.7800600000,31.0564524800,31.7800600000,30.6750917600,7969113,253333756.4000,3.46,-2.696100,-0.86,4.016200
2024-03-25,30.8511044000,29.8048070400,31.4671486400,29.7754716000,8380209,261729872.5800,5.45,-4.030200,-1.25,4.223300
2024-03-26,29.8048070400,29.9221488000,30.3132880000,29.4430032800,7279661,222769804.8000,2.92,0.393700,0.12,3.668700
2024-03-27,29.8439209600,28.2011363200,29.8439209600,28.2011363200,8187837,242164554.1600,5.49,-5.751600,-1.72,4.126400
2024-03-28,28.1131300000,28.9540792800,29.2767691200,27.8197756000,8439309,249306563.9900,5.17,2.669900,0.75,4.253100
2024-03-29,29.4332248000,29.6972437600,30.2741740800,29.2963260800,8028886,243702211.2400,3.38,2.566700,0.74,4.046300
2024-04-01,29.8536994400,30.7435411200,31.0564524800,29.8536994400,9178052,287274410.6000,4.05,3.523200,1.05,4.625400
2024-04-02,30.7435411200,30.5186360800,30.7630980800,30.0297120800,5944580,184554725.0400,2.39,-0.731600,-0.22,2.839900
2024-04-03,30.2350601600,29.6581298400,30.2350601600,29.1398704000,5108772,154926242.8500,3.59,-2.819600,-0.86,2.440600
2024-04-08,29.6874652800,30.4599652000,30.7044272000,29.6679083200,8878987,276197307.6600,3.49,2.703600,0.80,4.241800
2024-04-09,30.0590475200,30.5088576000,30.7044272000,29.8145855200,6266398,193741896.2600,2.92,0.160500,0.05,2.993700
2024-04-10,30.6066424000,29.2376552000,30.9097752800,28.7878451200,7130452,215674666.0900,6.96,-4.166700,-1.27,3.406500
2024-04-11,28.3771489600,29.1398704000,30.0786044800,28.2598072000,6279738,187649627.5200,6.22,-0.334400,-0.10,3.000000
2024-04-12,29.0029716800,28.5042692000,29.5310096000,28.3575920000,6483634,192055409.8900,4.03,-2.181200,-0.64,3.097500
2024-04-15,28.6509464000,27.4873072800,29.0225286400,26.8321491200,7965851,226228703.7100,7.68,-3.567800,-1.02,3.805600
2024-04-16,27.4188579200,24.7395544000,27.4188579200,24.7395544000,10327267,269620964.2200,9.75,-9.996400,-2.75,4.933700
2024-04-17,26.1183200800,27.2135098400,27.2135098400,26.0107568000,3669262,100954721.8300,4.86,10.000000,2.47,1.752900
2024-04-18,27.7122123200,28.0544591200,28.9247438400,27.7122123200,12126780,352011754.1600,4.46,3.090200,0.84,5.793400
2024-04-19,28.0349021600,27.4775288000,28.3967059200,27.2721807200,5735828,163040979.2400,4.01,-2.056500,-0.58,2.740200
2024-04-22,27.4775288000,28.1033515200,28.6020540000,26.8908200000,6684655,191346704.9100,6.23,2.277600,0.63,3.193500
2024-04-23,29.1398704000,28.8660729600,29.9221488000,28.1620224000,12610034,374892598.6700,6.26,2.714000,0.76,6.024200
2024-04-24,28.8367375200,28.8856299200,29.3354400000,28.7487312000,9084821,269691107.4100,2.03,0.067800,0.02,4.340100
2024-04-25,28.8269590400,28.0153452000,29.0616425600,27.8980034400,6834255,197436832.1900,4.03,-3.012900,-0.87,3.265000
2024-04-26,28.0446806400,28.4553768000,28.9931932000,27.9077819200,7347296,214578411.2300,3.87,1.570700,0.44,3.510100
2024-04-29,28.8171805600,29.3354400000,29.4821172000,28.5922755200,7581173,225837564.5400,3.13,3.092800,0.88,3.621800
2024-04-30,29.3354400000,28.5336046400,29.3647754400,28.4651552800,6487382,190678187.2300,3.07,-2.733300,-0.80,3.099200
2024-05-06,28.8954084000,29.8145855200,30.0981614400,28.8954084000,10146820,307891208.1000,4.22,4.489400,1.28,4.847500
2024-05-07,29.7265792000,29.4038893600,29.8732564000,29.0616425600,6987576,210143085.7500,2.72,-1.377500,-0.41,3.338200
2024-05-08,29.2865476000,28.4260413600,29.2865476000,28.3184780800,4942505,145025822.0700,3.29,-3.325600,-0.98,2.361200
2024-05-09,28.1620224000,28.7585096800,29.1789843200,28.0740160800,4761441,140253966.6300,3.89,1.169600,0.33,2.274700
2024-05-10,28.7976236000,28.1913578400,28.8269590400,27.9273388800,3924841,113116988.8200,3.13,-1.972100,-0.57,1.875000
2024-05-13,27.9664528000,26.7832567200,27.9762312800,26.6072440800,8696622,241506575.7000,4.86,-4.994800,-1.41,4.154700
2024-05-14,26.6952504000,27.3015161600,27.4579718400,26.6952504000,4875459,135364848.7600,2.85,1.935000,0.52,2.329200
2024-05-15,27.1157250400,26.9299339200,27.6730984000,26.8419276000,3299765,91709307.7000,3.04,-1.361000,-0.37,1.576400
2024-05-16,26.8908200000,26.7539212800,27.3797440000,26.6170225600,3585443,98929768.3800,2.83,-0.653600,-0.18,1.712900
2024-05-17,26.7539212800,26.8517060800,26.9886048000,26.3921175200,3372417,91824266.4000,2.23,0.365500,0.10,1.611100
2024-05-20,26.8517060800,26.7636997600,27.0374972000,26.5779086400,3495968,95741492.8000,1.71,-0.327700,-0.09,1.670100
2024-05-21,26.7441428000,26.2845542400,26.7441428000,26.0107568000,4232810,113546524.6400,2.74,-1.790300,-0.48,2.022200
2024-05-22,26.1672124800,26.1574340000,26.6952504000,26.1085416000,3856800,103569792.0000,2.23,-0.483600,-0.13,1.842500
2024-05-23,26.0107568000,25.4533834400,26.1085416000,25.4142695200,4383154,114872974.9700,2.65,-2.691600,-0.70,2.094000
2024-05-24,25.4142695200,25.1600290400,25.6196176000,25.1600290400,3051454,79114137.6900,1.81,-1.152500,-0.29,1.457800
2024-05-27,25.1795860000,25.3067062400,25.3751556000,24.4462000000,4053928,102978069.8400,3.69,0.583000,0.15,1.936700
2024-05-28,25.3360416800,24.8862316000,25.3360416800,24.8373392000,2544353,65230388.3400,1.97,-1.661500,-0.42,1.215500
2024-05-29,25.0035733600,25.6000606400,25.9129720000,24.8080037600,5872092,152758445.5100,4.44,2.868400,0.71,2.805300
2024-05-30,25.4240480000,25.6587315200,25.8934150400,25.3262632000,4754751,124550618.6200,2.22,0.229200,0.06,2.271500
2024-05-31,25.6685100000,26.0694276800,26.0987631200,25.6196176000,4348817,115433422.5300,1.87,1.600600,0.41,2.077600
2024-06-03,26.4018960000,26.6854719200,26.8810415200,26.2356618400,8893372,241510747.2400,2.48,2.363100,0.62,4.248700
2024-06-04,26.3921175200,26.7441428000,26.8908200000,25.9618644000,7196586,194754182.6000,3.48,0.219900,0.06,3.438100
2024-06-05,26.4801238400,26.6072440800,27.1646174400,26.4214529600,6155746,168926286.5700,2.78,-0.511900,-0.14,2.940800
2024-06-06,26.6170225600,26.4214529600,26.8712630400,26.0205352800,9604406,259097499.9900,3.20,-0.698300,-0.19,4.588400
2024-06-07,26.4801238400,26.3334466400,26.5779086400,25.8640796000,5065093,136129253.3700,2.70,-0.333100,-0.09,2.419800
2024-06-11,26.2161048800,28.0055667200,28.4455983200,25.6000606400,10074505,280164221.5700,10.81,6.349800,1.67,4.812900
2024-06-12,27.8491110400,29.9514842400,30.6164208800,27.7513262400,20118258,604624061.7100,10.23,6.948300,1.95,9.611200
2024-06-13,29.5114526400,30.6164208800,30.9782246400,29.4918956800,14600772,453494909.1500,4.96,2.220000,0.66,6.975300
2024-06-14,30.1622594000,30.6065480000,30.6756595600,29.9351785600,8687554,266899584.4600,2.42,-0.032200,-0.01,4.150300
2024-06-17,30.3695940800,31.2384251200,31.5346175200,30.1227670800,9136711,287221575.4500,4.61,2.064500,0.63,4.364900
2024-06-18,31.1495674000,31.9394138000,32.2158600400,30.9126134800,6495478,208778367.9800,4.17,2.244000,0.70,3.103100
2024-06-19,31.9887792000,31.7419522000,32.3047177600,31.6037290800,5413827,174826223.8000,2.19,-0.618200,-0.20,2.586400
2024-06-20,31.3865213200,31.5049982800,31.8900484000,30.9126134800,7939816,252720324.3100,3.08,-0.746500,-0.24,3.793100
2024-06-21,31.0113442800,31.6827137200,32.0875100000,30.6559134000,6764724,215272888.7000,4.54,0.564100,0.18,3.231700
2024-06-24,31.4358867200,30.9915981200,31.9789061200,30.8237557600,4744336,151480355.3000,3.65,-2.181400,-0.69,2.266500
2024-06-25,30.9915981200,30.9817250400,31.7419522000,30.7052788000,4184944,132310511.6400,3.35,-0.031900,-0.01,1.999300
2024-06-26,30.5078172000,31.1396943200,31.4358867200,30.3597210000,4058187,127454167.3500,3.47,0.509900,0.16,1.938700
2024-06-27,31.0804558400,30.9915981200,31.4655059600,30.8336288400,3353329,105700700.4900,2.03,-0.475600,-0.15,1.602000
2024-06-28,30.9323596400,31.5642367600,31.8209368400,30.8237557600,4193125,133650887.5000,3.22,1.847700,0.57,2.003200
2024-07-01,31.3963944000,32.2750985200,32.4528139600,30.8435019200,4982144,160184699.1000,5.10,2.252100,0.71,2.380100
2024-07-02,32.2948446800,31.8703022400,32.5614178400,31.6234752400,5059368,164041949.6200,2.91,-1.254200,-0.40,2.417000
2024-07-03,31.7913176000,32.6502755600,33.0748180000,31.7913176000,7747234,256078043.9100,4.03,2.447300,0.78,3.701100
2024-07-04,32.3442100800,32.4231947200,33.0945641600,32.2849716000,5059268,167038126.5900,2.48,-0.695500,-0.23,2.417000
2024-07-05,32.1368754000,32.2158600400,32.4725601200,31.4753790400,4800439,155304125.1800,3.08,-0.639500,-0.21,2.293300
2024-07-08,32.2652254400,31.8406830000,32.6206563200,31.6136021600,3065777,100096907.8600,3.13,-1.164600,-0.38,1.464600
2024-07-09,31.6925868000,32.5811640000,32.5811640000,31.1002020000,4496640,145931205.7600,4.65,2.325600,0.74,2.148200
2024-07-10,32.5811640000,34.0621260000,34.4373030400,32.1467484800,8838723,297823129.9900,7.03,4.545500,1.48,4.222600
2024-07-11,34.1114914000,34.2892068400,34.5557800000,33.0353256800,9132437,314787398.3800,4.46,0.666700,0.23,4.362900
2024-07-12,33.9041567200,32.8576102400,34.1509837200,32.1763677200,9453897,316148661.1400,5.76,-4.175100,-1.43,4.516500
2024-07-15,32.3837024000,32.3244639200,33.3611373200,32.1171292400,4386385,144517331.3400,3.79,-1.622600,-0.53,2.095500
2024-07-16,32.1862408000,31.6925868000,32.5317986000,31.3569020800,5266131,169865817.8200,3.63,-1.954800,-0.63,2.515800
2024-07-17,31.4951252000,31.1002020000,31.8209368400,31.1002020000,3629094,115247869.8000,2.27,-1.869200,-0.59,1.733700
2024-07-18,30.6559134000,31.2088058800,31.6432214000,30.4683248800,3996683,125708005.5200,3.78,0.349200,0.11,1.909400
2024-07-19,32.0677638400,31.2186789600,32.1763677200,31.0607096800,4414897,140595898.6700,3.57,0.031600,0.01,2.109100
2024-07-22,30.7546442000,30.1721324800,31.3963944000,30.0931478400,5693264,176167639.6600,4.17,-3.352300,-1.05,2.719900
2024-07-23,30.1721324800,29.4513976400,30.3597210000,29.3427937600,4085948,123146825.2900,3.37,-2.388700,-0.72,1.952000
2024-07-24,29.3033014400,28.4443434800,29.4119053200,28.4147242400,4500787,130980740.6400,3.39,-3.419400,-1.01,2.150200
2024-07-25,27.8420856000,27.5064008800,28.4344704000,27.3780508400,4594470,128818492.1400,3.71,-3.297500,-0.94,2.194900
2024-07-26,27.9309433200,28.1382780000,29.2638091200,27.6643701600,4801163,137707527.1100,5.81,2.297200,0.63,2.293700
2024-07-29,28.3258665200,27.6446240000,28.3851050000,27.4570354800,2785499,78569213.7300,3.30,-1.754400,-0.49,1.330700
2024-07-30,27.5458932000,28.2172626400,28.2765011200,27.0522392000,3584105,100893808.1000,4.43,2.071400,0.57,1.712300
2024-07-31,28.2567549600,29.6784784800,29.8068285200,27.8519586800,6092269,179213524.2100,6.93,5.178400,1.46,2.910500
2024-08-01,29.5402553600,29.2045706400,29.9647978000,29.1552052400,3703738,110393234.2000,2.73,-1.596800,-0.47,1.769400
2024-08-02,28.9281244000,28.4245973200,29.2539360400,28.2567549600,2939622,85713983.2500,3.41,-2.670700,-0.78,1.404400
2024-08-05,28.1382780000,26.9337622400,28.4739627200,26.9337622400,3584151,99938057.3400,5.42,-5.244900,-1.49,1.712300
2024-08-06,27.2003354000,27.5458932000,27.7927202000,27.2003354000,2536633,70493283.5200,2.20,2.272700,0.61,1.211800
2024-08-07,27.2891931200,27.6446240000,28.0000548800,27.2891931200,1987100,55799381.0000,2.58,0.358400,0.10,0.949300
2024-08-08,27.5064008800,27.1410969200,27.5656393600,26.7461737200,2166095,59477210.9100,2.96,-1.821400,-0.50,1.034800
2024-08-09,27.3484316000,27.0719853600,27.7236086400,27.0522392000,1397900,38615991.0000,2.47,-0.254600,-0.07,0.667800
2024-08-12,27.0127468800,27.0423661200,27.4372893200,26.7560468000,1587915,43592735.7500,2.52,-0.109400,-0.03,0.758600
2024-08-13,27.0522392000,27.3681777600,27.4372893200,26.9436353200,1488215,40931952.1000,1.83,1.204800,0.33,0.711000
2024-08-14,27.4669085600,27.0917315200,27.4767816400,27.0522392000,1175765,32355067.1000,1.55,-1.010100,-0.28,0.561700
2024-08-15,26.9535084000,27.0423661200,27.6051316800,26.7560468000,2076317,57070068.6300,3.13,-0.182200,-0.05,0.991900
2024-08-16,26.9535084000,27.3188123600,28.0000548800,26.9535084000,3654917,102126185.8100,3.87,1.022300,0.28,1.746100
2024-08-19,27.4570354800,27.2003354000,27.9111971600,26.8843968400,3480785,96136670.4400,3.76,-0.433700,-0.12,1.662900
2024-08-20,27.2299546400,26.3413774400,27.3286854400,26.0748042800,5013138,134637551.8600,4.61,-3.157900,-0.86,2.394900
2024-08-21,26.4894736400,27.8124663600,27.8717048400,26.3808697600,7570734,206978512.7400,5.66,5.584700,1.47,3.616800
2024-08-22,27.6544970800,26.8547776000,27.9013240800,26.5585852000,4555758,124716642.3000,4.83,-3.443400,-0.96,2.176400
2024-08-23,26.6573160000,27.5755124400,28.0099279600,26.5882044400,5081713,140982288.7800,5.29,2.683800,0.72,2.427700
2024-08-26,27.4669085600,27.9111971600,28.1382780000,27.1509700000,4820003,135350258.7900,3.58,1.217300,0.34,2.302700
2024-08-27,27.5557662800,26.6573160000,27.6446240000,26.5388390400,4018258,109645900.1400,3.96,-4.492400,-1.25,1.919700
2024-08-28,26.4598544000,25.9760734800,26.7363006400,25.7687388000,3525670,93458877.0200,3.63,-2.555600,-0.68,1.684300
2024-08-29,26.0155658000,26.8350314400,27.1312238400,25.7687388000,3647204,98469441.9600,5.25,3.306700,0.86,1.742400
2024-08-30,26.8843968400,27.1410969200,27.6939894000,26.6079506000,4093359,113344770.6200,4.05,1.140500,0.31,1.955500
2024-09-02,27.2003354000,26.3018851200,27.4669085600,26.2623928000,3254700,88529831.6000,4.44,-3.092000,-0.84,1.554900
2024-09-03,26.3315043600,26.6968083200,26.7955391200,26.2229004800,2520600,67762389.0000,2.18,1.501500,0.39,1.204200
2024-09-04,26.5783313600,27.0127468800,27.5064008800,26.3117582000,2912229,79645962.5700,4.47,1.183400,0.32,1.391300
2024-09-05,27.0127468800,27.7631009600,28.1185318400,27.0127468800,4112554,115630049.4000,4.09,2.777800,0.75,1.964700
2024-09-06,27.7631009600,27.3583046800,28.3061203600,27.3484316000,3546995,99712071.2100,3.45,-1.458000,-0.40,1.694500
2024-09-09,27.2891931200,26.9831276400,27.2891931200,26.5980775200,2315100,62968064.0000,2.53,-1.371300,-0.38,1.106000
2024-09-10,27.0324930400,27.0324930400,27.2299546400,26.5684582800,1995790,54432373.9500,2.45,0.182900,0.05,0.953500
2024-09-11,26.9535084000,26.7165544800,27.2003354000,26.5684582800,2073000,56278924.0000,2.34,-1.168700,-0.32,0.990300
2024-09-12,26.9535084000,26.3611236000,27.2497008000,26.3216312800,2245858,60802242.1600,3.47,-1.330400,-0.36,1.072900
2024-09-13,26.2920120400,25.8674696000,26.4499813200,25.7983580400,2180400,57496652.0000,2.47,-1.872700,-0.49,1.041700
2024-09-18,25.8773426800,26.0748042800,26.2229004800,25.4330540800,2128918,55629128.0800,3.05,0.801500,0.21,1.017100
2024-09-19,26.0748042800,27.0818584400,27.6051316800,26.0155658000,4229475,115174687.1400,6.10,3.862200,1.01,2.020600
2024-09-20,27.4372893200,28.8787590000,29.0071090400,27.3583046800,10436753,300583246.7500,6.09,6.635100,1.80,4.986000
2024-09-23,28.9577436400,29.1946975600,29.5698746000,28.5825666000,5546136,163308654.8600,3.42,1.094000,0.32,2.649600
2024-09-24,29.0367282800,29.7673362000,29.8956862400,28.4937088800,6185799,183776126.6500,4.80,1.961400,0.57,2.955200
2024-09-25,29.6093669200,29.3230476000,31.2482982000,29.3131745200,6965513,209304181.1300,6.50,-1.492500,-0.44,3.327700
2024-09-26,29.3329206800,29.7179708000,29.8167016000,29.0268552000,5168038,154346273.2800,2.69,1.346800,0.39,2.468900
2024-09-27,30.1425132400,30.7052788000,31.4951252000,30.0931478400,7825424,242655008.2500,4.72,3.322300,0.99,3.738500
2024-09-30,31.6925868000,32.9662141200,33.2821526800,30.9817250400,9590483,313835978.4500,7.49,7.363300,2.26,4.581700
2024-10-08,36.2342036000,34.5557800000,36.2342036000,32.0973830800,13120951,456848357.3600,12.55,4.821800,1.59,6.268300
2024-10-09,33.5191066000,32.1072561600,34.0226336800,31.8308099200,9133300,306368789.4500,6.34,-7.085700,-2.45,4.363300
2024-10-10,32.4626870400,32.8181179200,33.7659336000,32.2158600400,8959981,299142897.5700,4.83,2.214000,0.71,4.280500
2024-10-11,32.5811640000,32.2356062000,33.2327872800,31.5938560000,5987062,197172539.1400,4.99,-1.775000,-0.58,2.860200
2024-10-14,32.2356062000,33.1932949600,33.1932949600,31.7320791200,6068619,200602584.8500,4.53,2.970900,0.96,2.899200
2024-10-15,33.0155795200,32.4231947200,33.6178374000,32.3047177600,5224767,174653738.0500,3.96,-2.320000,-0.77,2.496100
2024-10-16,32.0875100000,32.2750985200,32.8378640800,31.7024598800,6513302,211713008.2600,3.50,-0.456800,-0.15,3.111600
2024-10-17,32.4034485600,31.0113442800,32.6996409600,30.8435019200,9616084,307801124.9400,5.75,-3.915600,-1.26,4.593900
2024-10-18,30.7842634400,31.3963944000,32.0381446000,30.1128940000,12103877,379951347.6600,6.21,1.241600,0.39,5.782400
2024-10-21,31.5839829200,31.7913176000,32.8279910000,30.9323596400,9200561,298425500.1800,6.04,1.257900,0.39,4.395400
2024-10-22,31.8011906800,31.9986522800,32.4626870400,31.5346175200,6630221,214929099.3800,2.92,0.652200,0.21,3.167500
2024-10-23,31.9887792000,31.2285520400,32.0875100000,31.1002020000,10084834,321643719.8900,3.09,-2.406700,-0.77,4.817900
2024-10-24,30.9224865600,30.8435019200,31.4852521200,30.7052788000,5318646,167163022.2200,2.50,-1.233000,-0.39,2.540900
2024-10-25,30.8237557600,31.0705827600,31.0903289200,30.6361672400,5448212,170350469.3200,1.47,0.736200,0.23,2.602800
2024-10-28,31.0705827600,30.8829942400,31.1199481600,30.2116248000,6786828,210735585.2800,2.92,-0.603700,-0.19,3.242300
2024-10-29,31.0409635200,30.2609902000,31.2186789600,30.2116248000,6507654,202334263.7000,3.26,-2.014100,-0.62,3.108900
2024-10-30,30.2609902000,30.3794671600,30.6361672400,29.8660670000,5978854,182907447.3900,2.54,0.391500,0.12,2.856300
2024-10-31,30.4683248800,31.7024598800,31.7222060400,29.8759400800,12594479,395222192.3900,6.08,4.354900,1.32,6.016800
2024-11-01,31.5346175200,29.9154324000,31.5346175200,29.7673362000,10116306,312559411.0900,5.57,-5.636900,-1.79,4.832900
2024-11-04,29.9647978000,30.8336288400,31.1890597200,29.9647978000,6905142,215119919.2700,4.09,3.069300,0.92,3.298800
2024-11-05,30.7151518800,31.2976636000,31.4852521200,30.2214978800,7907911,248591965.9700,4.10,1.505000,0.46,3.777900
2024-11-06,31.2976636000,30.8435019200,32.0381446000,30.6855326400,7874039,249012565.6400,4.32,-1.451100,-0.45,3.761700
2024-11-07,30.4880710400,32.2553523600,32.2553523600,30.4288325600,11765351,375665687.7700,5.92,4.577500,1.41,5.620700
2024-11-08,33.3117719200,33.0057064400,33.9633952000,32.2849716000,13623365,455971876.0400,5.20,2.326300,0.75,6.508400
2024-11-11,32.5811640000,35.1777840400,35.1975302000,32.3837024000,16812185,581543572.4600,8.53,6.580900,2.17,8.031800
2024-11-12,34.9013378000,34.2990799200,35.4246110400,33.8646644000,9626852,338300226.9800,4.43,-2.497900,-0.88,4.599100
2024-11-13,34.2299683600,34.0522529200,34.9309570400,33.4796142800,7117006,246312732.0100,4.23,-0.719600,-0.25,3.400000
2024-11-14,34.2497145200,32.5614178400,34.2595876000,32.4824332000,4683030,157432316.5500,5.22,-4.378100,-1.49,2.237200
2024-11-15,32.4034485600,31.9196676400,32.8674833200,31.8406830000,5443548,178269330.4400,3.15,-1.970900,-0.64,2.600600
2024-11-18,32.0183984400,31.6136021600,32.5120524400,31.0212173600,3833638,123159452.2400,4.67,-0.958900,-0.31,1.831500
2024-11-19,31.5839829200,33.2426603600,33.2426603600,31.5642367600,7620975,252243854.2400,5.31,5.153000,1.63,3.640800
2024-11-20,33.2426603600,33.7659336000,34.1608568000,32.8378640800,6791254,231438963.8000,3.98,1.574100,0.52,3.244400
2024-11-21,33.5684720000,33.1834218800,33.7856797600,32.7687525200,3561018,120080729.6500,3.01,-1.725100,-0.58,1.701200
2024-11-22,33.1636757200,33.1439295600,34.5459069200,33.0155795200,8177889,281601303.6800,4.61,-0.119000,-0.04,3.906900
2024-11-25,33.1241834000,32.1961138800,33.6375835600,31.5938560000,6060412,198142382.6200,6.17,-2.859700,-0.95,2.895300
2024-11-26,31.9887792000,31.2877905200,32.1862408000,31.1890597200,3208506,102521335.0700,3.10,-2.821200,-0.91,1.532800
2024-11-27,30.9224865600,31.8209368400,31.8209368400,30.6361672400,3396865,107332857.5600,3.79,1.704000,0.53,1.622800
2024-11-28,31.9591599600,31.4655059600,32.0875100000,31.3963944000,2337666,75085501.1200,2.17,-1.117000,-0.36,1.116800
2024-11-29,31.4753790400,32.1171292400,32.4725601200,31.1989328000,3974376,128938692.6300,4.05,2.070900,0.65,1.898700
2024-12-02,33.5684720000,33.9436490400,34.2102222000,32.7588794400,6896326,234898155.9000,4.52,5.687100,1.83,3.294600
2024-12-03,34.0621260000,34.2892068400,35.1481648000,33.4203758000,8613195,298625899.9000,5.09,1.018000,0.35,4.114800
2024-12-04,34.2200952800,33.5783450800,34.4373030400,33.4499950400,4438597,152457899.4300,2.88,-2.073100,-0.71,2.120500
2024-12-05,33.6474566400,34.4274299600,35.2370225200,33.5684720000,8294674,290589238.5800,4.97,2.528700,0.85,3.962700
2024-12-06,34.8026070000,34.7729877600,35.1481648000,33.9732682800,6136618,215234639.9200,3.41,1.003700,0.35,2.931700
2024-12-09,34.7729877600,37.5177040000,38.2186926800,34.5755261600,14377813,537571380.8200,10.48,7.893200,2.74,6.868800
2024-12-10,37.6065617200,40.4500087600,41.2694744000,37.0931615600,22103405,881931209.6700,11.13,7.815800,2.93,10.559600
2024-12-11,39.6897816000,38.4260273600,39.9366086000,37.9521195200,14108310,551473363.2800,4.91,-5.003700,-2.02,6.740000
2024-12-12,38.6926005200,38.7518390000,39.0973968000,37.7151656000,8212125,319661577.0300,3.60,0.847900,0.33,3.923200
2024-12-13,38.2186926800,37.6559271200,38.9887929200,37.3498616400,6753160,260849577.2700,4.23,-2.828000,-1.10,3.226200
2024-12-16,37.7941502400,38.1100888000,39.1961276000,37.5966886400,7306146,283709583.3000,4.25,1.206100,0.45,3.490400
2024-12-17,37.6855463600,37.7645310000,38.0607234000,36.4119190400,8043186,303388816.4100,4.33,-0.906700,-0.35,3.842500
2024-12-18,37.8040233200,38.6037428000,39.1862545200,37.8040233200,10119237,396589000.8600,3.66,2.222200,0.84,4.834300
2024-12-19,38.1495811200,38.3766619600,38.8604428800,37.4683386000,7010134,271385167.0800,3.61,-0.588200,-0.23,3.349000
2024-12-20,38.1693272800,37.4979578400,38.5642504800,37.3498616400,6244295,238749893.6800,3.16,-2.289700,-0.88,2.983100
2024-12-23,37.3992270400,36.3625536400,38.0607234000,36.0861074000,9469924,351617352.2800,5.27,-3.027900,-1.14,4.524100
2024-12-24,36.3625536400,36.4415382800,36.8759538000,36.0169958400,4804048,176906348.1700,2.36,0.217200,0.08,2.295100
2024-12-25,36.6587460400,35.4443572000,36.6587460400,35.3554994800,4465843,161635236.7100,3.58,-2.736400,-1.00,2.133500
2024-12-26,35.4443572000,36.0071227600,36.4810306000,35.4443572000,6084452,222434812.3300,2.92,1.587700,0.56,2.906800
2024-12-27,36.2342036000,35.5825803200,36.2539497600,35.3949918000,4038155,146646068.2600,2.39,-1.179100,-0.42,1.929200
2024-12-30,35.3456264000,35.1086724800,35.7899150000,34.8519724000,3753456,134313622.5500,2.64,-1.331900,-0.47,1.793200
2024-12-31,35.1481648000,34.2102222000,35.3554994800,34.1608568000,3726728,130383100.0200,3.40,-2.559100,-0.90,1.780400
2025-01-02,34.1608568000,33.4697412000,34.6248915600,33.1735488000,5625936,193042876.1600,4.24,-2.164500,-0.74,2.687700
2025-01-03,33.4697412000,32.5120524400,33.6968220400,32.4330678000,3698117,123782167.9500,3.78,-2.861400,-0.96,1.766700
2025-01-06,32.4429408800,32.0183984400,32.7292602000,31.6728406400,3881784,126459681.8200,3.25,-1.518400,-0.49,1.854500
2025-01-07,32.0381446000,32.9958333600,33.0155795200,31.8406830000,4515589,148034115.7000,3.67,3.052700,0.98,2.157300
2025-01-08,32.9958333600,33.8547913200,34.5360338400,32.1862408000,6651499,224662881.3200,7.12,2.603200,0.86,3.177600
2025-01-09,33.5191066000,34.7828608400,35.0987994000,33.3216450000,8459196,295294246.3900,5.25,2.741300,0.93,4.041200
2025-01-10,34.7532416000,35.5628341600,36.2638228400,34.4076838000,9591039,345843997.1300,5.34,2.242400,0.78,4.582000
2025-01-13,35.4246110400,35.3554994800,36.6488729600,34.5360338400,6884885,247077861.4700,5.94,-0.583000,-0.21,3.289100
2025-01-14,35.4641033600,37.5571963200,38.0804695600,35.4641033600,9278432,350042335.5600,7.40,6.227300,2.20,4.432600
2025-01-15,38.6728543600,37.7744040800,39.0875237200,37.4584655200,10400686,402487885.9000,4.34,0.578300,0.22,4.968800
2025-01-16,37.7842771600,37.5078309200,38.0607234000,36.4316652000,7032946,265952482.7600,4.31,-0.705700,-0.27,3.359900
2025-01-17,37.5177040000,37.6164348000,38.4062812000,37.0734154000,5764149,220038719.0100,3.55,0.289500,0.11,2.753700
2025-01-20,37.9126272000,37.6164348000,38.4062812000,37.3202424000,5020958,191749780.8000,2.89,0.000000,0.00,2.398700
2025-01-21,37.6164348000,38.1397080400,38.2581850000,37.1227808000,5318758,203333633.5400,3.02,1.391100,0.52,2.541000
2025-01-22,38.5050120000,37.5177040000,38.5050120000,37.3498616400,4209916,160986726.0500,3.03,-1.630900,-0.62,2.011200
2025-01-23,37.6658002000,36.4020459600,37.9619926000,36.3131882400,7491960,280343998.6800,4.39,-2.973700,-1.12,3.579200
2025-01-24,36.3526805600,37.4782116800,37.9126272000,36.0564881600,6270424,236264696.8800,5.10,2.956300,1.08,2.995600
2025-01-27,37.6460540400,37.1326538800,37.8632618000,36.7772230000,4410794,166358352.3800,2.90,-0.922000,-0.35,2.107200
2025-02-05,37.2215116000,38.3272965600,38.8012044000,37.0832884800,8043691,311428017.7000,4.63,3.217200,1.19,3.842700
2025-02-06,37.9619926000,39.1665083600,39.4034622800,37.9619926000,8474938,333913257.7100,3.76,2.189600,0.84,4.048800
2025-02-07,39.1961276000,38.8406967200,39.9662278400,38.1792003600,12176583,482258245.0200,4.56,-0.831900,-0.33,5.817200
2025-02-10,38.5839966400,38.4359004400,38.9394275200,37.9225002800,6200063,240646987.9300,2.62,-1.042200,-0.40,2.962000
2025-02-11,38.4359004400,38.5050120000,38.7715851600,38.1002157200,3863459,150422172.9100,1.75,0.179800,0.07,1.845700
2025-02-12,38.2680580800,38.8308236400,38.9789198400,37.8336425600,4703403,183701740.2700,2.97,0.846200,0.33,2.247000
2025-02-13,39.0973968000,39.4133353600,41.7137630000,39.0973968000,12056502,494930228.1100,6.74,1.500100,0.58,5.759800
2025-02-14,39.0973968000,39.4429546000,40.4697549200,38.8703159600,7853223,314999949.9000,4.06,0.075200,0.03,3.751800
2025-02-17,39.3837161200,40.8646781200,40.9732820000,39.0282852400,9617708,391921556.5000,4.93,3.604500,1.42,4.594700
2025-02-18,40.9732820000,42.1777977600,43.5402828000,40.3414048800,13609223,584554891.8200,7.83,3.213300,1.31,6.501600
2025-02-19,42.6319594400,43.4612981600,43.8167290400,42.1876708400,9662992,423794359.6700,3.86,3.043100,1.28,4.616300
2025-02-20,43.4711712400,43.3428212000,43.7278713200,42.5924671200,7397800,323635019.6600,2.61,-0.272600,-0.12,3.534200
2025-02-21,43.3230750400,43.7278713200,44.8731486000,43.2440904000,9261043,413078193.7900,3.76,0.888400,0.39,4.424300
2025-02-24,43.5007904800,45.9295681600,46.6404299200,43.3033288800,12061031,556646983.9800,7.63,5.035000,2.20,5.762000
2025-02-25,45.3174372000,44.8336562800,45.5247718800,43.9352060000,7881103,356490994.7500,3.46,-2.386100,-1.10,3.765100
2025-02-26,44.9225140000,47.6869764000,49.3160346000,44.0734291200,18737319,902287186.7600,11.69,6.364200,2.85,8.951500
2025-02-27,47.8943110800,45.8110912000,48.0818996000,45.3964218400,12531890,592305357.7800,5.63,-3.933700,-1.88,5.986900
2025-02-28,46.0085528000,42.7899287200,46.6799222400,42.4542440000,14201643,630266428.2000,9.22,-6.594800,-3.02,6.784600
2025-03-03,42.6714517600,42.1284323600,43.2934558000,41.6347783600,8294916,355941608.4700,3.88,-1.545900,-0.66,3.962800
2025-03-04,41.5755398800,43.5402828000,44.3005099600,41.4866821600,10212676,449583819.2800,6.68,3.351300,1.41,4.878900
2025-03-05,43.6390136000,45.2187064000,45.3174372000,43.4514250800,7843945,354148434.2100,4.29,3.854900,1.68,3.747300
2025-03-06,45.1002294400,44.9225140000,46.1566490000,44.5374638800,8865800,407048654.6600,3.58,-0.655000,-0.30,4.235500
2025-03-07,44.9027678400,46.5713183600,47.9732957200,44.8534024400,12098936,571053400.6400,6.95,3.670300,1.65,5.780100
2025-03-10,47.3907840000,47.4500224800,48.2201227200,46.3639836800,10639387,510416345.2400,3.99,1.886800,0.88,5.082800
2025-03-11,46.2257605600,47.6869764000,48.5558074400,46.0085528000,10387587,495327520.8600,5.37,0.499400,0.24,4.962500
2025-03-12,47.3710378400,47.3512916800,48.2596150400,46.6897953200,9395486,450994237.5500,3.29,-0.703900,-0.34,4.488500
2025-03-13,47.1933224000,42.9478980000,47.2525608800,42.6418325200,17764120,793190828.8400,9.74,-9.299400,-4.40,8.486500
2025-03-14,43.1947250000,45.4754064800,45.6728680800,42.7504364000,12377707,560146503.8100,6.80,5.885100,2.53,5.913300
2025-03-17,46.0085528000,46.3738567600,47.8745649200,45.0212448000,12836853,604790831.5300,6.27,1.975700,0.90,6.132600
2025-03-18,46.6009376000,46.2849990400,46.6404299200,44.8237832000,10762803,498773519.7400,3.92,-0.191600,-0.09,5.141800
2025-03-19,45.7222334800,45.3470564400,46.0480451200,43.9154598400,10664000,486264100.0000,4.61,-2.026500,-0.94,5.094600
2025-03-20,44.9620063200,45.5148988000,46.6996684000,44.3498753600,9012709,415928204.4100,5.18,0.370100,0.17,4.305700
2025-03-21,45.1002294400,42.9775172400,45.2779448800,42.7701825600,9976131,440813163.7300,5.51,-5.574800,-2.54,4.765900
2025-03-24,43.2243442400,42.8491672000,43.9154598400,42.0593208000,6431080,279067888.1200,4.32,-0.298600,-0.13,3.072300
2025-03-25,42.5233555600,40.8844242800,43.8266021200,40.6968357600,8974375,378771543.2000,7.30,-4.585300,-1.96,4.287400
2025-03-26,40.8942973600,41.1707436000,42.1876708400,40.6968357600,5802722,243699966.4600,3.65,0.700300,0.29,2.772200
2025-03-27,41.1411243600,40.6869626800,41.5557937200,40.4796280000,4143992,171841986.3000,2.61,-1.175100,-0.48,1.979700
2025-03-28,40.6869626800,39.7786393200,40.9436627600,39.5910508000,5429100,220193050.0000,3.32,-2.232500,-0.91,2.593700
2025-03-31,39.4923200000,39.8872432000,40.2624202400,38.2186926800,6717016,266570994.1700,5.14,0.273000,0.11,3.208900
2025-04-01,40.0847048000,39.3738430400,40.2130548400,39.2751122400,4414658,176940241.6200,2.35,-1.287100,-0.51,2.109000
2025-04-02,39.3738430400,39.7391470000,40.3710241200,38.8801890400,5002724,201263580.3200,3.79,0.927800,0.37,2.390000
2025-04-03,39.2948584000,38.3075504000,40.0353394000,38.2088196000,5630992,222132487.8000,4.60,-3.602500,-1.43,2.690100
2025-04-07,34.5853992400,34.4767953600,35.9380112000,34.4767953600,4768692,167513580.2800,3.81,-10.000000,-3.83,2.278200
2025-04-08,34.1806029600,32.4330678000,34.4570492000,31.1989328000,11088500,362967937.3600,9.45,-5.927800,-2.04,5.297400
2025-04-09,31.5938560000,34.2102222000,34.4866684400,30.6361672400,10599589,353675697.1600,11.87,5.479500,1.78,5.063800
2025-04-10,35.1481648000,35.1481648000,36.2835690000,35.0000686000,8491360,306409520.5500,3.75,2.741700,0.94,4.056600
2025-04-11,35.1481648000,35.5430880000,36.0268689200,34.7532416000,5080900,182853957.0000,3.62,1.123600,0.39,2.427300
2025-04-14,36.0071227600,36.2342036000,36.5106498400,35.6813111200,5045608,184902079.9200,2.33,1.944400,0.69,2.410500
2025-04-15,36.2342036000,35.8096611600,36.4810306000,35.3554994800,4470417,162186337.1900,3.11,-1.171700,-0.42,2.135700
2025-04-16,35.8096611600,35.5134687600,35.8096611600,34.5952723200,3608542,128906193.8800,3.39,-0.827100,-0.30,1.723900
2025-04-17,35.4739764400,35.0987994000,35.7306765200,35.0494340000,2952264,105803305.4400,1.92,-1.167600,-0.41,1.410400
2025-04-18,34.9803224400,35.5628341600,35.6220726400,34.9605762800,2880000,103016875.0000,1.88,1.322100,0.46,1.375900
2025-04-21,35.5825803200,37.0043038400,37.0043038400,35.0593070800,6895345,252716243.1500,5.47,4.053300,1.44,3.294100
2025-04-22,36.7673499200,36.6389998800,37.2017654400,36.4810306000,4328494,161575386.8800,1.95,-0.987200,-0.37,2.067900
2025-04-23,37.0043038400,38.1100888000,38.3766619600,36.8759538000,6760131,258916663.0100,4.10,4.015100,1.47,3.229500
2025-04-24,37.9619926000,37.4782116800,38.0607234000,37.0339230800,6010734,228205423.5600,2.69,-1.658000,-0.63,2.871500
2025-04-25,37.4782116800,37.8731348800,38.2779311600,37.0931615600,5549200,212698683.0000,3.16,1.053700,0.39,2.651000
2025-04-28,37.9027541200,36.9253192000,38.1989465200,36.9055730400,2950780,111334620.0400,3.42,-2.502600,-0.95,1.409700
2025-04-29,36.8265884000,36.9944307600,37.4288462800,36.3329344000,3372751,126304994.5000,2.97,0.187200,0.07,1.611300
2025-04-30,37.0043038400,38.3865350400,38.6531082000,36.4612844400,6126049,234631411.6600,5.92,3.763000,1.39,2.926600
2025-05-06,39.0973968000,39.5614315600,40.2525471600,38.5050120000,6809322,271451947.6500,4.55,3.060700,1.17,3.253000
2025-05-07,39.8971162800,39.8181316400,40.5388664800,39.2158737600,6984700,282688525.0000,3.34,0.648900,0.26,3.336800
2025-05-08,39.5910508000,42.0790669600,42.8096748800,39.4725738400,11554424,488706500.4100,8.38,5.678200,2.26,5.519900
2025-05-09,39.5910508000,38.3470427200,41.2102359200,37.8731348800,18051195,713649885.7300,7.93,-8.869100,-3.73,8.623700
2025-05-12,39.0973968000,39.0381583200,39.9662278400,38.3470427200,12378804,488371873.3600,4.22,1.802300,0.69,5.913800
2025-05-13,39.3639699600,38.5642504800,39.7687662400,38.4852658400,8345297,330257925.3400,3.29,-1.214000,-0.47,3.986800
2025-05-14,38.9196813600,38.4161542800,38.9196813600,38.1792003600,5877000,228955198.0000,1.92,-0.384000,-0.15,2.807600
2025-05-15,38.2779311600,37.2412577600,38.4062812000,37.0437961600,5851999,222002880.9800,3.55,-3.058300,-1.17,2.795700
2025-05-16,37.0437961600,37.8435156400,38.5839966400,36.9253192000,6745389,259394779.7900,4.45,1.617200,0.60,3.222500
2025-05-19,38.0508503200,37.1622731200,38.1890734400,36.5402690800,5278414,197828723.6800,4.36,-1.800200,-0.68,2.521700
2025-05-20,37.0339230800,37.1721462000,37.3597347200,36.8463345600,3148494,118458158.4000,1.38,0.026600,0.01,1.504100
2025-05-21,37.2708770000,37.3597347200,37.6954194400,36.7969691600,3929100,148069148.0000,2.42,0.504600,0.19,1.877100
2025-05-22,37.4782116800,36.4810306000,37.5078309200,36.4415382800,3612200,134973476.0000,2.85,-2.352000,-0.88,1.725700
2025-05-23,36.3526805600,36.2539497600,37.3992270400,36.2342036000,3943258,146404190.0000,3.19,-0.622500,-0.23,1.883800
2025-05-26,36.2144574400,36.0762343200,36.3526805600,35.8392804000,2825100,103076839.0000,1.42,-0.490200,-0.18,1.349600
2025-05-27,36.0762343200,35.0000686000,36.1058535600,34.9408301200,3848940,137378655.0400,3.23,-2.983000,-1.08,1.838800
2025-05-28,35.1594028500,35.1693602000,35.6373556500,35.0000852500,2793400,98840996.4700,1.82,0.483600,0.17,1.334500
2025-05-29,35.2988057500,35.5377821500,35.8663747000,35.2988057500,3344300,119406950.0000,1.61,1.047600,0.37,1.597700
2025-05-30,35.2291043000,34.6515780000,35.4083366000,34.5619618500,3134558,109445608.7200,2.38,-2.493700,-0.89,1.497500
2025-06-03,34.4922604000,34.6615353500,34.8606823500,34.3528575000,2062639,71742793.9800,1.47,0.028700,0.01,0.985400
2025-06-04,34.6515780000,35.3485925000,35.3485925000,34.5022177500,3205100,112936352.0000,2.44,1.982200,0.69,1.531200
2025-06-05,35.3585498500,36.1451805000,36.1451805000,34.9801705500,4640757,166626951.0600,3.30,2.253500,0.80,2.217000
2025-06-06,36.1451805000,35.7867159000,36.1551378500,35.5477395000,3131900,112492957.0000,1.68,-0.991700,-0.36,1.496200
2025-06-09,35.7966732500,35.5278248000,36.0057776000,35.2490190000,3774492,134985454.0400,2.11,-0.723400,-0.26,1.803200
2025-06-10,35.4481660000,35.0996587500,35.9460335000,34.6515780000,4282415,151493206.1700,3.64,-1.205200,-0.43,2.045900
2025-06-11,35.6771850500,35.4282513000,36.1053511000,35.3585498500,3728314,133758194.4000,2.13,0.936200,0.33,1.781100
2025-06-12,35.3884219000,35.2988057500,35.7668012000,35.0100426000,2797500,99405241.0000,2.14,-0.365400,-0.13,1.336500
2025-06-13,35.0000852500,34.6814500500,35.2490190000,34.5121751000,3083123,107720011.9400,2.09,-1.748900,-0.62,1.472900
2025-06-16,34.5121751000,35.1494455000,35.2390616500,34.3528575000,2975692,104610936.9800,2.56,1.349400,0.47,1.421600
2025-06-17,35.1494455000,35.0697867000,35.5477395000,34.9901279000,2446900,86503360.0000,1.59,-0.226600,-0.08,1.169000
2025-06-18,35.0996587500,35.2291043000,35.3386351500,34.8507250000,1946700,68604679.0000,1.39,0.454300,0.16,0.930000
2025-06-19,35.5776115500,36.9118964500,37.1707875500,35.2689337000,12756390,467280793.7400,5.40,4.776700,1.68,6.094200
2025-06-20,36.8421950000,36.9915552500,37.2006596000,36.2945407500,7657953,283389704.0500,2.45,0.215800,0.08,3.658500
2025-06-23,36.6131759500,37.0015126000,37.0313846500,36.1451805000,5581741,206084234.6200,2.40,0.026900,0.01,2.666600
2025-06-24,37.0114699500,37.3101904500,37.5093374500,37.0114699500,6968844,261127925.8100,1.35,0.834200,0.31,3.329300
2025-06-25,37.3101904500,36.9019391000,37.5192948000,36.6430480000,8291245,307983826.3000,2.35,-1.094200,-0.41,3.961000
2025-06-26,36.8720670500,36.3443275000,36.8919817500,36.3343701500,4898200,179686810.0000,1.51,-1.511100,-0.56,2.340000
2025-06-27,37.3400625000,36.5932612500,37.5093374500,36.5335171500,5501000,203928499.0000,2.68,0.684900,0.25,2.628000
2025-06-30,36.5136024500,36.6928347500,36.7426215000,36.3044981000,4270433,156589301.4600,1.20,0.272100,0.10,2.040100
2025-07-01,36.6928347500,36.5833039000,36.9417685000,36.3542848500,3277758,120683021.1000,1.60,-0.298500,-0.11,1.565900
2025-07-02,36.3741995500,35.8066306000,36.5733465500,35.7170144500,3773800,136767030.0000,2.34,-2.123000,-0.78,1.802900
2025-07-03,36.0953937500,36.7824509000,36.7924082500,35.9958202500,4690919,171749986.4000,2.22,2.725300,0.98,2.241000
2025-07-04,36.7127494500,37.1210008000,37.4794654000,36.5235598000,6452635,240146965.7400,2.60,0.920400,0.34,3.082600
2025-07-07,37.2006596000,36.9616832000,37.2006596000,36.4339436500,3336602,122939974.6000,2.07,-0.429200,-0.16,1.594000
2025-07-08,36.8023656000,37.7383565000,38.0072049500,36.7525788500,5962385,225233035.2900,3.39,2.101300,0.78,2.848400
2025-07-09,37.7881432500,37.4197213000,37.8578447000,37.3101904500,4053000,153063204.0000,1.45,-0.844300,-0.32,1.936300
2025-07-10,37.3400625000,37.4396360000,37.5889962500,37.2106169500,2624100,98533338.6300,1.01,0.053200,0.02,1.253600
2025-07-11,37.4993801000,37.3599772000,37.5889962500,37.0512993500,3444587,129155772.3400,1.44,-0.212800,-0.08,1.645600
2025-07-14,37.3699345500,37.6786124000,38.1366505000,37.3101904500,4440758,168543798.3200,2.21,0.852900,0.32,2.121500
2025-07-15,37.7084844500,37.9275461500,38.1067784500,37.4894227500,4309807,163814299.4300,1.64,0.660700,0.25,2.058900
2025-07-16,37.9773329000,38.3059254500,38.5449018500,37.7084844500,5592630,214733646.2800,2.21,0.997600,0.38,2.671800
2025-07-17,38.2660960500,39.1124708000,39.6003809500,38.1067784500,8640658,339258558.1400,3.90,2.105500,0.81,4.127900
2025-07-18,39.4311060000,40.8649644000,41.3230025000,39.3116178000,12131835,494886576.5000,5.14,4.480700,1.75,5.795800
2025-07-21,40.4367983500,40.7156041500,41.0143246500,40.1978219500,8331058,339539011.5800,2.00,-0.365500,-0.15,3.980000
2025-07-22,41.1238555000,40.1978219500,41.5221495000,39.7099118000,9227721,373272207.9300,4.45,-1.271700,-0.52,4.408400
2025-07-23,40.1878646000,39.3116178000,40.2476087000,39.1622575500,7559003,300734505.1500,2.70,-2.204600,-0.89,3.611200
2025-07-24,39.3813192500,39.1921296000,39.8294000000,39.1124708000,6071100,239949193.0200,1.82,-0.304000,-0.12,2.900400
2025-07-25,39.2717884000,38.8237076500,39.4311060000,38.6843047500,5605497,219332536.4500,1.91,-0.940000,-0.37,2.677900
2025-07-28,39.0029399500,38.9631105500,39.2817457500,38.7540062000,4101896,160596114.0800,1.36,0.359100,0.14,1.959600
2025-07-29,38.9332385000,38.8336650000,39.2020869500,38.6245606500,4777586,186388291.6500,1.48,-0.332200,-0.13,2.282400
2025-07-30,38.9531532000,38.6743474000,38.9730679000,38.3357975000,6147530,238362136.2000,1.64,-0.410300,-0.16,2.936900
2025-07-31,38.6345180000,38.9631105500,39.3215751500,38.4951151000,7404400,290260259.8200,2.14,0.746700,0.29,3.537300
2025-08-01,38.8336650000,39.5306795000,39.6302530000,38.7938356000,7371172,291500848.0200,2.15,1.456700,0.57,3.521500
2025-08-04,39.3713619000,39.7796132500,40.0783337500,39.1323855000,6847634,272000722.9900,2.39,0.629700,0.25,3.271400
2025-08-05,39.9090588000,39.8791867500,40.0783337500,39.4410633500,5768481,230542594.1400,1.60,0.250300,0.10,2.755800
2025-08-06,39.8692294000,40.7355188500,41.8109126500,39.6103383000,9326907,380670047.7900,5.52,2.147300,0.86,4.455800
2025-08-07,40.5861586000,39.8991014500,40.6757747500,39.7696559000,6547273,263990528.5800,2.22,-2.053300,-0.84,3.127900
2025-08-08,39.8991014500,39.8194426500,40.4467557000,39.3315325000,5444793,217236464.5100,2.80,-0.199700,-0.08,2.601200
2025-08-11,39.6302530000,39.9688029000,40.1779072500,39.6302530000,4082905,163928311.2000,1.38,0.375100,0.15,1.950500
2025-08-12,39.9887176000,39.6800397500,39.9887176000,39.5207221500,4340425,173095770.9200,1.17,-0.722500,-0.29,2.073600
2025-08-13,39.6800397500,40.3670969000,40.4666704000,39.6302530000,6577594,264914357.1400,2.11,1.731500,0.69,3.142300
2025-08-14,40.3770542500,40.8948364500,41.9403582000,40.3770542500,11607700,481643907.6000,3.87,1.307400,0.53,5.545400
2025-08-15,41.0939834500,41.6217230000,41.8507420500,40.9247085000,8656623,361264656.7900,2.26,1.777500,0.73,4.135600
2025-08-18,41.9304008500,41.7212965000,42.3187375000,41.4126186500,9556600,400816772.0000,2.18,0.239200,0.10,4.565500
2025-08-19,41.8905714500,41.5719362500,41.9204435000,41.0342393500,7545661,314633639.9700,2.12,-0.358000,-0.15,3.604800
2025-08-20,41.5719362500,41.9901449500,42.1992493000,41.2831731000,6723174,281656739.0100,2.20,1.006000,0.42,3.211900
2025-08-21,42.0797611000,41.2533010500,42.1992493000,41.0740687500,7657385,318938044.2900,2.68,-1.754800,-0.74,3.658200
2025-08-22,41.3230025000,41.6515950500,41.7013818000,41.0641114000,6058492,251884264.1300,1.54,0.965500,0.40,2.894400
2025-08-25,42.2191640000,41.6615524000,42.4183110000,41.2333863500,7218285,302391974.9800,2.84,0.023900,0.01,3.448400
2025-08-26,41.4723627500,41.7611259000,42.4183110000,41.1935569500,7459684,312315590.1000,2.94,0.239000,0.10,3.563700
2025-08-27,42.0200170000,41.8208700000,43.6629797500,41.8009553000,12102766,520094412.6200,4.46,0.143100,0.06,5.781900
2025-08-28,42.4382257000,41.5420642000,42.6174580000,40.3272675000,11091220,462738268.1800,5.48,-0.666700,-0.28,5.298700
2025-08-29,41.0939834500,40.8948364500,41.6018083000,40.5762012500,8837742,363972552.3700,2.47,-1.558000,-0.65,4.222100
2025-09-01,40.9545805500,39.8791867500,41.3230025000,39.7099118000,9116939,368693476.6400,3.94,-2.483600,-1.02,4.355500
2025-09-02,39.8891441000,40.6359453500,41.0840261000,38.3855842500,12697191,505797882.4500,6.77,1.897600,0.76,6.065900
2025-09-03,40.6259880000,39.1323855000,40.6757747500,38.9133238000,7602942,302029744.5200,4.34,-3.700100,-1.50,3.632200
2025-09-04,39.1124708000,38.6345180000,39.5904236000,37.9175888000,7104617,277278847.9200,4.27,-1.272300,-0.50,3.394100
2025-09-05,38.6843047500,39.7397838500,39.9389308500,38.4951151000,6294878,248273056.0800,3.74,2.860800,1.11,3.007300
2025-09-08,38.6444753500,38.2163093000,38.9830252500,37.7283991500,14643279,562135994.6100,3.16,-3.833600,-1.52,6.995600
2025-09-09,38.2163093000,37.4993801000,38.3158828000,37.3699345500,7059758,267725972.3200,2.48,-1.876000,-0.72,3.372700
2025-09-10,37.4993801000,37.7084844500,38.6843047500,37.4993801000,7753831,295779636.1200,3.16,0.557600,0.21,3.704300
2025-09-11,37.7084844500,38.2163093000,38.2163093000,37.1010861000,7923181,299991035.3100,2.96,1.346700,0.51,3.785200
2025-09-12,38.1167358000,38.2760534000,38.9631105500,37.8678020500,8247329,318977746.2200,2.87,0.156300,0.06,3.940000
2025-09-15,38.2860107500,38.6146033000,39.3912766000,38.1665225500,6678426,260213756.8000,3.20,0.884500,0.34,3.190500
2025-09-16,38.6146033000,39.6800397500,39.8094853000,38.6146033000,9443423,372923076.6800,3.09,2.759200,1.07,4.511400
2025-09-17,39.6999544500,41.1736422500,42.1395052000,39.6800397500,16609107,680462360.0300,6.20,3.764100,1.49,7.934700
2025-09-18,41.1736422500,39.8493147000,41.8208700000,39.3315325000,14256957,581510885.3000,6.05,-3.216400,-1.32,6.811000
2025-09-19,39.4808927500,39.3813192500,40.1281205000,38.6345180000,9273709,364737485.8000,3.75,-1.174400,-0.47,4.430400
2025-09-22,39.2917031000,39.4012339500,39.9090588000,38.8237076500,7123953,280840189.1400,2.76,0.050600,0.02,3.403400
2025-09-23,39.2618310500,40.7853056000,40.8251350000,38.7739209000,13765205,550296561.2200,5.21,3.512800,1.38,6.576100
2025-09-24,40.5264145000,41.5619789000,42.0001023000,40.3272675000,17053352,710542864.5500,4.10,1.904300,0.78,8.147000
2025-09-25,41.7113391500,40.3272675000,41.7113391500,40.1281205000,15142374,620370223.3900,3.81,-2.970800,-1.23,7.234000
2025-09-26,40.1679499000,39.5008074500,40.3173101500,39.4311060000,7165096,286975874.0700,2.20,-2.049400,-0.83,3.423000
2025-09-29,39.4908501000,39.2419163500,39.7995279500,39.0029399500,5483617,216337309.9300,2.02,-0.655400,-0.26,2.619700
2025-09-30,39.3813192500,39.2717884000,40.1579925500,38.7340915000,7201524,283610952.7000,3.63,0.076100,0.03,3.440400
2025-10-09,39.2717884000,38.7042194500,39.5306795000,38.5150298000,5943900,231297741.0000,2.59,-1.445200,-0.57,2.839600
2025-10-10,38.7042194500,38.1665225500,39.0328120000,38.1366505000,5844206,225500172.3900,2.32,-1.389200,-0.54,2.792000
2025-10-13,37.1409155000,37.2106169500,37.3798919000,35.9460335000,6991806,258555554.4900,3.76,-2.504600,-0.96,3.340200
2025-10-14,37.2803184000,36.2646687000,37.5591242000,36.1750525500,6149879,227027863.4500,3.72,-2.542100,-0.95,2.938000
2025-10-15,36.3044981000,37.3898492500,37.4794654000,35.9958202500,5787664,214464573.8600,4.09,3.102700,1.13,2.765000
2025-10-16,37.3898492500,37.4695080500,38.3059254500,37.0911287500,5329009,202035717.1500,3.25,0.213000,0.08,2.545900
2025-10-17,37.4495933500,36.5534318500,37.7184418000,36.4538583500,4205129,156200510.2000,3.37,-2.444900,-0.92,2.008900
2025-10-20,36.8222803000,37.4197213000,37.4695080500,36.5633892000,3787568,141025563.1600,2.48,2.369900,0.87,1.809500
2025-10-21,37.5591242000,37.3400625000,37.6885697500,37.1907022500,3683800,138470432.1300,1.33,-0.212900,-0.08,1.759900
2025-10-22,37.1707875500,37.1309581500,37.6885697500,36.9716405500,2667288,99773852.0300,1.92,-0.560000,-0.21,1.274300
2025-10-23,36.9218538000,37.3699345500,37.4197213000,36.4140289500,2819700,104376048.0000,2.71,0.643600,0.24,1.347100
2025-10-24,37.4894227500,38.0072049500,38.0370770000,37.3599772000,4782109,181552802.4900,1.81,1.705300,0.64,2.284600
2025-10-27,38.8137503000,39.0925561000,39.5207221500,38.5747739000,8945924,350323082.2700,2.49,2.855600,1.09,4.273800
2025-10-28,39.0825987500,38.9730679000,39.2817457500,38.7938356000,4680069,183557932.8400,1.25,-0.305700,-0.12,2.235800
2025-10-29,39.1523002000,38.9133238000,39.1523002000,38.6046459500,3438847,134128271.7300,1.41,-0.153300,-0.06,1.642900
2025-10-30,38.9133238000,38.3258401500,39.2518737000,38.2461813500,3976003,154191045.4900,2.58,-1.509700,-0.59,1.899500
2025-10-31,38.2262666500,38.5050724500,38.9631105500,38.0470343500,3990452,155027501.8400,2.39,0.467700,0.18,1.906400
2025-11-03,38.5747739000,38.6345180000,38.7340915000,38.0569917000,3479792,134217007.2500,1.76,0.336200,0.13,1.662400
2025-11-04,38.4353710000,37.7981006000,38.6245606500,37.4495933500,3440600,131036919.0000,3.04,-2.164900,-0.84,1.643700
2025-11-05,37.3201478000,37.7283991500,37.8877167500,37.2504463500,2071394,78471901.9900,1.69,-0.184400,-0.07,0.989600
2025-11-06,37.8279726500,38.0370770000,38.1266931500,37.5989536000,2527754,96209553.6300,1.40,0.818200,0.31,1.207600
2025-11-07,37.8976741000,37.5889962500,37.8976741000,37.4695080500,2591191,97831310.4300,1.13,-1.178000,-0.45,1.237900
2025-11-10,37.4296786500,37.0114699500,37.5491668500,36.8023656000,3379329,125728901.6900,1.99,-1.536400,-0.58,1.614400
2025-11-11,37.1309581500,37.1010861000,37.2504463500,36.7227068000,2860100,106330620.0000,1.43,0.242100,0.09,1.366400
2025-11-12,36.9815979000,37.1409155000,37.3798919000,36.8421950000,2385766,88921288.2200,1.45,0.107400,0.04,1.139800
2025-11-13,37.0911287500,37.1409155000,37.2404890000,36.8521523500,2085538,77608992.6300,1.05,0.000000,0.00,0.996300
2025-11-14,36.8421950000,36.7426215000,37.1409155000,36.7426215000,2381046,88195412.3800,1.07,-1.072400,-0.40,1.137500
2025-11-17,36.5733465500,36.2945407500,36.6430480000,36.1650952000,2431810,88690643.1600,1.30,-1.219500,-0.45,1.161800
2025-11-18,36.1153084500,35.9460335000,36.3841569000,35.7966732500,2565256,93051180.3600,1.62,-0.960200,-0.35,1.225500
2025-11-19,35.8564173500,35.5776115500,36.0953937500,35.4083366000,2824400,101163656.8700,1.91,-1.024900,-0.37,1.349300
2025-11-20,35.6672277000,35.6074836000,35.9460335000,35.5776115500,1988575,71377800.5400,1.04,0.084000,0.03,0.950000
2025-11-21,35.2689337000,34.9403411500,35.6473130000,34.5619618500,3173207,111818530.8600,3.05,-1.873600,-0.67,1.516000
2025-11-24,34.9502985000,34.9403411500,35.1693602000,34.5818765500,1954433,68413596.1900,1.68,0.000000,0.00,0.933700
2025-11-25,35.0299573000,35.2191469500,35.3884219000,34.9502985000,2341064,82749211.4000,1.25,0.797900,0.28,1.118400
2025-11-26,35.0598293500,35.0199999500,35.5776115500,34.7611088500,2386600,84447585.2900,2.32,-0.565500,-0.20,1.140200
2025-11-27,34.9800000000,35.3200000000,35.4600000000,34.9400000000,2272144,80222893.0700,1.48,0.856700,0.30,1.085500
2025-11-28,35.2100000000,35.4800000000,35.4800000000,35.0400000000,2009188,70936425.0000,1.25,0.453000,0.16,0.959900
2025-12-01,35.4900000000,35.9000000000,35.9600000000,35.4000000000,2480558,88619231.1800,1.58,1.183800,0.42,1.185000
2025-12-02,35.7600000000,35.5600000000,35.8400000000,35.4900000000,1620004,57737570.0800,0.97,-0.947100,-0.34,0.773900
2025-12-03,35.6800000000,35.4000000000,35.7600000000,35.2800000000,1728600,61270516.0800,1.35,-0.449900,-0.16,0.825800
2025-12-04,35.6700000000,35.5800000000,35.8500000000,35.1500000000,1536620,54593818.0000,1.98,0.508500,0.18,0.734100
2025-12-05,35.4200000000,36.2900000000,36.5700000000,35.4100000000,4227093,153470023.3000,3.26,1.995500,0.71,2.019400
2025-12-08,36.3900000000,36.1200000000,36.4000000000,35.9200000000,2296440,82848550.8800,1.32,-0.468400,-0.17,1.097100
2025-12-09,36.0000000000,35.9800000000,36.2800000000,35.9000000000,1319481,47580222.8400,1.05,-0.387600,-0.14,0.630400
2025-12-10,35.7600000000,35.8800000000,36.0900000000,35.7000000000,1629799,58520291.1400,1.08,-0.277900,-0.10,0.778600
2025-12-11,35.7900000000,35.3500000000,35.9500000000,35.3500000000,1605100,57091084.0000,1.67,-1.477100,-0.53,0.766800
2025-12-12,35.3100000000,35.5300000000,35.7600000000,35.2000000000,1327615,47240241.7300,1.58,0.509200,0.18,0.634200
2025-12-15,35.2500000000,35.0900000000,35.5500000000,35.0600000000,1332200,46995389.0000,1.38,-1.238400,-0.44,0.636400
2025-12-16,35.2400000000,35.1400000000,35.3500000000,34.9600000000,1606936,56412462.6400,1.11,0.142500,0.05,0.767700
2025-12-17,34.9800000000,35.1600000000,35.1900000000,34.5800000000,2198225,76678920.5200,1.74,0.056900,0.02,1.050200
2025-12-18,34.9600000000,35.4800000000,36.0200000000,34.9600000000,2211952,78794679.9900,3.01,0.910100,0.32,1.056700
2025-12-19,35.6000000000,36.3900000000,36.5200000000,35.5700000000,3947199,143232830.5500,2.68,2.564800,0.91,1.885700
2025-12-22,36.6400000000,36.6800000000,36.7900000000,36.2000000000,3099982,113340255.4400,1.62,0.796900,0.29,1.481000
2025-12-23,36.6300000000,36.4800000000,36.9500000000,36.4400000000,2089740,76554749.2000,1.39,-0.545300,-0.20,0.998300
2025-12-24,36.4900000000,36.7800000000,36.9600000000,36.4800000000,2450398,90038628.4000,1.32,0.822400,0.30,1.170600
2025-12-25,37.0200000000,36.8700000000,37.1800000000,36.6000000000,2161814,79581740.6000,1.58,0.244700,0.09,1.032800
2025-12-26,36.8400000000,36.8000000000,37.0600000000,36.5500000000,2007303,73969277.2500,1.38,-0.189900,-0.07,0.959000
2025-12-29,36.8000000000,37.5500000000,37.6500000000,36.6800000000,3819657,142483509.4100,2.64,2.038000,0.75,1.824800
2025-12-30,37.4400000000,37.4800000000,37.7500000000,37.2000000000,2391831,89855510.6100,1.46,-0.186400,-0.07,1.142700
2025-12-31,37.5600000000,37.4000000000,37.7100000000,37.3000000000,2150745,80566003.2600,1.09,-0.213400,-0.08,1.027500
2026-01-05,37.2200000000,37.2200000000,37.5500000000,37.0700000000,3354923,124889859.1100,1.28,-0.481300,-0.18,1.602800
2026-01-06,37.2600000000,37.1800000000,37.3300000000,37.0400000000,3523932,130965587.4800,0.78,-0.107500,-0.04,1.683500
2026-01-07,37.1900000000,36.9900000000,37.3800000000,36.9300000000,3216298,119263021.0400,1.21,-0.511000,-0.19,1.536500
2026-01-08,36.7900000000,37.1300000000,37.2400000000,36.7300000000,2599986,96310710.2300,1.38,0.378500,0.14,1.242100
2026-01-09,37.1400000000,37.1500000000,37.3800000000,36.9500000000,3212062,119307150.2200,1.16,0.053900,0.02,1.534500
2026-01-12,37.2400000000,37.8100000000,38.0400000000,36.8900000000,5184028,194649925.0400,3.10,1.776600,0.66,2.476600
2026-01-13,37.7300000000,37.1400000000,38.1000000000,37.0100000000,3599445,135324294.5000,2.88,-1.772000,-0.67,1.719600
2026-01-14,37.1500000000,36.9400000000,37.8800000000,36.6500000000,4757219,177205641.3400,3.31,-0.538500,-0.20,2.272700
2026-01-15,36.8100000000,37.5600000000,37.7700000000,36.8100000000,4047247,151677406.5600,2.60,1.678400,0.62,1.933500
2026-01-16,37.8000000000,38.0000000000,38.1000000000,37.4000000000,4213564,159506546.5200,1.86,1.171500,0.44,2.013000
2026-01-19,38.0900000000,38.3700000000,38.4000000000,37.9000000000,3247048,124190254.4800,1.32,0.973700,0.37,1.551200
2026-01-20,38.3600000000,38.2700000000,38.5800000000,37.9500000000,2896242,110785438.2200,1.64,-0.260600,-0.10,1.383600
2026-01-21,37.9200000000,38.6600000000,38.7500000000,37.9000000000,3305311,127500752.8200,2.22,1.019100,0.39,1.579100
2026-01-22,38.7300000000,38.5300000000,38.8800000000,38.4000000000,2545109,98077262.2300,1.24,-0.336300,-0.13,1.215900
2026-01-23,38.5200000000,38.6000000000,38.6700000000,38.2200000000,2851766,109777286.4900,1.17,0.181700,0.07,1.362400
2026-01-26,38.5100000000,37.8600000000,38.7700000000,37.5300000000,3631588,137800482.3100,3.21,-1.917100,-0.74,1.734900
2026-01-27,37.7700000000,37.4900000000,37.8600000000,36.8700000000,3019963,112793098.0300,2.61,-0.977300,-0.37,1.442700
2026-01-28,37.4800000000,36.8600000000,37.6600000000,36.7000000000,3010776,111318295.8000,2.56,-1.680400,-0.63,1.438400
2026-01-29,36.7100000000,35.6200000000,36.7100000000,35.5500000000,4295599,154808897.8900,3.15,-3.364100,-1.24,2.052200
2026-01-30,35.6100000000,35.9200000000,36.2000000000,35.2800000000,3608904,129397715.9600,2.58,0.842200,0.30,1.724100
2026-02-02,35.8500000000,34.5800000000,35.8800000000,34.5700000000,4856020,169982635.4000,3.65,-3.730500,-1.34,2.319900
2026-02-03,35.0000000000,34.7200000000,35.1500000000,34.2800000000,3614258,124892489.3400,2.52,0.404900,0.14,1.726700
2026-02-04,34.6300000000,34.4100000000,34.8500000000,34.1800000000,3378440,116265843.2000,1.93,-0.892900,-0.31,1.614000
2026-02-05,34.4100000000,34.7700000000,35.1800000000,34.3600000000,4005682,139516413.4100,2.38,1.046200,0.36,1.913700
2026-02-06,34.5000000000,34.7700000000,34.9400000000,34.2500000000,2442733,84715811.3200,1.98,0.000000,0.00,1.167000
2026-02-09,35.1600000000,35.1800000000,35.2000000000,34.8500000000,2551857,89280949.2100,1.01,1.179200,0.41,1.219100
2026-02-10,35.2000000000,35.0800000000,35.2600000000,34.9400000000,2402900,84327887.4900,0.91,-0.284300,-0.10,1.147900
2026-02-11,35.0000000000,35.0700000000,35.2700000000,34.9600000000,2169911,76145929.4700,0.88,-0.028500,-0.01,1.036600
2026-02-12,35.0000000000,35.1000000000,35.2200000000,34.8400000000,1832797,64319657.5400,1.08,0.085500,0.03,0.875600
2026-02-13,35.0200000000,34.9500000000,35.3200000000,34.9000000000,2223017,78148275.7600,1.20,-0.427400,-0.15,1.062000
2026-02-24,35.4300000000,35.2100000000,35.6600000000,35.1300000000,3489500,123338220.0000,1.52,0.743900,0.26,1.667100
2026-02-25,35.2300000000,35.1500000000,35.3900000000,35.0400000000,2886194,101565996.8200,0.99,-0.170400,-0.06,1.378800
2026-02-26,35.2300000000,35.3500000000,35.4300000000,35.1300000000,2683885,94598219.0600,0.85,0.569000,0.20,1.282200
2026-02-27,35.2200000000,35.1500000000,35.3600000000,35.0500000000,2352567,82708925.8500,0.88,-0.565800,-0.20,1.123900
2026-03-02,34.6900000000,33.8600000000,34.7800000000,33.5200000000,5137000,174749216.0100,3.58,-3.670000,-1.29,2.454100
2026-03-03,33.8800000000,32.8800000000,34.0800000000,32.8800000000,3558645,118723303.6600,3.54,-2.894300,-0.98,1.700100
2026-03-04,32.6000000000,32.3100000000,33.0500000000,32.2500000000,2468016,80438998.1700,2.43,-1.733600,-0.57,1.179100
2026-03-05,32.9100000000,32.6400000000,32.9400000000,32.5200000000,1840007,60245100.3900,1.30,1.021400,0.33,0.879000
2026-03-06,32.5500000000,32.9100000000,32.9500000000,32.5000000000,1802600,59225431.5500,1.38,0.827200,0.27,0.861200
2026-03-09,32.4000000000,32.3700000000,32.5900000000,31.5500000000,2720844,87091602.6400,3.16,-1.640800,-0.54,1.299800
2026-03-10,32.7700000000,33.1700000000,33.2000000000,32.6600000000,1646415,54411347.8000,1.67,2.471400,0.80,0.786500
2026-03-11,33.3200000000,33.4700000000,33.6300000000,33.0800000000,1895010,63307694.0200,1.66,0.904400,0.30,0.905300
2026-03-12,33.5000000000,32.9300000000,33.5000000000,32.8200000000,1909145,63068399.7000,2.03,-1.613400,-0.54,0.912100
2026-03-13,32.8000000000,32.6700000000,33.0700000000,32.5600000000,1644013,53950275.7700,1.55,-0.789600,-0.26,0.785400
2026-03-16,32.7100000000,32.7500000000,32.8000000000,32.4000000000,1080607,35259771.6900,1.22,0.244900,0.08,0.516200
2026-03-17,32.9400000000,32.4900000000,33.1000000000,32.4300000000,1520852,49913004.8900,2.05,-0.793900,-0.26,0.726600
2026-03-18,32.5500000000,32.9600000000,32.9800000000,32.1600000000,1546200,50295429.1200,2.52,1.446600,0.47,0.738700
2026-03-19,32.6000000000,32.0300000000,32.6000000000,31.9800000000,1787338,57641362.8400,1.88,-2.821600,-0.93,0.853900
2026-03-20,32.1100000000,31.2100000000,32.2500000000,31.2000000000,2001607,63291537.1600,3.28,-2.560100,-0.82,0.956200
2026-03-23,30.8000000000,29.9800000000,31.1800000000,29.8500000000,3048338,92701036.0500,4.26,-3.941000,-1.23,1.456300
2026-03-24,30.4500000000,30.1600000000,30.5800000000,29.9200000000,3147595,94955259.8600,2.20,0.600400,0.18,1.503700
2026-03-25,30.4700000000,30.4600000000,30.7700000000,30.1500000000,3555400,108249997.0000,2.06,0.994700,0.30,1.698500
2026-03-26,30.4600000000,29.9300000000,30.6900000000,29.9000000000,2602651,78730700.5900,2.59,-1.740000,-0.53,1.243400
2026-03-27,29.8000000000,29.8900000000,29.9700000000,29.4500000000,4063100,120580822.0000,1.74,-0.133600,-0.04,1.941100
2026-03-30,29.5800000000,29.6200000000,29.7300000000,29.2000000000,2897900,85451508.0000,1.77,-0.903300,-0.27,1.384400
2026-03-31,29.6600000000,29.5000000000,30.0800000000,29.4500000000,4021749,119775961.2400,2.13,-0.405100,-0.12,1.921300
2026-04-01,30.0000000000,30.3600000000,30.5500000000,29.6300000000,6689170,201324493.6000,3.12,2.915300,0.86,3.195600
2026-04-02,30.2400000000,29.4900000000,30.3300000000,29.3500000000,4912970,146166363.6000,3.23,-2.865600,-0.87,2.347100
2026-04-03,29.6600000000,29.3100000000,30.0500000000,29.0800000000,3876288,114215713.4800,3.29,-0.610400,-0.18,1.851800
2026-04-07,29.4000000000,30.6500000000,30.8400000000,29.2900000000,6171700,187170213.8000,5.29,4.571800,1.34,2.948400
2026-04-08,31.1300000000,31.5100000000,31.5500000000,30.8600000000,4401692,137461067.2300,2.25,2.805900,0.86,2.102800
2026-04-09,31.3000000000,31.5000000000,31.8500000000,31.0600000000,3359444,105625989.6600,2.51,-0.031700,-0.01,1.604900
2026-04-10,31.6200000000,31.8500000000,32.1200000000,31.6200000000,2984560,95273878.0200,1.59,1.111100,0.35,1.425800
2026-04-13,31.6700000000,31.3900000000,31.7200000000,31.3000000000,2396130,75432996.1200,1.32,-1.444300,-0.46,1.144700
2026-04-14,31.7500000000,31.3800000000,31.8000000000,31.1600000000,2488932,78025847.2800,2.04,-0.031900,-0.01,1.189000
2026-04-15,31.4000000000,31.6600000000,31.8900000000,31.3500000000,2348280,74273466.0000,1.72,0.892300,0.28,1.121900
2026-04-16,31.7700000000,32.4200000000,32.5600000000,31.7700000000,3262992,105469339.0400,2.50,2.400500,0.76,1.558800
2026-04-17,32.4000000000,32.6700000000,32.7600000000,31.9600000000,2324854,75271993.7200,2.47,0.771100,0.25,1.110700
2026-04-20,32.6100000000,31.4500000000,32.7200000000,31.3900000000,6145137,194890541.7200,4.07,-3.734300,-1.22,2.935700
2026-04-21,31.5300000000,31.5800000000,31.6000000000,31.2500000000,2208500,69400476.0000,1.11,0.413400,0.13,1.055100
2026-04-22,31.4400000000,31.3800000000,31.5500000000,31.1000000000,2238758,70178184.9600,1.42,-0.633300,-0.20,1.069500
2026-04-23,31.3800000000,30.8800000000,31.4000000000,30.6000000000,3150117,97332561.7900,2.55,-1.593400,-0.50,1.504900
2026-04-24,29.9500000000,29.6500000000,29.9500000000,29.3500000000,5886555,174685315.3300,1.94,-3.983200,-1.23,2.812200
2026-04-27,29.6000000000,29.6600000000,29.8700000000,29.2200000000,3887111,115135100.6000,2.19,0.033700,0.01,1.857000
2026-04-28,29.6700000000,28.7700000000,29.7600000000,28.6600000000,4328800,125641898.0000,3.71,-3.000700,-0.89,2.068000
2026-04-29,28.8800000000,29.3800000000,29.6600000000,28.7500000000,3721563,109303330.3600,3.16,2.120300,0.61,1.777900
2026-04-30,29.4800000000,29.9800000000,30.4100000000,29.2100000000,3845452,115081510.5200,4.08,2.042200,0.60,1.837100
2026-05-06,30.0000000000,30.1600000000,30.4700000000,29.7800000000,4360997,131139842.0000,2.30,0.600400,0.18,2.083400
2026-05-07,30.1600000000,30.6400000000,30.7400000000,29.8800000000,4026737,122496594.9800,2.85,1.591500,0.48,1.923700
2026-05-08,30.6800000000,33.7000000000,33.7000000000,30.5000000000,10207830,333218190.8000,10.44,9.986900,3.06,4.876600
2026-05-11,34.3000000000,35.3600000000,35.8600000000,33.9800000000,20334397,714729055.5700,5.58,4.925800,1.66,9.714400
2026-05-12,35.1500000000,34.7300000000,35.3500000000,34.4000000000,8853399,308041870.4000,2.69,-1.781700,-0.63,4.229600
2026-05-13,34.6000000000,35.1600000000,35.5700000000,34.0800000000,8651170,302412293.0500,4.29,1.238100,0.43,4.133000
2026-05-14,35.1500000000,34.8000000000,35.7100000000,34.8000000000,7598898,267454471.6500,2.59,-1.023900,-0.36,3.630300
2026-05-15,34.9500000000,35.0500000000,35.5500000000,34.1100000000,10541245,368762720.4100,4.14,0.718400,0.25,5.035900
2026-05-18,35.0000000000,34.8000000000,35.3700000000,34.3300000000,7993863,277696107.9500,2.97,-0.713300,-0.25,3.818900
2026-05-19,34.8900000000,34.5500000000,35.1800000000,34.2800000000,6102465,211459513.1300,2.59,-0.718400,-0.25,2.915400
2026-05-20,34.3100000000,32.8000000000,34.5600000000,32.5300000000,10045050,332119426.5000,5.88,-5.065100,-1.75,4.798900
2026-05-21,32.8400000000,32.6500000000,34.0800000000,32.5600000000,8254079,276450267.6100,4.63,-0.457300,-0.15,3.943300
2026-05-22,33.0000000000,33.1700000000,33.6700000000,32.3500000000,5132894,168877052.9400,4.04,1.592600,0.52,2.452200
2026-05-25,33.4000000000,32.4600000000,33.6600000000,32.2500000000,6265090,205279234.7400,4.25,-2.140500,-0.71,2.993000
