trade_date,future_market_10pct_density,market_top5pct_avg_return,market_top30_avg_return,market_positive_ratio,market_extreme_return_density_5pct,market_extreme_return_density_10pct,market_opportunity_label
2023-05-26,0.0,0.057115130710906854,-0.00595660013385903,0.3333333333333333,0.037037037037037035,0.0,1
2023-05-29,0.0,0.04275327987864337,-0.001195176750718076,0.4074074074074074,0.0,0.0,2
2023-05-30,0.037037037037037035,0.09388584492207191,-0.0071512029775705884,0.2962962962962963,0.07407407407407407,0.037037037037037035,2
2023-05-31,0.0,0.06496911470371408,-0.008439322350926757,0.3333333333333333,0.1111111111111111,0.0,1
2023-06-01,0.0,0.07857718856887269,-0.008251963654872104,0.39285714285714285,0.07142857142857142,0.0,1
2023-06-02,0.03571428571428571,0.07647536618401723,-0.027636490327991255,0.14285714285714285,0.03571428571428571,0.03571428571428571,2
2023-06-05,0.03571428571428571,0.093942813230872,-0.01974176051918098,0.17857142857142858,0.07142857142857142,0.03571428571428571,2
2023-06-06,0.0,0.09177769018327891,-0.008571272735314625,0.42857142857142855,0.07142857142857142,0.0,1
2023-06-07,0.03571428571428571,0.12214983687417041,-0.007294003354697018,0.2857142857142857,0.07142857142857142,0.03571428571428571,2
2023-06-08,0.03571428571428571,0.08421563670535609,0.0004268271925829111,0.4642857142857143,0.03571428571428571,0.03571428571428571,2
2023-06-09,0.0,0.07891982023513738,0.00682536899105931,0.5714285714285714,0.17857142857142858,0.0,1
2023-06-12,0.0,0.06101338568111531,0.00042163970161324067,0.5,0.14285714285714285,0.0,1
2023-06-13,0.03571428571428571,0.1487734311006596,0.006366099264759637,0.5714285714285714,0.10714285714285714,0.03571428571428571,2
2023-06-14,0.03571428571428571,0.10654908533997182,0.0034707243240423174,0.5357142857142857,0.07142857142857142,0.03571428571428571,2
2023-06-15,0.07142857142857142,0.2506415504471735,-0.002454248431269442,0.21428571428571427,0.07142857142857142,0.07142857142857142,2
2023-06-16,0.07142857142857142,0.1322324706425651,0.0010182041423771858,0.32142857142857145,0.07142857142857142,0.07142857142857142,2
2023-06-19,0.03571428571428571,0.07740533883602091,0.0043730766988703,0.5357142857142857,0.07142857142857142,0.03571428571428571,2
2023-06-20,0.07142857142857142,0.11965584727584727,0.018047696476841683,0.75,0.10714285714285714,0.07142857142857142,2
2023-06-21,0.03571428571428571,0.08713213219616206,0.01619551035799903,0.6071428571428571,0.10714285714285714,0.03571428571428571,2
2023-06-26,0.03571428571428571,0.0979038788515239,0.022254819703791867,0.7857142857142857,0.14285714285714285,0.03571428571428571,2
2023-06-27,0.03571428571428571,0.1773900524161702,0.024175144518240068,0.6785714285714286,0.14285714285714285,0.03571428571428571,2
2023-06-28,0.03571428571428571,0.11330136871924174,0.014937615909042077,0.6071428571428571,0.14285714285714285,0.03571428571428571,2
2023-06-29,0.03571428571428571,0.11106182286833693,0.002063822035212008,0.5357142857142857,0.03571428571428571,0.03571428571428571,2
2023-06-30,0.03571428571428571,0.13302737379907165,0.002614273891026053,0.42857142857142855,0.10714285714285714,0.03571428571428571,2
2023-07-03,0.0,0.051415313120363466,-0.005060847869006024,0.4642857142857143,0.03571428571428571,0.0,0
2023-07-04,0.03571428571428571,0.09487864347024227,-0.0006257187126552933,0.39285714285714285,0.10714285714285714,0.03571428571428571,2
2023-07-05,0.0,0.07911784899510171,-0.0036093889096585068,0.35714285714285715,0.07142857142857142,0.0,0
2023-07-06,0.0,0.061101617591218634,-0.0012584154036241045,0.4642857142857143,0.03571428571428571,0.0,0
2023-07-07,0.03571428571428571,0.08855752736835659,0.00011270893128833916,0.42857142857142855,0.07142857142857142,0.03571428571428571,2
2023-07-10,0.034482758620689655,0.14966257011004608,0.002967184495836496,0.4827586206896552,0.10344827586206896,0.034482758620689655,0
2023-07-11,0.034482758620689655,0.07616498563773882,-0.010024221430012602,0.4482758620689655,0.034482758620689655,0.034482758620689655,0
2023-07-12,0.0,0.06170088223569964,-0.004456918342196832,0.5172413793103449,0.06896551724137931,0.0,0
2023-07-13,0.0,0.04597645678951763,-0.016018581256614112,0.3103448275862069,0.034482758620689655,0.0,0
2023-07-14,0.0,0.030628889564438946,-0.029308590149293302,0.10344827586206896,0.0,0.0,0
2023-07-17,0.0,0.025686124964690207,-0.028484024054868187,0.1724137931034483,0.0,0.0,0
2023-07-18,0.034482758620689655,0.08616424657534233,-0.011988957483263105,0.3448275862068966,0.034482758620689655,0.034482758620689655,1
2023-07-19,0.0,0.060853620291006,-0.013587972510064408,0.27586206896551724,0.06896551724137931,0.0,0
2023-07-20,0.0,0.05205917584116866,-0.011440591831970586,0.3793103448275862,0.034482758620689655,0.0,0
2023-07-21,0.10344827586206896,0.13696730505328764,0.01944232642190606,0.6896551724137931,0.13793103448275862,0.10344827586206896,2
2023-07-24,0.034482758620689655,0.102982341389728,0.009543689091979895,0.5862068965517241,0.13793103448275862,0.034482758620689655,1
2023-07-25,0.034482758620689655,0.10590818360045634,-0.0004775838271475524,0.5172413793103449,0.034482758620689655,0.034482758620689655,1
2023-07-26,0.034482758620689655,0.19280702052207763,0.004822594574346997,0.3103448275862069,0.06896551724137931,0.034482758620689655,1
2023-07-27,0.0,0.07243037115588552,0.004362223636834316,0.5862068965517241,0.06896551724137931,0.0,0
2023-07-28,0.034482758620689655,0.09224230392062432,-0.010116800327179837,0.2413793103448276,0.06896551724137931,0.034482758620689655,1
2023-07-31,0.034482758620689655,0.13165883297663267,-0.009586986931934265,0.20689655172413793,0.10344827586206896,0.034482758620689655,1
2023-08-01,0.06896551724137931,0.12224412674742641,-0.011280697140590731,0.13793103448275862,0.06896551724137931,0.06896551724137931,2
2023-08-02,0.034482758620689655,0.10708131721780262,-0.017640420706644205,0.1724137931034483,0.034482758620689655,0.034482758620689655,1
2023-08-03,0.0,0.04647398382586349,-0.025733455817549,0.13793103448275862,0.034482758620689655,0.0,0
2023-08-04,0.0,0.0226194389638686,-0.039883687482817225,0.10344827586206896,0.0,0.0,0
2023-08-07,0.0,0.028660668239877188,-0.025577752441308044,0.10344827586206896,0.0,0.0,0
2023-08-08,0.0,0.03920547729165131,-0.02168279842459671,0.20689655172413793,0.034482758620689655,0.0,0
2023-08-09,0.0,0.04756905233342685,-0.020324713063555738,0.2413793103448276,0.034482758620689655,0.0,1
2023-08-10,0.0,0.05028181479758016,-0.019011259235681265,0.2413793103448276,0.034482758620689655,0.0,1
2023-08-11,0.0,0.06923403613124285,-0.012585565439172417,0.3448275862068966,0.10344827586206896,0.0,1
2023-08-14,0.0,0.054190528181495785,-0.022059915852567235,0.2413793103448276,0.034482758620689655,0.0,1
2023-08-15,0.034482758620689655,0.09075971649950537,-0.030651393416146155,0.13793103448275862,0.034482758620689655,0.034482758620689655,1
2023-08-16,0.03333333333333333,0.08168728585971202,-0.04906766862324779,0.13333333333333333,0.06666666666666667,0.03333333333333333,1
2023-08-17,0.0,0.05398223656223506,-0.06060364968668345,0.13333333333333333,0.03333333333333333,0.0,1
2023-08-18,0.1,0.284098791193064,-0.008175678042022617,0.36666666666666664,0.16666666666666666,0.1,2
2023-08-21,0.0,0.046691383399916034,-0.042603217146945024,0.2,0.03333333333333333,0.0,1
2023-08-22,0.03333333333333333,0.0898396101066688,-0.013876121239566918,0.5333333333333333,0.1,0.03333333333333333,1
2023-08-23,0.0,0.08485874149659861,0.012680798996228185,0.6451612903225806,0.22580645161290322,0.0,1
2023-08-24,0.12903225806451613,0.12458354958848677,0.03411992937622843,0.7741935483870968,0.3225806451612903,0.12903225806451613,2
2023-08-25,0.12903225806451613,0.2259893844889793,0.03083370835210943,0.7096774193548387,0.22580645161290322,0.12903225806451613,2
2023-08-28,0.3870967741935484,0.21616203841263476,0.09034086143470053,0.9032258064516129,0.7419354838709677,0.3870967741935484,2
2023-08-29,0.0967741935483871,0.12422916173673842,0.03580539307564097,0.8387096774193549,0.3225806451612903,0.0967741935483871,2
2023-08-30,0.0967741935483871,0.1263275409836066,0.028664898579891063,0.8064516129032258,0.22580645161290322,0.0967741935483871,2
2023-08-31,0.0,0.0651951495760677,0.0008476977288979872,0.5806451612903226,0.16129032258064516,0.0,1
2023-09-01,0.03225806451612903,0.0873073272009211,-0.019122065711873224,0.22580645161290322,0.0967741935483871,0.03225806451612903,1
2023-09-04,0.0,0.06903251664066884,-0.026378635860731803,0.22580645161290322,0.0967741935483871,0.0,1
2023-09-05,0.0,0.08913111133549051,-0.011253058069400511,0.3870967741935484,0.06451612903225806,0.0,1
2023-09-06,0.0,0.06728290211413762,-0.020540885707514212,0.1935483870967742,0.03225806451612903,0.0,1
2023-09-07,0.03225806451612903,0.10272136895696432,-0.006797020197212408,0.3225806451612903,0.12903225806451613,0.03225806451612903,1
2023-09-08,0.0967741935483871,0.12049938090360762,-0.00444050848143314,0.25806451612903225,0.16129032258064516,0.0967741935483871,2
2023-09-11,0.06451612903225806,0.14313963971139426,-0.006130115482122275,0.25806451612903225,0.0967741935483871,0.06451612903225806,2
2023-09-12,0.03225806451612903,0.10192240507431999,-0.01591299433604944,0.16129032258064516,0.06451612903225806,0.03225806451612903,1
2023-09-13,0.03225806451612903,0.09974907020572693,-0.01849243763629105,0.1935483870967742,0.06451612903225806,0.03225806451612903,1
2023-09-14,0.0,0.09189190165151734,-0.019164356447181886,0.1935483870967742,0.06451612903225806,0.0,1
2023-09-15,0.03225806451612903,0.20062730682786953,0.0047973683317641385,0.3548387096774194,0.06451612903225806,0.03225806451612903,1
2023-09-18,0.03225806451612903,0.23301847607452772,-0.0088936794883072,0.12903225806451613,0.06451612903225806,0.03225806451612903,1
2023-09-19,0.03225806451612903,0.17327637113018687,-0.0042093241372511535,0.1935483870967742,0.06451612903225806,0.03225806451612903,1
2023-09-20,0.03225806451612903,0.2800459133447887,0.01462819732022047,0.41935483870967744,0.03225806451612903,0.03225806451612903,1
2023-09-21,0.0,0.08105101554509314,0.012454689907387186,0.7096774193548387,0.06451612903225806,0.0,0
2023-09-22,0.03225806451612903,0.1584338064814102,-0.004592065325203291,0.2903225806451613,0.0967741935483871,0.03225806451612903,1
2023-09-25,0.06451612903225806,0.2058703249361081,0.006967622731646698,0.3870967741935484,0.12903225806451613,0.06451612903225806,2
2023-09-26,0.03225806451612903,0.15441966494507425,0.001707181580971051,0.41935483870967744,0.06451612903225806,0.03225806451612903,1
2023-09-27,0.06451612903225806,0.12672146645089005,-0.004306912622819693,0.25806451612903225,0.0967741935483871,0.06451612903225806,2
2023-09-28,0.0,0.05420941823010057,-0.026450351524803344,0.25806451612903225,0.03225806451612903,0.0,0
2023-10-09,0.03225806451612903,0.13269519290177217,-0.01989297987712787,0.25806451612903225,0.12903225806451613,0.03225806451612903,1
2023-10-10,0.0967741935483871,0.23421786925872687,-0.005085905984201942,0.25806451612903225,0.16129032258064516,0.0967741935483871,2
2023-10-11,0.03225806451612903,0.11437168333681053,-0.04209920473765461,0.16129032258064516,0.03225806451612903,0.03225806451612903,1
2023-10-12,0.03225806451612903,0.22085519653022498,-0.03336510024264146,0.0967741935483871,0.03225806451612903,0.03225806451612903,1
2023-10-13,0.03225806451612903,0.3080254707659754,-0.036510216982048226,0.0967741935483871,0.03225806451612903,0.03225806451612903,1
2023-10-16,0.03225806451612903,0.09410359231776527,-0.05904195994447868,0.0967741935483871,0.03225806451612903,0.03225806451612903,1
2023-10-17,0.0,0.041380589366946836,-0.04783631379544711,0.0967741935483871,0.03225806451612903,0.0,0
2023-10-18,0.03225806451612903,0.09070213158209767,-0.020805809785050557,0.3225806451612903,0.0967741935483871,0.03225806451612903,1
2023-10-19,0.0625,0.16931619516579682,0.009462093131510212,0.65625,0.1875,0.0625,2
2023-10-20,0.0625,0.167922708697876,0.03505026774223577,0.6875,0.4375,0.0625,2
2023-10-23,0.21875,0.17934558284330676,0.06512210106702897,0.84375,0.53125,0.21875,2
2023-10-24,0.1875,0.18179420250896056,0.0523040139245758,0.78125,0.34375,0.1875,2
2023-10-25,0.125,0.16991815508921554,0.03422833144565732,0.75,0.25,0.125,2
2023-10-26,0.0625,0.16016050348152105,0.02032625979226498,0.53125,0.1875,0.0625,2
2023-10-27,0.06060606060606061,0.10748101010101013,0.011779881075126264,0.5454545454545454,0.12121212121212122,0.06060606060606061,2
2023-10-30,0.09090909090909091,0.17280346730733204,0.022499034316387986,0.6060606060606061,0.18181818181818182,0.09090909090909091,2
2023-10-31,0.18181818181818182,0.14881806240013457,0.04119126730013953,0.7575757575757576,0.30303030303030304,0.18181818181818182,2
2023-11-01,0.30303030303030304,0.21020483944305263,0.07592318730481104,0.8484848484848485,0.5454545454545454,0.30303030303030304,2
2023-11-02,0.18181818181818182,0.3068032576876595,0.0795505466043772,0.9090909090909091,0.5757575757575758,0.18181818181818182,2
2023-11-03,0.12121212121212122,0.2859338611701904,0.0538391227002787,0.6060606060606061,0.3333333333333333,0.12121212121212122,2
2023-11-06,0.15625,0.33244194180351483,0.051529700879268926,0.75,0.3125,0.15625,2
2023-11-07,0.1875,0.2313436683738797,0.05229176809178406,0.84375,0.375,0.1875,2
2023-11-08,0.09375,0.2026432039518879,0.03639839624782894,0.8125,0.21875,0.09375,2
2023-11-09,0.0625,0.22809479122434526,0.02635012499715381,0.6875,0.125,0.0625,2
2023-11-10,0.12121212121212122,0.3013943851979872,0.04744835473849866,0.6666666666666666,0.2727272727272727,0.12121212121212122,2
2023-11-13,0.15151515151515152,0.19317478553406214,0.04296226689900801,0.696969696969697,0.21212121212121213,0.15151515151515152,2
2023-11-14,0.21212121212121213,0.22861930819090664,0.052033561548203225,0.6363636363636364,0.36363636363636365,0.21212121212121213,2
2023-11-15,0.5757575757575758,0.5708286545853927,0.16149726974300682,0.6666666666666666,0.5757575757575758,0.5757575757575758,2
2023-11-16,0.5151515151515151,0.5715910241637288,0.13798031403544217,0.7878787878787878,0.5454545454545454,0.5151515151515151,2
2023-11-17,0.48484848484848486,0.6540011194008998,0.1678646538170733,0.6363636363636364,0.5151515151515151,0.48484848484848486,2
2023-11-20,0.48484848484848486,0.5642379169654953,0.14711300400377564,0.5454545454545454,0.48484848484848486,0.48484848484848486,2
2023-11-21,0.21212121212121213,0.3444681998570088,0.063529429699686,0.42424242424242425,0.2727272727272727,0.21212121212121213,2
2023-11-22,0.18181818181818182,0.3682746010453327,0.04118497388531066,0.5151515151515151,0.2727272727272727,0.18181818181818182,2
2023-11-23,0.058823529411764705,0.13147737145798083,-0.010276882192711232,0.29411764705882354,0.14705882352941177,0.058823529411764705,1
2023-11-24,0.029411764705882353,0.1884346659304253,-0.008062328762835191,0.20588235294117646,0.058823529411764705,0.029411764705882353,0
2023-11-27,0.029411764705882353,0.11259377056147196,-0.06905264884874975,0.14705882352941177,0.029411764705882353,0.029411764705882353,0
2023-11-28,0.029411764705882353,0.0846937144018321,-0.047656829751393695,0.11764705882352941,0.029411764705882353,0.029411764705882353,0
2023-11-29,0.058823529411764705,0.11932698505378109,0.004648065471285625,0.47058823529411764,0.17647058823529413,0.058823529411764705,1
2023-11-30,0.23529411764705882,0.4477768253968255,0.064151007832599,0.5588235294117647,0.35294117647058826,0.23529411764705882,2
2023-12-01,0.4117647058823529,0.4407576165944629,0.09366433447734636,0.5588235294117647,0.5,0.4117647058823529,2
2023-12-04,0.14705882352941177,0.200878032860265,0.017283504552168958,0.35294117647058826,0.20588235294117646,0.14705882352941177,2
2023-12-05,0.14705882352941177,0.3547737460487881,0.04508852244156354,0.6176470588235294,0.2647058823529412,0.14705882352941177,2
2023-12-06,0.08823529411764706,0.13727966522740492,0.014707295454617894,0.5,0.20588235294117646,0.08823529411764706,2
2023-12-07,0.11764705882352941,0.22392099435600984,0.03477083733220608,0.5588235294117647,0.29411764705882354,0.11764705882352941,2
2023-12-08,0.14705882352941177,0.21630110696475707,0.050598621236746195,0.7352941176470589,0.3235294117647059,0.14705882352941177,2
2023-12-11,0.35294117647058826,0.2957888575096277,0.08240698184155369,0.5588235294117647,0.5,0.35294117647058826,2
2023-12-12,0.24242424242424243,0.20284575065669835,0.04972419895342243,0.5454545454545454,0.42424242424242425,0.24242424242424243,2
2023-12-13,0.06060606060606061,0.1429211905492917,-0.025043953722406087,0.21212121212121213,0.18181818181818182,0.06060606060606061,1
2023-12-14,0.029411764705882353,0.08324858679826735,-0.04857365580822183,0.17647058823529413,0.029411764705882353,0.029411764705882353,0
2023-12-15,0.029411764705882353,0.1546454993277881,-0.028694346129760857,0.17647058823529413,0.11764705882352941,0.029411764705882353,0
2023-12-18,0.08823529411764706,0.23384133147605832,-0.014789797777435991,0.2647058823529412,0.08823529411764706,0.08823529411764706,2
2023-12-19,0.08823529411764706,0.26653176227102826,0.008228612615179105,0.29411764705882354,0.17647058823529413,0.08823529411764706,2
2023-12-20,0.058823529411764705,0.19996520008740398,0.004720356052401484,0.38235294117647056,0.17647058823529413,0.058823529411764705,1
2023-12-21,0.35294117647058826,0.31303456314664346,0.08753777382957609,0.6470588235294118,0.47058823529411764,0.35294117647058826,2
2023-12-22,0.38235294117647056,0.5228341864139022,0.12102915561760254,0.8529411764705882,0.5882352941176471,0.38235294117647056,2
2023-12-25,0.35294117647058826,0.5137638374015367,0.12118368061253824,0.9117647058823529,0.6764705882352942,0.35294117647058826,2
2023-12-26,0.37142857142857144,0.46124863872742916,0.12299505745054766,0.9428571428571428,0.7714285714285715,0.37142857142857144,2
2023-12-27,0.3142857142857143,0.3451681794082968,0.09961753389560642,0.7714285714285715,0.6,0.3142857142857143,2
2023-12-28,0.05714285714285714,0.316175682269229,0.025459900850981206,0.5428571428571428,0.2,0.05714285714285714,1
2023-12-29,0.02857142857142857,0.1767146691360055,-0.042349352800034844,0.14285714285714285,0.05714285714285714,0.02857142857142857,0
2024-01-02,0.02857142857142857,0.1450542558802948,-0.07022627791775986,0.14285714285714285,0.02857142857142857,0.02857142857142857,0
2024-01-03,0.0,0.030531993935460536,-0.07826432556154934,0.08571428571428572,0.0,0.0,0
2024-01-04,0.0,0.013716357503632492,-0.11112127174903787,0.05714285714285714,0.0,0.0,0
2024-01-05,0.0,0.024193938101889367,-0.09331591196292405,0.11428571428571428,0.0,0.0,0
2024-01-08,0.0,0.0652495075714889,-0.08022297143057883,0.14285714285714285,0.05714285714285714,0.0,0
2024-01-09,0.0,0.08917689740701057,-0.026969294466782402,0.17142857142857143,0.08571428571428572,0.0,0
2024-01-10,0.0,0.05208854880929576,-0.055020359038692956,0.08571428571428572,0.02857142857142857,0.0,0
2024-01-11,0.0,0.07874659159478165,-0.028094063338023893,0.22857142857142856,0.11428571428571428,0.0,0
2024-01-12,0.2857142857142857,0.2711352761680994,0.060782995424078744,0.5142857142857142,0.37142857142857144,0.2857142857142857,2
2024-01-15,0.05714285714285714,0.2099207860370311,-0.04721240474774758,0.17142857142857143,0.11428571428571428,0.05714285714285714,1
2024-01-16,0.17142857142857143,0.23308886821006855,0.011584313275975068,0.37142857142857144,0.2857142857142857,0.17142857142857143,2
2024-01-17,0.05714285714285714,0.16722618157784047,-0.008192741337238473,0.2857142857142857,0.17142857142857143,0.05714285714285714,1
2024-01-18,0.02857142857142857,0.10016722634198766,-0.028212380435423987,0.17142857142857143,0.08571428571428572,0.02857142857142857,0
2024-01-19,0.02857142857142857,0.0730942157032321,-0.0598262166421863,0.11428571428571428,0.02857142857142857,0.02857142857142857,0
2024-01-22,0.02857142857142857,0.13752483421521694,-0.05354747667608288,0.22857142857142856,0.05714285714285714,0.02857142857142857,0
2024-01-23,0.0,0.06755100476340031,-0.09196728024607968,0.08571428571428572,0.02857142857142857,0.0,0
2024-01-24,0.0,0.0038246407724102476,-0.11442048556580812,0.05714285714285714,0.0,0.0,0
2024-01-25,0.0,0.01779805104861605,-0.1273374688579655,0.02857142857142857,0.0,0.0,0
2024-01-26,0.0,0.008946484959002533,-0.19293537947043968,0.02857142857142857,0.0,0.0,0
2024-01-29,0.0,0.0016563182452761886,-0.15164157983439788,0.02857142857142857,0.0,0.0,0
2024-01-30,0.08333333333333333,0.14391222397492603,-0.06845905787274202,0.2222222222222222,0.1388888888888889,0.08333333333333333,2
2024-01-31,0.08333333333333333,0.22650359109102952,-0.050396769783095804,0.2222222222222222,0.16666666666666666,0.08333333333333333,2
2024-02-01,0.1388888888888889,0.2639535090020724,0.0019753805885798273,0.4166666666666667,0.25,0.1388888888888889,2
2024-02-02,0.4444444444444444,0.2967093802592444,0.09938957522967411,0.6944444444444444,0.5833333333333334,0.4444444444444444,2
2024-02-05,0.4722222222222222,0.29085090871078434,0.14160270030334415,0.7222222222222222,0.6388888888888888,0.4722222222222222,2
2024-02-06,0.3333333333333333,0.2364236153441933,0.09300309357258062,0.8055555555555556,0.6111111111111112,0.3333333333333333,2
2024-02-07,0.4722222222222222,0.4712765353583295,0.1589353859585544,0.8333333333333334,0.6388888888888888,0.4722222222222222,2
2024-02-08,0.2222222222222222,0.2819752703773487,0.06330477861684992,0.5555555555555556,0.3055555555555556,0.2222222222222222,2
2024-02-19,0.3055555555555556,0.4076619898909285,0.09550732834657859,0.7777777777777778,0.4722222222222222,0.3055555555555556,2
2024-02-20,0.3888888888888889,0.659919801290064,0.13613557694835118,0.8888888888888888,0.7222222222222222,0.3888888888888889,2
2024-02-21,0.08333333333333333,0.3361459009340255,0.0431160186837994,0.5555555555555556,0.2777777777777778,0.08333333333333333,1
2024-02-22,0.25,0.47409818895114986,0.08997342250346212,0.8333333333333334,0.4166666666666667,0.25,2
2024-02-23,0.2222222222222222,0.21991741868835285,0.059667945459608365,0.7222222222222222,0.4166666666666667,0.2222222222222222,2
2024-02-26,0.1388888888888889,0.19410376873661678,0.03050762616455542,0.5277777777777778,0.2777777777777778,0.1388888888888889,2
2024-02-27,0.08333333333333333,0.11327441908675978,-0.0418990441280205,0.2222222222222222,0.1111111111111111,0.08333333333333333,1
2024-02-28,0.1111111111111111,0.3400903444416463,0.03331655255281971,0.5277777777777778,0.25,0.1111111111111111,2
2024-02-29,0.027777777777777776,0.22301179679171199,-0.025210873608539817,0.2222222222222222,0.1111111111111111,0.027777777777777776,0
2024-03-01,0.027777777777777776,0.3380303739510686,-0.012090326248375572,0.25,0.08333333333333333,0.027777777777777776,0
2024-03-04,0.05555555555555555,0.24680072161535924,0.015344007746308218,0.4722222222222222,0.1111111111111111,0.05555555555555555,1
2024-03-05,0.027777777777777776,0.18056155998153875,0.032339886017146185,0.5555555555555556,0.3333333333333333,0.027777777777777776,0
2024-03-06,0.05555555555555555,0.20018801583374563,0.013308723069106345,0.4722222222222222,0.19444444444444445,0.05555555555555555,1
2024-03-07,0.08333333333333333,0.12856314052466128,0.022295274695832056,0.5277777777777778,0.2222222222222222,0.08333333333333333,1
2024-03-08,0.05555555555555555,0.122085347760643,0.04387417058634396,0.8055555555555556,0.3055555555555556,0.05555555555555555,1
2024-03-11,0.05555555555555555,0.16487680715197955,0.034318495263613635,0.5555555555555556,0.25,0.05555555555555555,1
2024-03-12,0.08333333333333333,0.1305838607265612,0.024333987468093385,0.5277777777777778,0.1111111111111111,0.08333333333333333,1
2024-03-13,0.1111111111111111,0.13951466183574873,0.036283022804125285,0.6666666666666666,0.3055555555555556,0.1111111111111111,2
2024-03-14,0.05555555555555555,0.1476807580751483,0.03349167631592847,0.6111111111111112,0.25,0.05555555555555555,1
2024-03-15,0.05555555555555555,0.1025047851557635,-0.017405639230037347,0.2777777777777778,0.1111111111111111,0.05555555555555555,1
2024-03-18,0.027777777777777776,0.10572637505499577,-0.043198390499920775,0.16666666666666666,0.027777777777777776,0.027777777777777776,0
2024-03-19,0.0,0.04995086882434337,-0.058792518668311276,0.1388888888888889,0.027777777777777776,0.0,0
2024-03-20,0.0,0.0776095918367346,-0.061934844892633144,0.08333333333333333,0.05555555555555555,0.0,0
2024-03-21,0.0,0.0472806926890122,-0.03608633417640762,0.1388888888888889,0.027777777777777776,0.0,0
2024-03-22,0.0,0.05950302447630869,-0.01423066142567408,0.3055555555555556,0.05555555555555555,0.0,0
2024-03-25,0.0,0.07020830767607572,0.011475754638948161,0.4722222222222222,0.1388888888888889,0.0,0
2024-03-26,0.0,0.08755045820712776,0.005561980560584356,0.4444444444444444,0.05555555555555555,0.0,0
2024-03-27,0.027777777777777776,0.1228119251725564,0.012707543412268743,0.3611111111111111,0.2222222222222222,0.027777777777777776,0
2024-03-28,0.027777777777777776,0.09161155126019888,-0.03843442745920024,0.1111111111111111,0.05555555555555555,0.027777777777777776,0
2024-03-29,0.027777777777777776,0.10804532311527143,-0.029051516736134746,0.19444444444444445,0.08333333333333333,0.027777777777777776,0
2024-04-01,0.0,0.05906642947123004,-0.033457306586998095,0.1388888888888889,0.027777777777777776,0.0,0
2024-04-02,0.08333333333333333,0.1810051380894237,-0.009797062444857785,0.2222222222222222,0.1111111111111111,0.08333333333333333,2
2024-04-03,0.027777777777777776,0.22815069879945846,-0.010704613623786231,0.2222222222222222,0.08333333333333333,0.027777777777777776,0
2024-04-08,0.05555555555555555,0.14008869755444792,-0.044621818488295474,0.19444444444444445,0.05555555555555555,0.05555555555555555,1
2024-04-09,0.0,0.07158044481029863,-0.08303164764112032,0.05555555555555555,0.05555555555555555,0.0,0
2024-04-10,0.05555555555555555,0.14552573489337234,-0.04535938031807176,0.19444444444444445,0.08333333333333333,0.05555555555555555,1
2024-04-11,0.0,0.05885105597964375,-0.047949322686783015,0.08333333333333333,0.027777777777777776,0.0,0
2024-04-12,0.0,0.08506286322297824,-0.03734546667982871,0.16666666666666666,0.08333333333333333,0.0,0
2024-04-15,0.08333333333333333,0.30747498442607624,0.016618803305467254,0.3333333333333333,0.1388888888888889,0.08333333333333333,2
2024-04-16,0.1388888888888889,0.20896224348175646,0.055614228618693126,0.6944444444444444,0.4166666666666667,0.1388888888888889,2
2024-04-17,0.08333333333333333,0.16209683305887196,0.021999427315142792,0.4444444444444444,0.2222222222222222,0.08333333333333333,2
2024-04-18,0.05555555555555555,0.11440428737490876,0.020663476478463158,0.5555555555555556,0.19444444444444445,0.05555555555555555,1
2024-04-19,0.2222222222222222,0.2505701485545664,0.07543443604051817,0.7222222222222222,0.4722222222222222,0.2222222222222222,2
2024-04-22,0.25,0.2586414658069205,0.08482931687031883,0.8611111111111112,0.5277777777777778,0.25,2
2024-04-23,0.2222222222222222,0.220284962129054,0.0688383240028734,0.7777777777777778,0.4722222222222222,0.2222222222222222,2
2024-04-24,0.2777777777777778,0.21422341155234653,0.07721411919781676,0.7777777777777778,0.5,0.2777777777777778,2
2024-04-25,0.16666666666666666,0.2159094739695506,0.06758678528711862,0.7777777777777778,0.5,0.16666666666666666,2
2024-04-26,0.05555555555555555,0.12135776105004675,0.03277041267728061,0.6388888888888888,0.2777777777777778,0.05555555555555555,1
2024-04-29,0.05555555555555555,0.13550450418490229,0.028649163317736023,0.6388888888888888,0.2222222222222222,0.05555555555555555,1
2024-04-30,0.027777777777777776,0.1167595856344194,0.0027067822119328814,0.3055555555555556,0.1388888888888889,0.027777777777777776,0
2024-05-06,0.027777777777777776,0.09876824775858889,-0.019158820512366392,0.19444444444444445,0.05555555555555555,0.027777777777777776,0
2024-05-07,0.027777777777777776,0.08985695494399798,-0.020530144571086425,0.16666666666666666,0.08333333333333333,0.027777777777777776,0
2024-05-08,0.0,0.051871712130452226,-0.02047916440923047,0.16666666666666666,0.027777777777777776,0.0,0
2024-05-09,0.0,0.04954001440759999,-0.02884334572476171,0.1388888888888889,0.027777777777777776,0.0,0
2024-05-10,0.027777777777777776,0.1506072325375774,0.003155278291119119,0.3333333333333333,0.1388888888888889,0.027777777777777776,0
2024-05-13,0.027777777777777776,0.15424995857859175,0.013689665438428693,0.4444444444444444,0.1388888888888889,0.027777777777777776,0
2024-05-14,0.027777777777777776,0.09290336671435379,-0.0029125810588324125,0.3611111111111111,0.08333333333333333,0.027777777777777776,0
2024-05-15,0.027777777777777776,0.1014207285216881,0.01165151021634403,0.4722222222222222,0.08333333333333333,0.027777777777777776,0
2024-05-16,0.05555555555555555,0.2975085009081361,0.03449348393445302,0.5277777777777778,0.19444444444444445,0.05555555555555555,1
2024-05-17,0.05555555555555555,0.2701005587012012,0.001882485235915779,0.2777777777777778,0.05555555555555555,0.05555555555555555,1
2024-05-20,0.05555555555555555,0.3183683526533979,0.01265827321524005,0.3333333333333333,0.1388888888888889,0.05555555555555555,1
2024-05-21,0.08333333333333333,0.4599424829226738,0.03135703196322889,0.5,0.16666666666666666,0.08333333333333333,2
2024-05-22,0.027777777777777776,0.310993437381043,0.005051033062458671,0.2777777777777778,0.08333333333333333,0.027777777777777776,0
2024-05-23,0.027777777777777776,0.09593880985588105,-0.027406857917482135,0.1388888888888889,0.05555555555555555,0.027777777777777776,0
2024-05-24,0.027777777777777776,0.16974027767726604,0.0016284348744165557,0.3055555555555556,0.1111111111111111,0.027777777777777776,0
2024-05-27,0.027777777777777776,0.13333523005548858,-0.03049896719529763,0.1111111111111111,0.05555555555555555,0.027777777777777776,0
2024-05-28,0.027777777777777776,0.12933538777304104,-0.006839739721968607,0.3055555555555556,0.1111111111111111,0.027777777777777776,0
2024-05-29,0.0,0.0670673365004289,-0.03508435745792647,0.19444444444444445,0.027777777777777776,0.0,0
2024-05-30,0.027777777777777776,0.10468728981924119,-0.03698744051616005,0.16666666666666666,0.05555555555555555,0.027777777777777776,0
2024-05-31,0.027777777777777776,0.17808023024010775,-0.030431113823901276,0.16666666666666666,0.027777777777777776,0.027777777777777776,0
2024-06-03,0.0,0.07161413326300975,-0.006927673474360504,0.2777777777777778,0.1111111111111111,0.0,0
2024-06-04,0.05555555555555555,0.10689384307298261,0.002446054099696852,0.3888888888888889,0.1111111111111111,0.05555555555555555,1
2024-06-05,0.05555555555555555,0.1652775487115022,0.023709138897723636,0.5277777777777778,0.16666666666666666,0.05555555555555555,1
2024-06-06,0.05555555555555555,0.15318614875847764,0.039578206340485055,0.7222222222222222,0.2777777777777778,0.05555555555555555,1
2024-06-07,0.08333333333333333,0.16507815694193467,0.04051853182408084,0.6388888888888888,0.3055555555555556,0.08333333333333333,2
2024-06-11,0.05555555555555555,0.18698807741272322,0.03513692997381286,0.6111111111111112,0.25,0.05555555555555555,1
2024-06-12,0.05555555555555555,0.17293786569541553,0.026876890507627448,0.5833333333333334,0.19444444444444445,0.05555555555555555,1
2024-06-13,0.05555555555555555,0.23220506737865548,0.006073560929494561,0.3333333333333333,0.1111111111111111,0.05555555555555555,1
2024-06-14,0.027777777777777776,0.12129883770912736,-0.004146861499595896,0.3888888888888889,0.1111111111111111,0.027777777777777776,0
2024-06-17,0.0,0.08595826067340157,-0.029201447306105896,0.25,0.08333333333333333,0.0,0
2024-06-18,0.027777777777777776,0.0833600362976406,-0.03592444037045035,0.19444444444444445,0.05555555555555555,0.027777777777777776,0
2024-06-19,0.0,0.050801739666519526,-0.02642774595935748,0.16666666666666666,0.027777777777777776,0.0,0
2024-06-20,0.0,0.05029575333816556,-0.021725269084509575,0.16666666666666666,0.027777777777777776,0.0,0
2024-06-21,0.0,0.036813940429427275,-0.014150125069748809,0.2777777777777778,0.0,0.0,0
2024-06-24,0.027777777777777776,0.1236070593256508,0.01651851026306507,0.5277777777777778,0.1111111111111111,0.027777777777777776,0
2024-06-25,0.027777777777777776,0.10015714632113354,0.018377074490776506,0.5555555555555556,0.1388888888888889,0.027777777777777776,0
2024-06-26,0.05555555555555555,0.158465662913652,-0.005988282959165727,0.25,0.1111111111111111,0.05555555555555555,1
2024-06-27,0.027777777777777776,0.18077160431671455,-0.013616685281430046,0.16666666666666666,0.05555555555555555,0.027777777777777776,0
2024-06-28,0.027777777777777776,0.20004714398448895,-0.019203162228669468,0.2222222222222222,0.027777777777777776,0.027777777777777776,0
2024-07-01,0.027777777777777776,0.16676455091645256,-0.047172625164130164,0.1111111111111111,0.027777777777777776,0.027777777777777776,0
2024-07-02,0.0,0.08214934322634532,-0.03792137131803255,0.1388888888888889,0.05555555555555555,0.0,0
2024-07-03,0.027777777777777776,0.13418246055435173,-0.005761980698321737,0.25,0.16666666666666666,0.027777777777777776,0
2024-07-04,0.027777777777777776,0.09853261449377088,0.018554402188265325,0.5,0.2222222222222222,0.027777777777777776,0
2024-07-05,0.027777777777777776,0.10301032160755125,0.026584772323180534,0.5555555555555556,0.2222222222222222,0.027777777777777776,0
2024-07-08,0.1111111111111111,0.18441927773641104,0.051270401006007625,0.6944444444444444,0.3888888888888889,0.1111111111111111,2
2024-07-09,0.2222222222222222,0.16419551047456066,0.06323575682224682,0.7777777777777778,0.4722222222222222,0.2222222222222222,2
2024-07-10,0.4166666666666667,0.26002641607528476,0.09849267578907447,0.6388888888888888,0.5555555555555556,0.4166666666666667,2
2024-07-11,0.19444444444444445,0.19988931279638794,0.055827243125273235,0.6388888888888888,0.4444444444444444,0.19444444444444445,2
2024-07-12,0.3055555555555556,0.20470595746887293,0.056611121347973706,0.5277777777777778,0.4444444444444444,0.3055555555555556,2
2024-07-15,0.1388888888888889,0.2557330455351864,0.054549545133642546,0.6111111111111112,0.4166666666666667,0.1388888888888889,2
2024-07-16,0.027777777777777776,0.10034774193548385,-0.029944512242134375,0.19444444444444445,0.05555555555555555,0.027777777777777776,0
2024-07-17,0.05555555555555555,0.13918317840029443,-0.05597367255041074,0.16666666666666666,0.05555555555555555,0.05555555555555555,1
2024-07-18,0.0,0.09421577019325916,-0.027423699055836564,0.25,0.08333333333333333,0.0,0
2024-07-19,0.027777777777777776,0.12122305746422507,-0.011422283699858624,0.3611111111111111,0.08333333333333333,0.027777777777777776,0
2024-07-22,0.027777777777777776,0.13279827239020908,-0.007610052755555817,0.3333333333333333,0.1388888888888889,0.027777777777777776,0
2024-07-23,0.05555555555555555,0.13837499333271658,0.025399525060467717,0.6111111111111112,0.19444444444444445,0.05555555555555555,1
2024-07-24,0.25,0.21111766771605195,0.0877694822183715,0.8888888888888888,0.6666666666666666,0.25,2
2024-07-25,0.08333333333333333,0.13996679373723614,0.05560731393240495,0.8055555555555556,0.4166666666666667,0.08333333333333333,2
2024-07-26,0.05555555555555555,0.1094959758221778,0.013229931599940495,0.4444444444444444,0.16666666666666666,0.05555555555555555,1
2024-07-29,0.05555555555555555,0.18553581609793685,0.005571388286943045,0.4166666666666667,0.1111111111111111,0.05555555555555555,1
2024-07-30,0.0,0.04842989031337082,-0.01713432774294114,0.25,0.027777777777777776,0.0,0
2024-07-31,0.0,0.010718605509424006,-0.03929235903636277,0.19444444444444445,0.0,0.0,0
2024-08-01,0.0,0.050895842134519094,-0.032376732236191835,0.1111111111111111,0.027777777777777776,0.0,0
2024-08-02,0.0,0.035241103588726855,-0.022322600692045766,0.19444444444444445,0.027777777777777776,0.0,0
2024-08-05,0.0,0.040627085403854804,-0.009046412866872692,0.2222222222222222,0.0,0.0,0
2024-08-06,0.0,0.045022023927070734,-0.002382878930290522,0.3888888888888889,0.027777777777777776,0.0,0
2024-08-07,0.027777777777777776,0.07775519753946541,-0.00811736437184719,0.2777777777777778,0.027777777777777776,0.027777777777777776,0
2024-08-08,0.027777777777777776,0.10145655685792804,0.005759341118932456,0.3611111111111111,0.1111111111111111,0.027777777777777776,0
2024-08-09,0.05555555555555555,0.12910494566369807,0.012482388251242189,0.4166666666666667,0.1111111111111111,0.05555555555555555,1
2024-08-12,0.027777777777777776,0.11704333040543663,0.008793748020843315,0.4444444444444444,0.05555555555555555,0.027777777777777776,0
2024-08-13,0.027777777777777776,0.07412011190148576,-0.011283765155663402,0.2222222222222222,0.027777777777777776,0.027777777777777776,0
2024-08-14,0.027777777777777776,0.0898985576029801,-0.0027513037399698567,0.3888888888888889,0.05555555555555555,0.027777777777777776,0
2024-08-15,0.0,0.030455344223039485,-0.03758511524329724,0.1111111111111111,0.0,0.0,0
2024-08-16,0.0,0.06326355464759953,-0.030835949540700888,0.1388888888888889,0.027777777777777776,0.0,0
2024-08-19,0.0,0.06488122396920132,-0.02345747548370803,0.19444444444444445,0.05555555555555555,0.0,0
2024-08-20,0.027777777777777776,0.07444766917293238,-0.030691097169782515,0.1388888888888889,0.027777777777777776,0.027777777777777776,0
2024-08-21,0.027777777777777776,0.08898526850708938,-0.022014852409428236,0.19444444444444445,0.027777777777777776,0.027777777777777776,0
2024-08-22,0.0,0.07038439709115513,0.009021874379016723,0.5277777777777778,0.05555555555555555,0.0,0
2024-08-23,0.0,0.09037931365820168,0.023798883411843625,0.5833333333333334,0.16666666666666666,0.0,0
2024-08-26,0.0,0.05366842276537804,-0.00014496179652370554,0.4444444444444444,0.027777777777777776,0.0,0
2024-08-27,0.027777777777777776,0.09735112921852135,0.017351492068535805,0.5555555555555556,0.1111111111111111,0.027777777777777776,0
2024-08-28,0.08333333333333333,0.1621080948043609,0.0213593140890049,0.5,0.1111111111111111,0.08333333333333333,2
2024-08-29,0.027777777777777776,0.18387847552953726,0.01554525893006627,0.4722222222222222,0.05555555555555555,0.027777777777777776,0
2024-08-30,0.027777777777777776,0.10348418893360206,-0.025137271213309293,0.1111111111111111,0.027777777777777776,0.027777777777777776,0
2024-09-02,0.027777777777777776,0.12021760730794623,-0.002627020532482982,0.25,0.08333333333333333,0.027777777777777776,1
2024-09-03,0.0,0.09277929847459004,-0.0033396800142448915,0.3333333333333333,0.08333333333333333,0.0,0
2024-09-04,0.027777777777777776,0.1498955502921308,-0.0008118116338654374,0.3055555555555556,0.08333333333333333,0.027777777777777776,1
2024-09-05,0.027777777777777776,0.10617947246628484,-0.01775839901928853,0.08333333333333333,0.027777777777777776,0.027777777777777776,1
2024-09-06,0.027777777777777776,0.10414936460431329,0.004432484523805041,0.3611111111111111,0.08333333333333333,0.027777777777777776,1
2024-09-09,0.0,0.08895900351775593,0.005093774348397835,0.3888888888888889,0.08333333333333333,0.0,0
2024-09-10,0.027777777777777776,0.11303616223972351,0.010021364588570808,0.4444444444444444,0.05555555555555555,0.027777777777777776,1
2024-09-11,0.027777777777777776,0.08467096989966555,0.001902337884459596,0.3055555555555556,0.027777777777777776,0.027777777777777776,1
2024-09-12,0.027777777777777776,0.0905239180452872,0.011623910778405638,0.5,0.1111111111111111,0.027777777777777776,1
2024-09-13,0.08333333333333333,0.19727134427032328,0.05323875670454559,0.9444444444444444,0.3055555555555556,0.08333333333333333,2
2024-09-18,0.08333333333333333,0.11908335970645573,0.0520986224936359,0.9166666666666666,0.4166666666666667,0.08333333333333333,2
2024-09-19,0.2222222222222222,0.382378727307241,0.1005242797769745,1.0,0.6944444444444444,0.2222222222222222,2
2024-09-20,0.9444444444444444,1.1108894780047371,0.2827006259767897,0.9722222222222222,0.9722222222222222,0.9444444444444444,2
2024-09-23,0.9722222222222222,1.281166750705287,0.6737482796736336,0.9722222222222222,0.9722222222222222,0.9722222222222222,2
2024-09-24,0.8888888888888888,1.5130435290998276,0.4734695035000577,1.0,1.0,0.8888888888888888,2
2024-09-25,0.8055555555555556,0.9305717618903158,0.38338791650678855,0.9444444444444444,0.9444444444444444,0.8055555555555556,2
2024-09-26,0.5277777777777778,0.4176357999467206,0.17857601796305222,0.6944444444444444,0.6666666666666666,0.5277777777777778,2
2024-09-27,0.0,0.08815231695085252,0.003778602173935285,0.1111111111111111,0.027777777777777776,0.0,0
2024-09-30,0.0,0.0049208462505237575,-0.09433099424168707,0.027777777777777776,0.0,0.0,0
2024-10-08,0.027777777777777776,0.28797445199715155,-0.07659315523198287,0.1388888888888889,0.08333333333333333,0.027777777777777776,1
2024-10-09,0.11428571428571428,1.1290057130320317,0.08463583940666584,0.5142857142857142,0.2857142857142857,0.11428571428571428,2
2024-10-10,0.22857142857142856,0.46829834910678747,0.06235286470989765,0.4857142857142857,0.3142857142857143,0.22857142857142856,2
2024-10-11,0.4857142857142857,1.0246658162126563,0.23884772915085253,0.6285714285714286,0.5428571428571428,0.4857142857142857,2
2024-10-14,0.5142857142857142,2.1712964086687307,0.3234028989454882,0.8571428571428571,0.6285714285714286,0.5142857142857142,2
2024-10-15,0.42857142857142855,0.8012611875142548,0.20003489878612318,0.8285714285714286,0.7714285714285715,0.42857142857142855,2
2024-10-16,0.3333333333333333,0.7754342165552275,0.15634556050892873,0.7777777777777778,0.5,0.3333333333333333,2
2024-10-17,0.3888888888888889,0.598054277400171,0.15140236403691013,0.6666666666666666,0.5,0.3888888888888889,2
2024-10-18,0.16666666666666666,0.2289321628498729,0.04998075812485491,0.3888888888888889,0.2222222222222222,0.16666666666666666,2
2024-10-21,0.25,0.3295678579610538,0.04461189060749519,0.5,0.3611111111111111,0.25,2
2024-10-22,0.25,0.35076812982089234,0.0690482983873837,0.5555555555555556,0.3888888888888889,0.25,2
2024-10-23,0.2777777777777778,0.31691749027571847,0.07068257639632551,0.5555555555555556,0.3888888888888889,0.2777777777777778,2
2024-10-24,0.1388888888888889,0.20793948862836792,-0.02748444641924744,0.2777777777777778,0.16666666666666666,0.1388888888888889,2
2024-10-25,0.027777777777777776,0.14602269992663247,-0.047666765912357974,0.2222222222222222,0.05555555555555555,0.027777777777777776,0
2024-10-28,0.08333333333333333,0.3135816973967487,-0.014434292475653277,0.2222222222222222,0.1111111111111111,0.08333333333333333,2
2024-10-29,0.08571428571428572,0.19020183537502694,0.006511823321560252,0.4857142857142857,0.17142857142857143,0.08571428571428572,2
2024-10-30,0.17142857142857143,0.5530581931625576,0.0639344740966586,0.6,0.2571428571428571,0.17142857142857143,2
2024-10-31,0.42857142857142855,0.5462937118530089,0.17261517629067966,0.8571428571428571,0.6571428571428571,0.42857142857142855,2
2024-11-01,0.5428571428571428,0.5665214842944265,0.19413671997268286,0.8285714285714286,0.7142857142857143,0.5428571428571428,2
2024-11-04,0.34285714285714286,0.3344090277859555,0.11045951346573901,0.7428571428571429,0.5714285714285714,0.34285714285714286,2
2024-11-05,0.17142857142857143,0.332619808355475,0.05431911544567299,0.6857142857142857,0.2571428571428571,0.17142857142857143,2
2024-11-06,0.11428571428571428,0.18817473380263444,0.04143660100263879,0.6,0.34285714285714286,0.11428571428571428,2
2024-11-07,0.08571428571428572,0.22683197543737682,-0.015989992981783767,0.17142857142857143,0.11428571428571428,0.08571428571428572,2
2024-11-08,0.11428571428571428,0.2832461142924657,-0.0011413494866770587,0.2571428571428571,0.17142857142857143,0.11428571428571428,2
2024-11-11,0.08333333333333333,0.17829258569491296,-0.04970406070332066,0.2222222222222222,0.1388888888888889,0.08333333333333333,2
2024-11-12,0.05405405405405406,0.22890957896715167,-0.03155615011849057,0.1891891891891892,0.08108108108108109,0.05405405405405406,1
2024-11-13,0.02702702702702703,0.09766387750780775,-0.030404787104473512,0.21621621621621623,0.08108108108108109,0.02702702702702703,0
2024-11-14,0.08108108108108109,0.28415974635742836,0.024784310091732778,0.4594594594594595,0.13513513513513514,0.08108108108108109,1
2024-11-15,0.05405405405405406,0.16102143246846173,-0.022115325088942216,0.16216216216216217,0.05405405405405406,0.05405405405405406,1
2024-11-18,0.10810810810810811,0.31938034515985225,0.04495238451880947,0.5675675675675675,0.1891891891891892,0.10810810810810811,2
2024-11-19,0.02631578947368421,0.13039120544856303,-0.015054690293042006,0.21052631578947367,0.07894736842105263,0.02631578947368421,0
2024-11-20,0.05263157894736842,0.3716064770240699,0.0037635714906434107,0.2894736842105263,0.10526315789473684,0.05263157894736842,1
2024-11-21,0.02631578947368421,0.2858327972027972,-0.011939434240622418,0.21052631578947367,0.10526315789473684,0.02631578947368421,0
2024-11-22,0.02631578947368421,0.10874720256201525,0.018702072458677593,0.4473684210526316,0.18421052631578946,0.02631578947368421,0
2024-11-25,0.23684210526315788,0.19414141147073977,0.06989320283930442,0.7894736842105263,0.4473684210526316,0.23684210526315788,2
2024-11-26,0.39473684210526316,0.5069378430759507,0.1348440494096867,0.868421052631579,0.631578947368421,0.39473684210526316,2
2024-11-27,0.10526315789473684,0.31500264309715365,0.04836742251085869,0.6052631578947368,0.2631578947368421,0.10526315789473684,2
2024-11-28,0.21052631578947367,0.6067571691926256,0.09149651386665365,0.7105263157894737,0.34210526315789475,0.21052631578947367,2
2024-11-29,0.05263157894736842,0.49795924488798937,0.04247182022312,0.5263157894736842,0.15789473684210525,0.05263157894736842,1
2024-12-02,0.05263157894736842,0.10798332068208699,0.0004183737661857728,0.47368421052631576,0.15789473684210525,0.05263157894736842,1
2024-12-03,0.0,0.06537035817272902,-0.0370094484492083,0.2894736842105263,0.05263157894736842,0.0,0
2024-12-04,0.02631578947368421,0.09707838499158689,-0.00995453499491155,0.39473684210526316,0.21052631578947367,0.02631578947368421,0
2024-12-05,0.07894736842105263,0.16486830030514782,-0.021648928944579076,0.23684210526315788,0.15789473684210525,0.07894736842105263,1
2024-12-06,0.02631578947368421,0.2049975406871609,-0.009697183705693717,0.2631578947368421,0.10526315789473684,0.02631578947368421,0
2024-12-09,0.02631578947368421,0.08197754096914739,-0.044719816527895466,0.15789473684210525,0.05263157894736842,0.02631578947368421,0
2024-12-10,0.0,0.07409830808434376,-0.027650093099699565,0.23684210526315788,0.07894736842105263,0.0,0
2024-12-11,0.0,0.07459386250352668,-0.06180429284789348,0.10526315789473684,0.05263157894736842,0.0,0
2024-12-12,0.02631578947368421,0.28909111470287163,-0.025330720674806417,0.18421052631578946,0.05263157894736842,0.02631578947368421,0
2024-12-13,0.05263157894736842,0.21235918807589013,-0.019254590534028695,0.21052631578947367,0.05263157894736842,0.05263157894736842,1
2024-12-16,0.05263157894736842,0.16695277523796387,-0.02462794733278008,0.18421052631578946,0.10526315789473684,0.05263157894736842,1
2024-12-17,0.05263157894736842,0.2128816614001696,-0.0005156703251873039,0.3157894736842105,0.07894736842105263,0.05263157894736842,1
2024-12-18,0.07894736842105263,0.22533672118069412,-0.010563755150688968,0.2894736842105263,0.07894736842105263,0.07894736842105263,1
2024-12-19,0.05263157894736842,0.16944452506230973,-0.023037743490924488,0.18421052631578946,0.07894736842105263,0.05263157894736842,1
2024-12-20,0.02631578947368421,0.14151960706884742,-0.03261391643047777,0.18421052631578946,0.02631578947368421,0.02631578947368421,0
2024-12-23,0.02631578947368421,0.1593642168752361,-0.01997361886388409,0.3157894736842105,0.13157894736842105,0.02631578947368421,0
2024-12-24,0.02631578947368421,0.1467517268998168,-0.034372615847528265,0.18421052631578946,0.07894736842105263,0.02631578947368421,0
2024-12-25,0.0,0.0586802356300496,-0.01859290414066689,0.23684210526315788,0.02631578947368421,0.0,0
2024-12-26,0.0,0.02520875590963263,-0.04932902767051222,0.18421052631578946,0.0,0.0,0
2024-12-27,0.02631578947368421,0.08056583858818428,-0.05628067774733531,0.07894736842105263,0.02631578947368421,0.02631578947368421,0
2024-12-30,0.02631578947368421,0.10860481726965504,-0.008210869058825048,0.3157894736842105,0.07894736842105263,0.02631578947368421,0
2024-12-31,0.05263157894736842,0.13529529827355774,0.01892779376767826,0.5,0.23684210526315788,0.05263157894736842,1
2025-01-02,0.05263157894736842,0.11375837563966146,0.016913465808350427,0.3684210526315789,0.2631578947368421,0.05263157894736842,1
2025-01-03,0.02631578947368421,0.12804496374423208,-0.0039675219802757875,0.23684210526315788,0.07894736842105263,0.02631578947368421,0
2025-01-06,0.02631578947368421,0.10238325067705817,0.003113522356923864,0.42105263157894735,0.10526315789473684,0.02631578947368421,0
2025-01-07,0.21052631578947367,0.1747332551884126,0.06867958412785832,0.7631578947368421,0.39473684210526316,0.21052631578947367,2
2025-01-08,0.18421052631578946,0.1602495660885856,0.06173620246678331,0.7368421052631579,0.34210526315789475,0.18421052631578946,2
2025-01-09,0.10526315789473684,0.18298246607633956,0.05162518685263258,0.7105263157894737,0.34210526315789475,0.10526315789473684,2
2025-01-10,0.3684210526315789,0.29516815661445284,0.12207082173662903,0.8947368421052632,0.7105263157894737,0.3684210526315789,2
2025-01-13,0.05263157894736842,0.23043673088871505,0.049404090524311155,0.47368421052631576,0.2631578947368421,0.05263157894736842,1
2025-01-14,0.02631578947368421,0.09104124188704837,0.00978991993215455,0.42105263157894735,0.10526315789473684,0.02631578947368421,0
2025-01-15,0.07894736842105263,0.11474436172380337,0.01412623259867787,0.42105263157894735,0.15789473684210525,0.07894736842105263,1
2025-01-16,0.0,0.05478900083437639,-0.02158348207921215,0.2894736842105263,0.05263157894736842,0.0,0
2025-01-17,0.0,0.07512468467235683,-0.008631618223674458,0.34210526315789475,0.10526315789473684,0.0,0
2025-01-20,0.0,0.06308567075751176,-0.02953085464042947,0.3157894736842105,0.07894736842105263,0.0,0
2025-01-21,0.02631578947368421,0.09258032789260556,-0.012830218019715298,0.3157894736842105,0.10526315789473684,0.02631578947368421,0
2025-01-22,0.13157894736842105,0.21524460680214172,0.037600238214229906,0.5526315789473685,0.18421052631578946,0.13157894736842105,2
2025-01-23,0.23684210526315788,0.258849347453903,0.09574886310289439,0.868421052631579,0.6578947368421053,0.23684210526315788,2
2025-01-24,0.3157894736842105,0.4250448821879893,0.12302088172562972,0.9210526315789473,0.7894736842105263,0.3157894736842105,2
2025-01-27,0.5,0.5455590003874469,0.15955672268365897,0.8157894736842105,0.7368421052631579,0.5,2
2025-02-05,0.6052631578947368,0.5689165149032606,0.19537785478394296,0.868421052631579,0.7105263157894737,0.6052631578947368,2
2025-02-06,0.2631578947368421,0.4390663053155275,0.09818395879986355,0.7631578947368421,0.47368421052631576,0.2631578947368421,2
2025-02-07,0.10526315789473684,0.17870303867624854,0.03814347145461199,0.5789473684210527,0.2631578947368421,0.10526315789473684,2
2025-02-10,0.10526315789473684,0.18031236314512894,0.03351581935163702,0.5,0.23684210526315788,0.10526315789473684,2
2025-02-11,0.02631578947368421,0.11938712691727432,-0.01016676323849074,0.23684210526315788,0.05263157894736842,0.02631578947368421,0
2025-02-12,0.10526315789473684,0.1307287405522934,0.01971628588580238,0.3684210526315789,0.21052631578947367,0.10526315789473684,2
2025-02-13,0.23684210526315788,0.2060122078620527,0.06587912633234826,0.7105263157894737,0.34210526315789475,0.23684210526315788,2
2025-02-14,0.3684210526315789,0.21909274336363677,0.08072491198147867,0.6052631578947368,0.5,0.3684210526315789,2
2025-02-17,0.13157894736842105,0.19116516032519631,0.04437174382933128,0.5263157894736842,0.2894736842105263,0.13157894736842105,2
2025-02-18,0.23684210526315788,0.23479056019977845,0.08281286921283651,0.8157894736842105,0.5,0.23684210526315788,2
2025-02-19,0.15789473684210525,0.17607815982672376,0.05498528882848774,0.6578947368421053,0.39473684210526316,0.15789473684210525,2
2025-02-20,0.18421052631578946,0.3391630426042046,0.06360604122276202,0.5263157894736842,0.2894736842105263,0.18421052631578946,2
2025-02-21,0.15789473684210525,0.5720611110066895,0.06360293360699544,0.47368421052631576,0.23684210526315788,0.15789473684210525,2
2025-02-24,0.2631578947368421,0.8326009929987709,0.11129855206858674,0.5789473684210527,0.3684210526315789,0.2631578947368421,2
2025-02-25,0.34210526315789475,0.8178195311572276,0.1274167118556697,0.5789473684210527,0.4473684210526316,0.34210526315789475,2
2025-02-26,0.18421052631578946,0.2000525566807903,0.04949354261665898,0.5263157894736842,0.3684210526315789,0.18421052631578946,2
2025-02-27,0.07894736842105263,0.21406969545189056,0.040750300344879795,0.5789473684210527,0.2631578947368421,0.07894736842105263,1
2025-02-28,0.21052631578947367,0.222232535317694,0.05764292838165727,0.5263157894736842,0.39473684210526316,0.21052631578947367,2
2025-03-03,0.15789473684210525,0.22680218693904516,0.048626601135433066,0.631578947368421,0.2894736842105263,0.15789473684210525,2
2025-03-04,0.13157894736842105,0.34579322289775904,0.05402755896526928,0.631578947368421,0.2894736842105263,0.13157894736842105,2
2025-03-05,0.07894736842105263,0.2175002471954731,0.029840306960865978,0.5789473684210527,0.15789473684210525,0.07894736842105263,1
2025-03-06,0.15789473684210525,0.2004293688388425,0.03665694848649968,0.5263157894736842,0.2894736842105263,0.15789473684210525,2
2025-03-07,0.23684210526315788,0.184760145034699,0.0735903263687355,0.7368421052631579,0.47368421052631576,0.23684210526315788,2
2025-03-10,0.3157894736842105,0.21426241846331323,0.0898936175475792,0.8157894736842105,0.6052631578947368,0.3157894736842105,2
2025-03-11,0.13157894736842105,0.15036427583920892,0.04477977677317237,0.6052631578947368,0.3157894736842105,0.13157894736842105,2
2025-03-12,0.10526315789473684,0.22955241634745102,0.028262786728461418,0.47368421052631576,0.18421052631578946,0.10526315789473684,2
2025-03-13,0.02631578947368421,0.1727334835966143,-0.024172887222503495,0.23684210526315788,0.05263157894736842,0.02631578947368421,0
2025-03-14,0.0,0.05807188422236626,-0.06264079618971433,0.13157894736842105,0.02631578947368421,0.0,0
2025-03-17,0.0,0.05448561318676332,-0.08333930990955667,0.07894736842105263,0.02631578947368421,0.0,0
2025-03-18,0.02631578947368421,0.14666381673215673,-0.05882954910712536,0.10526315789473684,0.05263157894736842,0.02631578947368421,0
2025-03-19,0.02631578947368421,0.11016261634556163,-0.058723287593026724,0.10526315789473684,0.02631578947368421,0.02631578947368421,0
2025-03-20,0.05263157894736842,0.3741222064164649,0.005822390678528655,0.2631578947368421,0.10526315789473684,0.05263157894736842,1
2025-03-21,0.05263157894736842,0.4890906630847466,0.011877246122578117,0.2894736842105263,0.10526315789473684,0.05263157894736842,1
2025-03-24,0.0,0.09321159760650727,-0.02449076511930603,0.18421052631578946,0.05263157894736842,0.0,0
2025-03-25,0.05263157894736842,0.28011527704269845,0.005787597138249593,0.2894736842105263,0.18421052631578946,0.05263157894736842,1
2025-03-26,0.05263157894736842,0.1943748749388273,-0.009888055572147348,0.21052631578947367,0.10526315789473684,0.05263157894736842,1
2025-03-27,0.0,-0.018812009330959212,-0.16398725175095866,0.0,0.0,0.0,0
2025-03-28,0.0,-0.019498766790516976,-0.13448248367464852,0.0,0.0,0.0,0
2025-03-31,0.0,-0.020672434875813873,-0.1430741518758992,0.0,0.0,0.0,0
2025-04-01,0.05128205128205128,0.12694739444243958,-0.037942001786390685,0.1282051282051282,0.07692307692307693,0.05128205128205128,1
2025-04-02,0.02564102564102564,0.09428176208381306,-0.029871245162926323,0.1282051282051282,0.10256410256410256,0.02564102564102564,0
2025-04-03,0.358974358974359,0.3566184683326481,0.12036682203286932,0.9230769230769231,0.5897435897435898,0.358974358974359,2
2025-04-07,0.6410256410256411,0.40297263958365337,0.19732940142096725,0.8717948717948718,0.7948717948717948,0.6410256410256411,2
2025-04-08,0.2894736842105263,0.27716470660890935,0.1284505385489283,0.5789473684210527,0.5,0.2894736842105263,2
2025-04-09,0.05263157894736842,0.1506903726899284,0.021549192403810084,0.47368421052631576,0.18421052631578946,0.05263157894736842,1
2025-04-10,0.07894736842105263,0.2081740763373337,0.046996964496403205,0.631578947368421,0.2631578947368421,0.07894736842105263,1
2025-04-11,0.02631578947368421,0.18087397153987325,0.004231900793471657,0.3157894736842105,0.10526315789473684,0.02631578947368421,0
2025-04-14,0.13157894736842105,0.18179428564818295,0.03925095189365662,0.5526315789473685,0.23684210526315788,0.13157894736842105,2
2025-04-15,0.075,0.18143465369552908,0.040612973163103715,0.625,0.275,0.075,1
2025-04-16,0.15,0.13723303093595146,0.0593797781166512,0.725,0.425,0.15,2
2025-04-17,0.0,0.08008902743264551,0.013294822727001299,0.45,0.075,0.0,0
2025-04-18,0.025,0.10396895027624303,0.010769422914373602,0.425,0.15,0.025,0
2025-04-21,0.024390243902439025,0.07724866024374505,-0.04121646884327443,0.17073170731707318,0.04878048780487805,0.024390243902439025,0
2025-04-22,0.0,0.06781163130851536,-0.025223181110502636,0.17073170731707318,0.07317073170731707,0.0,0
2025-04-23,0.024390243902439025,0.12229627952396828,0.019008774969107068,0.43902439024390244,0.1951219512195122,0.024390243902439025,0
2025-04-24,0.2926829268292683,0.2448910848256333,0.1029099712391188,0.9024390243902439,0.6097560975609756,0.2926829268292683,2
2025-04-25,0.14634146341463414,0.24130384409162262,0.07777447849898325,0.8780487804878049,0.43902439024390244,0.14634146341463414,2
2025-04-28,0.23076923076923078,0.28329995074175124,0.2002899875496152,0.8701923076923077,0.5721153846153846,0.23076923076923078,2
2025-04-29,0.14423076923076922,0.29992326235778904,0.18779249290657585,0.8076923076923077,0.40384615384615385,0.14423076923076922,2
2025-04-30,0.10526315789473684,0.29461195203115814,0.17459110130197247,0.861244019138756,0.4019138755980861,0.10526315789473684,2
2025-05-06,0.03365384615384615,0.1291466036431987,0.08151428267145384,0.4567307692307692,0.10096153846153846,0.03365384615384615,1
2025-05-07,0.03365384615384615,0.12206485083217954,0.08505542583513012,0.5625,0.11538461538461539,0.03365384615384615,1
2025-05-08,0.009615384615384616,0.09202848900716748,0.05676891229823618,0.27403846153846156,0.0625,0.009615384615384616,0
2025-05-09,0.04326923076923077,0.12842326897350062,0.08144705394529836,0.3557692307692308,0.10096153846153846,0.04326923076923077,1
2025-05-12,0.028846153846153848,0.1299858721544019,0.07875177485629332,0.27403846153846156,0.09134615384615384,0.028846153846153848,0
2025-05-13,0.04326923076923077,0.1335580976937062,0.08826414046842851,0.4567307692307692,0.1201923076923077,0.04326923076923077,1
2025-05-14,0.04326923076923077,0.1300054914243026,0.09019964584340913,0.4182692307692308,0.13942307692307693,0.04326923076923077,1
2025-05-15,0.02403846153846154,0.10860385110805844,0.0766785371802717,0.41346153846153844,0.1201923076923077,0.02403846153846154,0
2025-05-16,0.02403846153846154,0.09997350157505848,0.061550268604122195,0.2548076923076923,0.08173076923076923,0.02403846153846154,0
2025-05-19,0.014285714285714285,0.08558884113327911,0.054850434797124356,0.2761904761904762,0.06666666666666667,0.014285714285714285,0
2025-05-20,0.014285714285714285,0.06710678040323606,0.037388624126686885,0.20476190476190476,0.02857142857142857,0.014285714285714285,0
2025-05-21,0.004761904761904762,0.06484256546740291,0.03497481519221687,0.20952380952380953,0.02857142857142857,0.004761904761904762,0
2025-05-22,0.023809523809523808,0.15676346185205664,0.08634974339624439,0.4238095238095238,0.08095238095238096,0.023809523809523808,0
2025-05-23,0.02857142857142857,0.11869374921321799,0.07435881555085627,0.44285714285714284,0.1,0.02857142857142857,0
2025-05-26,0.04285714285714286,0.19228213414175005,0.10988293808222345,0.4523809523809524,0.11904761904761904,0.04285714285714286,1
2025-05-27,0.06666666666666667,0.21123527590221408,0.12645826673429952,0.6476190476190476,0.15714285714285714,0.06666666666666667,1
2025-05-28,0.047619047619047616,0.16265632513572878,0.10739393659257708,0.7142857142857143,0.19047619047619047,0.047619047619047616,1
2025-05-29,0.03333333333333333,0.14848786644873277,0.0924677270490044,0.6523809523809524,0.11428571428571428,0.03333333333333333,1
2025-05-30,0.06666666666666667,0.16431531310709524,0.11678524124353686,0.8333333333333334,0.2857142857142857,0.06666666666666667,1
2025-06-03,0.03333333333333333,0.20227717115094543,0.11398922805818937,0.6238095238095238,0.14285714285714285,0.03333333333333333,1
2025-06-04,0.02857142857142857,0.1526968911044551,0.08588853241210266,0.5095238095238095,0.08095238095238096,0.02857142857142857,0
2025-06-05,0.05238095238095238,0.1943348027420468,0.11347439899156303,0.47619047619047616,0.12380952380952381,0.05238095238095238,1
2025-06-06,0.03333333333333333,0.14254659282788912,0.08386620341272,0.3333333333333333,0.09047619047619047,0.03333333333333333,1
2025-06-09,0.04285714285714286,0.18460151803850947,0.0952427602393777,0.3333333333333333,0.08095238095238096,0.04285714285714286,1
2025-06-10,0.0380952380952381,0.16406688916235862,0.08740405129225833,0.3761904761904762,0.07142857142857142,0.0380952380952381,1
2025-06-11,0.04285714285714286,0.14479897676471057,0.08664760408635806,0.319047619047619,0.09047619047619047,0.04285714285714286,1
2025-06-12,0.01904761904761905,0.10945869495165166,0.05722401217145491,0.16666666666666666,0.05238095238095238,0.01904761904761905,0
2025-06-13,0.004761904761904762,0.09648216431074537,0.05424630840310858,0.19523809523809524,0.05714285714285714,0.004761904761904762,0
2025-06-16,0.014285714285714285,0.113930099403714,0.06543497534401303,0.3,0.07142857142857142,0.014285714285714285,0
2025-06-17,0.0380952380952381,0.16363260164523388,0.10153071253089577,0.5761904761904761,0.1380952380952381,0.0380952380952381,1
2025-06-18,0.03333333333333333,0.1766669067623036,0.11124792378749035,0.7142857142857143,0.19047619047619047,0.03333333333333333,1
2025-06-19,0.07142857142857142,0.1703792060631978,0.12130821668109565,0.8047619047619048,0.3142857142857143,0.07142857142857142,1
2025-06-20,0.18571428571428572,0.19746824304225916,0.15305587821237587,0.8761904761904762,0.5,0.18571428571428572,2
2025-06-23,0.12380952380952381,0.2139383512875144,0.14672611344342756,0.8809523809523809,0.3952380952380952,0.12380952380952381,2
2025-06-24,0.06190476190476191,0.15968789112025464,0.11179079522408912,0.7333333333333333,0.21904761904761905,0.06190476190476191,1
2025-06-25,0.047619047619047616,0.13355896212365287,0.09029925323902609,0.49047619047619045,0.13333333333333333,0.047619047619047616,1
2025-06-26,0.03333333333333333,0.12095276004165402,0.08207883111883305,0.6428571428571429,0.13333333333333333,0.03333333333333333,1
2025-06-27,0.01904761904761905,0.11062502132482367,0.0629983120832094,0.38095238095238093,0.06190476190476191,0.01904761904761905,0
2025-06-30,0.014285714285714285,0.08570894271512969,0.051040190644174754,0.30952380952380953,0.05238095238095238,0.014285714285714285,0
2025-07-01,0.018957345971563982,0.09250129966337671,0.05818209232445168,0.45023696682464454,0.052132701421800945,0.018957345971563982,0
2025-07-02,0.03317535545023697,0.11676115745211484,0.06937573743668293,0.45023696682464454,0.07582938388625593,0.03317535545023697,1
2025-07-03,0.023696682464454975,0.11425588733270658,0.06176086908903014,0.3696682464454976,0.061611374407582936,0.023696682464454975,0
2025-07-04,0.023696682464454975,0.11976494225778445,0.07424507122337928,0.6303317535545023,0.08056872037914692,0.023696682464454975,0
2025-07-07,0.04265402843601896,0.14341099383019376,0.0856318241877108,0.6587677725118484,0.0995260663507109,0.04265402843601896,1
2025-07-08,0.02843601895734597,0.16033723709617742,0.09444155281054668,0.41232227488151657,0.11374407582938388,0.02843601895734597,0
2025-07-09,0.061611374407582936,0.14592408460095038,0.09768004638903253,0.5924170616113744,0.14218009478672985,0.061611374407582936,1
2025-07-10,0.08056872037914692,0.20390022438708846,0.13694636862237794,0.6777251184834123,0.1990521327014218,0.08056872037914692,1
2025-07-11,0.07582938388625593,0.16356237881607216,0.11316881195151723,0.6398104265402843,0.1895734597156398,0.07582938388625593,1
2025-07-14,0.09004739336492891,0.18539285591448698,0.12925260742861608,0.7251184834123223,0.2132701421800948,0.09004739336492891,2
2025-07-15,0.0947867298578199,0.2164260219142393,0.14236049402161152,0.7251184834123223,0.22274881516587677,0.0947867298578199,2
2025-07-16,0.06635071090047394,0.23699560760268543,0.1387255546663685,0.6398104265402843,0.17061611374407584,0.06635071090047394,1
2025-07-17,0.07109004739336493,0.24531607096030397,0.14341278282594155,0.5781990521327014,0.16113744075829384,0.07109004739336493,1
2025-07-18,0.04265402843601896,0.16456127480407498,0.10167089252601694,0.6587677725118484,0.14218009478672985,0.04265402843601896,1
2025-07-21,0.04265402843601896,0.17419244681777538,0.09729501934741312,0.5260663507109005,0.10426540284360189,0.04265402843601896,1
2025-07-22,0.04285714285714286,0.168018294697292,0.10130806956427842,0.5523809523809524,0.12380952380952381,0.04285714285714286,1
2025-07-23,0.0380952380952381,0.1443362328472191,0.09024664556864505,0.5,0.12380952380952381,0.0380952380952381,1
2025-07-24,0.05238095238095238,0.16360107161426177,0.09931030105043095,0.2761904761904762,0.10952380952380952,0.05238095238095238,1
2025-07-25,0.01904761904761905,0.12504723685651953,0.08138411026954201,0.23333333333333334,0.11428571428571428,0.01904761904761905,0
2025-07-28,0.03333333333333333,0.1721966113551302,0.10051106946694086,0.3952380952380952,0.12857142857142856,0.03333333333333333,1
2025-07-29,0.04739336492890995,0.19896841758189787,0.11254908604763365,0.4312796208530806,0.11848341232227488,0.04739336492890995,1
2025-07-30,0.052132701421800945,0.13714205095305806,0.09967086076391812,0.6113744075829384,0.18009478672985782,0.052132701421800945,1
2025-07-31,0.07075471698113207,0.18089427782808926,0.12138478973759793,0.7075471698113207,0.22169811320754718,0.07075471698113207,1
2025-08-01,0.05188679245283019,0.15119465374204136,0.1095640953965332,0.7641509433962265,0.25,0.05188679245283019,1
2025-08-04,0.03773584905660377,0.15393310296330787,0.10053654391595164,0.7075471698113207,0.1650943396226415,0.03773584905660377,1
2025-08-05,0.02358490566037736,0.1224525138527382,0.08753503773965235,0.5754716981132075,0.16037735849056603,0.02358490566037736,0
2025-08-06,0.014150943396226415,0.11067457116006038,0.07826953376427362,0.5849056603773585,0.12264150943396226,0.014150943396226415,0
2025-08-07,0.03773584905660377,0.12294845721042115,0.08146439841122594,0.4528301886792453,0.1179245283018868,0.03773584905660377,1
2025-08-08,0.107981220657277,0.16440185794131412,0.12579426044457878,0.6338028169014085,0.2347417840375587,0.107981220657277,2
2025-08-11,0.1267605633802817,0.19694753457491,0.14602169912043353,0.6666666666666666,0.2676056338028169,0.1267605633802817,2
2025-08-12,0.08450704225352113,0.2103326803924931,0.13761144543077233,0.6666666666666666,0.25821596244131456,0.08450704225352113,2
2025-08-13,0.09389671361502347,0.2480889686670918,0.15606789389373846,0.7089201877934272,0.2863849765258216,0.09389671361502347,2
2025-08-14,0.1308411214953271,0.26207594023416525,0.17162735591348977,0.8037383177570093,0.3364485981308411,0.1308411214953271,2
2025-08-15,0.10747663551401869,0.2556188536574141,0.16339458607114463,0.6869158878504673,0.2570093457943925,0.10747663551401869,2
2025-08-18,0.08411214953271028,0.21586838467760916,0.13822423421148178,0.6682242990654206,0.2102803738317757,0.08411214953271028,2
2025-08-19,0.09813084112149532,0.20248736571283613,0.13948236770924954,0.719626168224299,0.27102803738317754,0.09813084112149532,2
2025-08-20,0.05116279069767442,0.18043608894782875,0.1132277665400656,0.3674418604651163,0.14418604651162792,0.05116279069767442,1
2025-08-21,0.08837209302325581,0.2065099947948844,0.13722351626037843,0.4558139534883721,0.21395348837209302,0.08837209302325581,2
2025-08-22,0.08372093023255814,0.17457415944158475,0.12658919528535476,0.40930232558139534,0.20930232558139536,0.08372093023255814,2
2025-08-25,0.09767441860465116,0.19210855522306433,0.13614136085262438,0.4372093023255814,0.19069767441860466,0.09767441860465116,2
2025-08-26,0.07906976744186046,0.1977641241531872,0.12734422550928848,0.3023255813953488,0.14883720930232558,0.07906976744186046,1
2025-08-27,0.08372093023255814,0.2305735770830264,0.1422372327034481,0.32558139534883723,0.16744186046511628,0.08372093023255814,2
2025-08-28,0.046296296296296294,0.18476417202757453,0.11042037657846232,0.25925925925925924,0.12037037037037036,0.046296296296296294,1
2025-08-29,0.09722222222222222,0.21861843014272583,0.1466339590934363,0.33796296296296297,0.16666666666666666,0.09722222222222222,2
2025-09-01,0.05092592592592592,0.20713809947026257,0.11741755006469742,0.4166666666666667,0.12037037037037036,0.05092592592592592,1
2025-09-02,0.05092592592592592,0.18626586396637235,0.10637214735126777,0.39351851851851855,0.10648148148148148,0.05092592592592592,1
2025-09-03,0.05092592592592592,0.17850079899196536,0.11268840480619573,0.5324074074074074,0.1574074074074074,0.05092592592592592,1
2025-09-04,0.10185185185185185,0.1784816821017316,0.12938227431884075,0.7453703703703703,0.27314814814814814,0.10185185185185185,2
2025-09-05,0.05555555555555555,0.1331096273483918,0.09874271926624827,0.5,0.16203703703703703,0.05555555555555555,1
2025-09-08,0.046296296296296294,0.14426575062575508,0.09548574585302545,0.375,0.1388888888888889,0.046296296296296294,1
2025-09-09,0.09722222222222222,0.18637435392788404,0.1302803287249553,0.5370370370370371,0.21296296296296297,0.09722222222222222,2
2025-09-10,0.07407407407407407,0.20787004061619657,0.13403523113470728,0.5972222222222222,0.23148148148148148,0.07407407407407407,1
2025-09-11,0.046296296296296294,0.194176232682433,0.10815228175801316,0.2824074074074074,0.10648148148148148,0.046296296296296294,1
2025-09-12,0.037037037037037035,0.20140428556764445,0.1152051713376271,0.37962962962962965,0.14351851851851852,0.037037037037037035,1
2025-09-15,0.06481481481481481,0.1669201249601286,0.10832271743819107,0.3333333333333333,0.12037037037037036,0.06481481481481481,1
2025-09-16,0.023148148148148147,0.16419362772969465,0.08064939232978367,0.22685185185185186,0.05092592592592592,0.023148148148148147,0
2025-09-17,0.037209302325581395,0.15265145157323387,0.09319142261152517,0.2837209302325581,0.10232558139534884,0.037209302325581395,1
2025-09-18,0.05116279069767442,0.15642365127340394,0.09682076806744962,0.3674418604651163,0.13488372093023257,0.05116279069767442,1
2025-09-19,0.037209302325581395,0.14048610982087337,0.0823063399836521,0.33488372093023255,0.08837209302325581,0.037209302325581395,1
2025-09-22,0.05116279069767442,0.1629558240317175,0.09679207765632275,0.39069767441860465,0.10232558139534884,0.05116279069767442,1
2025-09-23,0.09302325581395349,0.2255947704802354,0.1459762813099404,0.5906976744186047,0.2186046511627907,0.09302325581395349,2
2025-09-24,0.09302325581395349,0.241606808564966,0.15755509865695352,0.4325581395348837,0.2,0.09302325581395349,2
2025-09-25,0.046511627906976744,0.18582848912476882,0.11291879521809442,0.2930232558139535,0.12558139534883722,0.046511627906976744,1
2025-09-26,0.11162790697674418,0.25911783043800035,0.17210901316581453,0.4883720930232558,0.2186046511627907,0.11162790697674418,2
2025-09-29,0.06046511627906977,0.2235331970092753,0.12453819197828236,0.4046511627906977,0.13023255813953488,0.06046511627906977,1
2025-09-30,0.032407407407407406,0.15201961464178623,0.09359864756448871,0.36574074074074076,0.13425925925925927,0.032407407407407406,0
2025-10-09,0.032407407407407406,0.12828792373680736,0.0801146336119415,0.2916666666666667,0.08796296296296297,0.032407407407407406,1
2025-10-10,0.05555555555555555,0.16195543090008144,0.10408148562016824,0.4166666666666667,0.12037037037037036,0.05555555555555555,1
2025-10-13,0.023148148148148147,0.11010048775867891,0.06438907981007391,0.26851851851851855,0.06481481481481481,0.023148148148148147,0
2025-10-14,0.041666666666666664,0.12989577688035112,0.08848423818770493,0.38425925925925924,0.13425925925925927,0.041666666666666664,1
2025-10-15,0.037037037037037035,0.12569394898759548,0.0803614576261738,0.2777777777777778,0.10648148148148148,0.037037037037037035,1
2025-10-16,0.046296296296296294,0.15691203059442954,0.09674883978596527,0.35185185185185186,0.10648148148148148,0.046296296296296294,1
2025-10-17,0.041666666666666664,0.15156483716799274,0.104883674302874,0.6944444444444444,0.23148148148148148,0.041666666666666664,1
2025-10-20,0.06511627906976744,0.15722506952455148,0.10868954946193735,0.7441860465116279,0.1813953488372093,0.06511627906976744,1
2025-10-21,0.09302325581395349,0.18367998164414506,0.12962867101947548,0.627906976744186,0.17674418604651163,0.09302325581395349,2
2025-10-22,0.11162790697674418,0.19913503800261034,0.14503989787241886,0.7116279069767442,0.33488372093023255,0.11162790697674418,2
2025-10-23,0.09302325581395349,0.21135306597711556,0.13858200112160368,0.5581395348837209,0.21395348837209302,0.09302325581395349,2
2025-10-24,0.07441860465116279,0.24643002643853215,0.1462212066126819,0.5116279069767442,0.18604651162790697,0.07441860465116279,1
2025-10-27,0.06046511627906977,0.19005999145981747,0.11889667002510201,0.4883720930232558,0.18604651162790697,0.06046511627906977,1
2025-10-28,0.03255813953488372,0.12755775007524567,0.07740801390844813,0.3488372093023256,0.08837209302325581,0.03255813953488372,0
2025-10-29,0.05581395348837209,0.1779565560803393,0.10530812490952655,0.3581395348837209,0.12093023255813953,0.05581395348837209,1
2025-10-30,0.06976744186046512,0.1843309337408776,0.12133072059138257,0.4744186046511628,0.15813953488372093,0.06976744186046512,1
2025-10-31,0.05581395348837209,0.22331312561620598,0.13305969220846905,0.4232558139534884,0.16744186046511628,0.05581395348837209,1
2025-11-03,0.05555555555555555,0.1811361209761053,0.11373840569497896,0.49537037037037035,0.1527777777777778,0.05555555555555555,1
2025-11-04,0.08796296296296297,0.22882916634305114,0.14970778772651855,0.6296296296296297,0.25925925925925924,0.08796296296296297,2
2025-11-05,0.07407407407407407,0.19179788175566667,0.12102806802518452,0.39814814814814814,0.1388888888888889,0.07407407407407407,1
2025-11-06,0.041666666666666664,0.15731747631085555,0.10123173151422088,0.41203703703703703,0.1388888888888889,0.041666666666666664,1
2025-11-07,0.05069124423963134,0.13013913462457394,0.08944966262370832,0.4009216589861751,0.1336405529953917,0.05069124423963134,1
2025-11-10,0.041474654377880185,0.12521441164509697,0.08640446677729112,0.3271889400921659,0.11981566820276497,0.041474654377880185,1
2025-11-11,0.03225806451612903,0.10244404770160749,0.06380876158872087,0.2304147465437788,0.07834101382488479,0.03225806451612903,0
2025-11-12,0.018433179723502304,0.10628807072028143,0.07202435035911887,0.28110599078341014,0.0967741935483871,0.018433179723502304,0
2025-11-13,0.009216589861751152,0.07774957172144442,0.03660051002539968,0.12903225806451613,0.04608294930875576,0.009216589861751152,0
2025-11-14,0.004608294930875576,0.0632357057032226,0.024211870917239062,0.08755760368663594,0.027649769585253458,0.004608294930875576,0
2025-11-17,0.018433179723502304,0.0925885025470302,0.04017691746668651,0.10599078341013825,0.03686635944700461,0.018433179723502304,0
2025-11-18,0.018433179723502304,0.10083483200639086,0.05245099920466216,0.1889400921658986,0.055299539170506916,0.018433179723502304,0
2025-11-19,0.009174311926605505,0.08044165210950521,0.0467142500822587,0.17889908256880735,0.04128440366972477,0.009174311926605505,0
2025-11-20,0.018433179723502304,0.09948039159089463,0.06555698725961553,0.33640552995391704,0.08294930875576037,0.018433179723502304,0
2025-11-21,0.06912442396313365,0.17390460316486292,0.12007438721215323,0.7373271889400922,0.2119815668202765,0.06912442396313365,1
2025-11-24,0.055299539170506916,0.17356466313709357,0.1080112291936651,0.7465437788018433,0.14285714285714285,0.055299539170506916,1
2025-11-25,0.04608294930875576,0.15378390977780543,0.09393045387089717,0.543778801843318,0.10599078341013825,0.04608294930875576,1
2025-11-26,0.03225806451612903,0.13609402533288062,0.08966127015429332,0.48847926267281105,0.12442396313364056,0.03225806451612903,0
2025-11-27,0.009216589861751152,0.0823906681294286,0.05520123109715788,0.4009216589861751,0.06912442396313365,0.009216589861751152,0
2025-11-28,0.03686635944700461,0.1219118636760396,0.08136165052271156,0.4792626728110599,0.1152073732718894,0.03686635944700461,1
2025-12-01,0.027649769585253458,0.1146578201547383,0.07981671764260842,0.4055299539170507,0.11981566820276497,0.027649769585253458,0
2025-12-02,0.027522935779816515,0.13051905963597174,0.0880460463056601,0.40825688073394495,0.11926605504587157,0.027522935779816515,0
2025-12-03,0.05963302752293578,0.18497437290181604,0.11872807630486334,0.518348623853211,0.1651376146788991,0.05963302752293578,1
2025-12-04,0.05045871559633028,0.15157172332724264,0.09753977645943353,0.48623853211009177,0.12844036697247707,0.05045871559633028,1
2025-12-05,0.022935779816513763,0.13174975207934733,0.0817142628758887,0.3256880733944954,0.10091743119266056,0.022935779816513763,0
2025-12-08,0.022935779816513763,0.11216637401831231,0.0697814419569001,0.3211009174311927,0.0871559633027523,0.022935779816513763,0
2025-12-09,0.027522935779816515,0.12340201091665413,0.07115802820468632,0.3302752293577982,0.05963302752293578,0.027522935779816515,0
2025-12-10,0.022935779816513763,0.12502214852331892,0.07500338538889197,0.3119266055045872,0.07339449541284404,0.022935779816513763,0
2025-12-11,0.009174311926605505,0.09792821114504341,0.06467767919113443,0.38990825688073394,0.08256880733944955,0.009174311926605505,0
2025-12-12,0.045871559633027525,0.14365475361084779,0.10117781741198133,0.48623853211009177,0.16055045871559634,0.045871559633027525,1
2025-12-15,0.03669724770642202,0.12149240562155353,0.08448830208955121,0.6605504587155964,0.13302752293577982,0.03669724770642202,1
2025-12-16,0.06880733944954129,0.16339027002354808,0.11583639628390709,0.7110091743119266,0.22018348623853212,0.06880733944954129,1
2025-12-17,0.07339449541284404,0.14456572091215286,0.10974199659907277,0.7385321100917431,0.23853211009174313,0.07339449541284404,1
2025-12-18,0.0547945205479452,0.19176413341974577,0.12296566721929447,0.7671232876712328,0.2557077625570776,0.0547945205479452,1
2025-12-19,0.0547945205479452,0.17193786272205908,0.11146661436270852,0.6073059360730594,0.1917808219178082,0.0547945205479452,1
2025-12-22,0.0410958904109589,0.12064158179650929,0.08770699670008274,0.4611872146118721,0.1278538812785388,0.0410958904109589,1
2025-12-23,0.0684931506849315,0.1756583211833391,0.11917886222780631,0.6210045662100456,0.1917808219178082,0.0684931506849315,1
2025-12-24,0.0639269406392694,0.20054473623656,0.12374562884947041,0.4931506849315068,0.1780821917808219,0.0639269406392694,1
2025-12-25,0.03636363636363636,0.1885138198827958,0.11443755916451272,0.6045454545454545,0.15,0.03636363636363636,1
2025-12-26,0.06363636363636363,0.2490153289124678,0.14341002992513252,0.7363636363636363,0.20454545454545456,0.06363636363636363,1
2025-12-29,0.09545454545454546,0.22053134701985802,0.14770775713046577,0.7727272727272727,0.2863636363636364,0.09545454545454546,2
2025-12-30,0.09090909090909091,0.18768325482948792,0.130342311394395,0.7681818181818182,0.2727272727272727,0.09090909090909091,2
2025-12-31,0.1409090909090909,0.21097687789305777,0.15427061832475542,0.8181818181818182,0.38181818181818183,0.1409090909090909,2
2026-01-05,0.16363636363636364,0.2405335276460154,0.1708424712211981,0.7909090909090909,0.36818181818181817,0.16363636363636364,2
2026-01-06,0.08636363636363636,0.1979754548902908,0.135718927649438,0.6272727272727273,0.22727272727272727,0.08636363636363636,2
2026-01-07,0.08181818181818182,0.21315122370700898,0.14097915865155183,0.6363636363636364,0.24545454545454545,0.08181818181818182,1
2026-01-08,0.10454545454545454,0.24413669551129713,0.1552310274370038,0.6636363636363637,0.22727272727272727,0.10454545454545454,2
2026-01-09,0.03636363636363636,0.13647382522145737,0.09119836018405625,0.5045454545454545,0.13636363636363635,0.03636363636363636,1
2026-01-12,0.08181818181818182,0.15496079240180058,0.11745592637924689,0.4681818181818182,0.16363636363636364,0.08181818181818182,1
2026-01-13,0.06818181818181818,0.2102327780982297,0.1304564900419978,0.4772727272727273,0.15,0.06818181818181818,1
2026-01-14,0.11818181818181818,0.20363778899272333,0.14746706852680608,0.5954545454545455,0.2545454545454545,0.11818181818181818,2
2026-01-15,0.09954751131221719,0.18040824728663804,0.13087537900353416,0.5203619909502263,0.23529411764705882,0.09954751131221719,2
2026-01-16,0.05855855855855856,0.200611390133725,0.13032090678882713,0.6576576576576577,0.22972972972972974,0.05855855855855856,1
2026-01-19,0.06306306306306306,0.17832450103055755,0.1174576018288556,0.36936936936936937,0.13513513513513514,0.06306306306306306,1
2026-01-20,0.07657657657657657,0.20595911882354168,0.13422607178622684,0.5135135135135135,0.1981981981981982,0.07657657657657657,1
2026-01-21,0.08071748878923767,0.29703916807293324,0.17252775604486825,0.29596412556053814,0.13901345291479822,0.08071748878923767,1
2026-01-22,0.03587443946188341,0.13033608822548645,0.0744411259525993,0.19730941704035873,0.07623318385650224,0.03587443946188341,1
2026-01-23,0.004484304932735426,0.07813982268737436,0.04003712375877502,0.13004484304932734,0.04932735426008968,0.004484304932735426,0
2026-01-26,0.026905829596412557,0.10619398513065549,0.057206270676314466,0.16143497757847533,0.05829596412556054,0.026905829596412557,0
2026-01-27,0.02242152466367713,0.13819045662830806,0.07002440928581298,0.2062780269058296,0.04932735426008968,0.02242152466367713,0
2026-01-28,0.026905829596412557,0.14462043410616615,0.08065025572528893,0.30493273542600896,0.07623318385650224,0.026905829596412557,0
2026-01-29,0.04484304932735426,0.12735579588885682,0.07577236898804532,0.33183856502242154,0.08520179372197309,0.04484304932735426,1
2026-01-30,0.04484304932735426,0.15097760533064447,0.10129093353826829,0.5022421524663677,0.13004484304932734,0.04484304932735426,1
2026-02-02,0.06278026905829596,0.1354803030461927,0.09845867523353243,0.7130044843049327,0.13004484304932734,0.06278026905829596,1
2026-02-03,0.026785714285714284,0.1096555173844127,0.07441127105468688,0.5446428571428571,0.09375,0.026785714285714284,0
2026-02-04,0.03571428571428571,0.1692094328596858,0.1012017454909994,0.5714285714285714,0.08482142857142858,0.03571428571428571,1
2026-02-05,0.044642857142857144,0.1733125265603147,0.11101553488496668,0.6607142857142857,0.19196428571428573,0.044642857142857144,1
2026-02-06,0.05357142857142857,0.17114828107374833,0.10583030145943718,0.48660714285714285,0.12053571428571429,0.05357142857142857,1
2026-02-09,0.05357142857142857,0.16059806962699277,0.103985218823943,0.5267857142857143,0.11607142857142858,0.05357142857142857,1
2026-02-10,0.07142857142857142,0.16458628525234806,0.1150520432566782,0.5982142857142857,0.19642857142857142,0.07142857142857142,1
2026-02-11,0.05803571428571429,0.14070758258327115,0.10552364007182698,0.53125,0.16964285714285715,0.05803571428571429,1
2026-02-12,0.10714285714285714,0.19398566346839732,0.14234570921332104,0.48214285714285715,0.19196428571428573,0.10714285714285714,2
2026-02-13,0.08928571428571429,0.1891167795068973,0.13270529876693,0.36607142857142855,0.16517857142857142,0.08928571428571429,2
2026-02-24,0.03139013452914798,0.11302315701321008,0.056483847094776905,0.13901345291479822,0.06278026905829596,0.03139013452914798,0
2026-02-25,0.053811659192825115,0.16821056352780667,0.0927649696501449,0.18834080717488788,0.08520179372197309,0.053811659192825115,1
2026-02-26,0.03139013452914798,0.1050971058652391,0.05600975153843771,0.17040358744394618,0.05829596412556054,0.03139013452914798,0
2026-02-27,0.03587443946188341,0.11895614149278452,0.0714080346912477,0.18834080717488788,0.07174887892376682,0.03587443946188341,1
2026-03-02,0.03139013452914798,0.12392978535702132,0.0731523451970715,0.23318385650224216,0.06726457399103139,0.03139013452914798,0
2026-03-03,0.08520179372197309,0.1735507548933555,0.12891502561198237,0.7757847533632287,0.3094170403587444,0.08520179372197309,2
2026-03-04,0.053811659192825115,0.1371675606629675,0.09871349291123897,0.5739910313901345,0.15246636771300448,0.053811659192825115,1
2026-03-05,0.04017857142857143,0.1351178057198558,0.09766897132062301,0.5401785714285714,0.16964285714285715,0.04017857142857143,1
2026-03-06,0.026785714285714284,0.1308483789801726,0.08862964554236719,0.45535714285714285,0.125,0.026785714285714284,0
2026-03-09,0.02666666666666667,0.11064354766346213,0.07407964945296226,0.4088888888888889,0.09333333333333334,0.02666666666666667,0
2026-03-10,0.008888888888888889,0.07933423124833779,0.04519918981309961,0.18666666666666668,0.044444444444444446,0.008888888888888889,0
2026-03-11,0.013333333333333334,0.07751648228125442,0.045716974483601236,0.17777777777777778,0.04888888888888889,0.013333333333333334,0
2026-03-12,0.017777777777777778,0.08984240877817003,0.05364742741827324,0.1688888888888889,0.05333333333333334,0.017777777777777778,0
2026-03-13,0.013333333333333334,0.0611507179102729,0.022161836044316666,0.08444444444444445,0.022222222222222223,0.013333333333333334,0
2026-03-16,0.008888888888888889,0.060179254322649776,0.010955442393757724,0.07111111111111111,0.02666666666666667,0.008888888888888889,0
2026-03-17,0.017777777777777778,0.08319505762537974,0.03689097311170538,0.10666666666666667,0.03111111111111111,0.017777777777777778,0
2026-03-18,0.022123893805309734,0.10036149045290993,0.052937022774373024,0.13274336283185842,0.05309734513274336,0.022123893805309734,0
2026-03-19,0.017699115044247787,0.10623511374907146,0.05424494358021408,0.11061946902654868,0.05309734513274336,0.017699115044247787,0
2026-03-20,0.061946902654867256,0.17583504119818436,0.11710354795169381,0.3938053097345133,0.1415929203539823,0.061946902654867256,1
2026-03-23,0.08849557522123894,0.18085335415094317,0.13079302294886813,0.668141592920354,0.2831858407079646,0.08849557522123894,2
2026-03-24,0.04424778761061947,0.1498208731630155,0.10672334767649343,0.5929203539823009,0.16371681415929204,0.04424778761061947,1
2026-03-25,0.06637168141592921,0.17746336330022847,0.11803587056058537,0.4646017699115044,0.12831858407079647,0.06637168141592921,1
2026-03-26,0.07964601769911504,0.18441467692420818,0.12788345958088432,0.6371681415929203,0.19911504424778761,0.07964601769911504,1
2026-03-27,0.03982300884955752,0.132995583310772,0.0877911538446229,0.35398230088495575,0.09734513274336283,0.03982300884955752,1
2026-03-30,0.022123893805309734,0.12077272980292779,0.07848191736816938,0.45132743362831856,0.08849557522123894,0.022123893805309734,0
2026-03-31,0.022026431718061675,0.1171923425997904,0.07937955593057397,0.5374449339207048,0.10572687224669604,0.022026431718061675,0
2026-04-01,0.06167400881057269,0.15490809051757262,0.1102795508941911,0.5814977973568282,0.19823788546255505,0.06167400881057269,1
2026-04-02,0.0881057268722467,0.1619812264356442,0.12718779389205354,0.6607929515418502,0.2555066079295154,0.0881057268722467,2
2026-04-03,0.21145374449339208,0.24786867509286523,0.18032233734152603,0.8105726872246696,0.5110132158590308,0.21145374449339208,2
2026-04-07,0.1013215859030837,0.20540771483249162,0.1453470703041712,0.7268722466960352,0.32599118942731276,0.1013215859030837,2
2026-04-08,0.05286343612334802,0.1417581654358555,0.10273840472134567,0.6563876651982379,0.20704845814977973,0.05286343612334802,1
2026-04-09,0.06167400881057269,0.16047211107664117,0.10850444920647054,0.7092511013215859,0.18061674008810572,0.06167400881057269,1
2026-04-10,0.07929515418502203,0.192599924611241,0.13574704909656132,0.7312775330396476,0.29515418502202645,0.07929515418502203,1
2026-04-13,0.09251101321585903,0.19326508657340521,0.13827600442490756,0.6387665198237885,0.21585903083700442,0.09251101321585903,2
2026-04-14,0.06607929515418502,0.1777732125790049,0.12117216650230346,0.5506607929515418,0.18061674008810572,0.06607929515418502,1
2026-04-15,0.11894273127753303,0.24236908973085097,0.1652520056987288,0.6431718061674009,0.27312775330396477,0.11894273127753303,2
2026-04-16,0.08333333333333333,0.19408997213047718,0.1331910535312617,0.4298245614035088,0.17543859649122806,0.08333333333333333,2
2026-04-17,0.05701754385964912,0.1656639008429384,0.10921970206598261,0.36403508771929827,0.14035087719298245,0.05701754385964912,1
2026-04-20,0.07017543859649122,0.1549568708393901,0.11228566429610627,0.3508771929824561,0.16228070175438597,0.07017543859649122,1
2026-04-21,0.03070175438596491,0.13519062206540608,0.09235727936482502,0.31140350877192985,0.11403508771929824,0.03070175438596491,0
2026-04-22,0.030837004405286344,0.14669863910519823,0.1023750365042417,0.33480176211453744,0.14096916299559473,0.030837004405286344,0
2026-04-23,0.07964601769911504,0.17874800292457826,0.12832491949208455,0.4911504424778761,0.19911504424778761,0.07964601769911504,1
2026-04-24,0.09649122807017543,0.21607515878082353,0.1493029086351646,0.6096491228070176,0.2236842105263158,0.09649122807017543,2
2026-04-27,0.11403508771929824,0.22182161650715126,0.15463912910063726,0.6798245614035088,0.2631578947368421,0.11403508771929824,2
2026-04-28,0.2643171806167401,0.2600936076270719,0.1996883266209813,0.8149779735682819,0.5286343612334802,0.2643171806167401,2
2026-04-29,0.2236842105263158,0.2793206240424561,0.21259664704245035,0.7543859649122807,0.4868421052631579,0.2236842105263158,2
2026-04-30,0.14035087719298245,0.24466761362480202,0.17984212855227177,0.6403508771929824,0.2894736842105263,0.14035087719298245,2
2026-05-06,0.11403508771929824,0.19934040805501738,0.14730296664544779,0.6140350877192983,0.2894736842105263,0.11403508771929824,2
2026-05-07,0.06578947368421052,0.1801201524604104,0.1220949073176662,0.35964912280701755,0.16228070175438597,0.06578947368421052,1
2026-05-08,0.03508771929824561,0.15066802360189266,0.0849398621715813,0.22807017543859648,0.08333333333333333,0.03508771929824561,1
2026-05-11,0.03070175438596491,0.15837581936538478,0.0876374633259346,0.18859649122807018,0.08333333333333333,0.03070175438596491,0
2026-05-12,0.04824561403508772,0.16306656622903484,0.10196424982750749,0.31140350877192985,0.11403508771929824,0.04824561403508772,1
2026-05-13,0.03508771929824561,0.13465314139755175,0.0786818490033357,0.25877192982456143,0.07017543859649122,0.03508771929824561,1
2026-05-14,0.039473684210526314,0.13180559903592734,0.08818218409595727,0.2324561403508772,0.10526315789473684,0.039473684210526314,1
2026-05-15,0.07894736842105263,0.1836663778880142,0.12444452122602971,0.3201754385964912,0.15789473684210525,0.07894736842105263,1
2026-05-18,0.07456140350877193,0.20645967233086382,0.13092335105103844,0.31140350877192985,0.12719298245614036,0.07456140350877193,1
2026-05-19,0.0,,,0.0,0.0,0.0,0
2026-05-20,0.0,,,0.0,0.0,0.0,0
2026-05-21,0.0,,,0.0,0.0,0.0,0
2026-05-22,0.0,,,0.0,0.0,0.0,0
2026-05-25,0.0,,,0.0,0.0,0.0,0
2026-05-26,0.0,,,0.0,0.0,0.0,0
